  0
SECTION
  2
HEADER
  9
$ACADVER
  1
AC1032
  9
$ACADMAINTVER
 90
      197
  9
$DWGCODEPAGE
  3
ANSI_1252
  9
$LASTSAVEDBY
  1
CICC_2024
  9
$REQUIREDVERSIONS
160
                 0
  9
$INSBASE
 10
0.0
 20
0.0
 30
0.0
  9
$EXTMIN
 10
418.1046207198524
 20
539.0286666801475
 30
0.0
  9
$EXTMAX
 10
11184.94450524888
 20
15791.69474808305
 30
0.0000000001558245
  9
$LIMMIN
 10
0.0
 20
0.0
  9
$LIMMAX
 10
420.0
 20
297.0
  9
$ORTHOMODE
 70
     1
  9
$REGENMODE
 70
     1
  9
$FILLMODE
 70
     1
  9
$QTEXTMODE
 70
     0
  9
$MIRRTEXT
 70
     0
  9
$LTSCALE
 40
1.0
  9
$ATTMODE
 70
     1
  9
$TEXTSIZE
 40
2.5
  9
$TRACEWID
 40
1.0
  9
$TEXTSTYLE
  7
Standard
  9
$CLAYER
  8
0
  9
$CELTYPE
  6
ByLayer
  9
$CECOLOR
 62
   256
  9
$CELTSCALE
 40
1.0
  9
$DISPSILH
 70
     0
  9
$DIMSCALE
 40
1.0
  9
$DIMASZ
 40
80.0
  9
$DIMEXO
 40
80.0
  9
$DIMDLI
 40
80.0
  9
$DIMRND
 40
0.0
  9
$DIMDLE
 40
80.0
  9
$DIMEXE
 40
80.0
  9
$DIMTP
 40
0.0
  9
$DIMTM
 40
0.0
  9
$DIMTXT
 40
100.0
  9
$DIMCEN
 40
0.09
  9
$DIMTSZ
 40
0.0
  9
$DIMTOL
 70
     0
  9
$DIMLIM
 70
     0
  9
$DIMTIH
 70
     0
  9
$DIMTOH
 70
     0
  9
$DIMSE1
 70
     0
  9
$DIMSE2
 70
     0
  9
$DIMTAD
 70
     1
  9
$DIMZIN
 70
     0
  9
$DIMBLK
  1
ArchTick
  9
$DIMASO
 70
     1
  9
$DIMSHO
 70
     1
  9
$DIMPOST
  1

  9
$DIMAPOST
  1

  9
$DIMALT
 70
     0
  9
$DIMALTD
 70
     2
  9
$DIMALTF
 40
25.4
  9
$DIMLFAC
 40
1.0
  9
$DIMTOFL
 70
     0
  9
$DIMTVP
 40
0.0
  9
$DIMTIX
 70
     0
  9
$DIMSOXD
 70
     0
  9
$DIMSAH
 70
     0
  9
$DIMBLK1
  1

  9
$DIMBLK2
  1

  9
$DIMSTYLE
  2
2
  9
$DIMCLRD
 70
   253
  9
$DIMCLRE
 70
   253
  9
$DIMCLRT
 70
     1
  9
$DIMTFAC
 40
1.0
  9
$DIMGAP
 40
20.0
  9
$DIMJUST
 70
     0
  9
$DIMSD1
 70
     0
  9
$DIMSD2
 70
     0
  9
$DIMTOLJ
 70
     1
  9
$DIMTZIN
 70
     0
  9
$DIMALTZ
 70
     0
  9
$DIMALTTZ
 70
     0
  9
$DIMUPT
 70
     0
  9
$DIMDEC
 70
     0
  9
$DIMTDEC
 70
     0
  9
$DIMALTU
 70
     2
  9
$DIMALTTD
 70
     2
  9
$DIMTXSTY
  7
Standard
  9
$DIMAUNIT
 70
     0
  9
$DIMADEC
 70
     0
  9
$DIMALTRND
 40
0.0
  9
$DIMAZIN
 70
     0
  9
$DIMDSEP
 70
    46
  9
$DIMATFIT
 70
     3
  9
$DIMFRAC
 70
     0
  9
$DIMLDRBLK
  1

  9
$DIMLUNIT
 70
     2
  9
$DIMLWD
 70
    -2
  9
$DIMLWE
 70
    -2
  9
$DIMTMOVE
 70
     0
  9
$DIMFXL
 40
1.0
  9
$DIMFXLON
 70
     0
  9
$DIMJOGANG
 40
0.7853981633974483
  9
$DIMTFILL
 70
     0
  9
$DIMTFILLCLR
 70
     0
  9
$DIMARCSYM
 70
     0
  9
$DIMLTYPE
  6

  9
$DIMLTEX1
  6

  9
$DIMLTEX2
  6

  9
$DIMTXTDIRECTION
 70
     0
  9
$LUNITS
 70
     2
  9
$LUPREC
 70
     2
  9
$SKETCHINC
 40
1.0
  9
$FILLETRAD
 40
0.0
  9
$AUNITS
 70
     0
  9
$AUPREC
 70
     0
  9
$MENU
  1
.
  9
$ELEVATION
 40
0.0
  9
$PELEVATION
 40
0.0
  9
$THICKNESS
 40
0.0
  9
$LIMCHECK
 70
     0
  9
$CHAMFERA
 40
0.0
  9
$CHAMFERB
 40
0.0
  9
$CHAMFERC
 40
0.0
  9
$CHAMFERD
 40
0.0
  9
$SKPOLY
 70
     0
  9
$TDCREATE
 40
2461200.318506945
  9
$TDUCREATE
 40
2461199.985173611
  9
$TDUPDATE
 40
2461201.833136574
  9
$TDUUPDATE
 40
2461201.499803241
  9
$TDINDWG
 40
0.3103356481
  9
$TDUSRTIMER
 40
0.3103356481
  9
$USRTIMER
 70
     1
  9
$ANGBASE
 50
0.0
  9
$ANGDIR
 70
     0
  9
$PDMODE
 70
     0
  9
$PDSIZE
 40
0.0
  9
$PLINEWID
 40
0.0
  9
$SPLFRAME
 70
     0
  9
$SPLINETYPE
 70
     6
  9
$SPLINESEGS
 70
     8
  9
$HANDSEED
  5
208C
  9
$SURFTAB1
 70
     6
  9
$SURFTAB2
 70
     6
  9
$SURFTYPE
 70
     6
  9
$SURFU
 70
     6
  9
$SURFV
 70
     6
  9
$UCSBASE
  2

  9
$UCSNAME
  2

  9
$UCSORG
 10
0.0
 20
0.0
 30
0.0
  9
$UCSXDIR
 10
1.0
 20
0.0
 30
0.0
  9
$UCSYDIR
 10
0.0
 20
1.0
 30
0.0
  9
$UCSORTHOREF
  2

  9
$UCSORTHOVIEW
 70
     0
  9
$UCSORGTOP
 10
0.0
 20
0.0
 30
0.0
  9
$UCSORGBOTTOM
 10
0.0
 20
0.0
 30
0.0
  9
$UCSORGLEFT
 10
0.0
 20
0.0
 30
0.0
  9
$UCSORGRIGHT
 10
0.0
 20
0.0
 30
0.0
  9
$UCSORGFRONT
 10
0.0
 20
0.0
 30
0.0
  9
$UCSORGBACK
 10
0.0
 20
0.0
 30
0.0
  9
$PUCSBASE
  2

  9
$PUCSNAME
  2

  9
$PUCSORG
 10
0.0
 20
0.0
 30
0.0
  9
$PUCSXDIR
 10
1.0
 20
0.0
 30
0.0
  9
$PUCSYDIR
 10
0.0
 20
1.0
 30
0.0
  9
$PUCSORTHOREF
  2

  9
$PUCSORTHOVIEW
 70
     0
  9
$PUCSORGTOP
 10
0.0
 20
0.0
 30
0.0
  9
$PUCSORGBOTTOM
 10
0.0
 20
0.0
 30
0.0
  9
$PUCSORGLEFT
 10
0.0
 20
0.0
 30
0.0
  9
$PUCSORGRIGHT
 10
0.0
 20
0.0
 30
0.0
  9
$PUCSORGFRONT
 10
0.0
 20
0.0
 30
0.0
  9
$PUCSORGBACK
 10
0.0
 20
0.0
 30
0.0
  9
$USERI1
 70
     0
  9
$USERI2
 70
     0
  9
$USERI3
 70
     0
  9
$USERI4
 70
     0
  9
$USERI5
 70
     0
  9
$USERR1
 40
0.0
  9
$USERR2
 40
0.0
  9
$USERR3
 40
0.0
  9
$USERR4
 40
0.0
  9
$USERR5
 40
0.0
  9
$WORLDVIEW
 70
     1
  9
$SHADEDGE
 70
     3
  9
$SHADEDIF
 70
    70
  9
$TILEMODE
 70
     1
  9
$MAXACTVP
 70
    64
  9
$PINSBASE
 10
0.0
 20
0.0
 30
0.0
  9
$PLIMCHECK
 70
     0
  9
$PEXTMIN
 10
0.0
 20
0.0
 30
0.0
  9
$PEXTMAX
 10
0.0
 20
0.0
 30
0.0
  9
$PLIMMIN
 10
0.0
 20
0.0
  9
$PLIMMAX
 10
12.0
 20
9.0
  9
$UNITMODE
 70
     0
  9
$VISRETAIN
 70
     1
  9
$PLINEGEN
 70
     0
  9
$PSLTSCALE
 70
     1
  9
$TREEDEPTH
 70
  3020
  9
$CMLSTYLE
  2
Standard
  9
$CMLJUST
 70
     0
  9
$CMLSCALE
 40
20.0
  9
$PROXYGRAPHICS
 70
     1
  9
$MEASUREMENT
 70
     1
  9
$CELWEIGHT
370
    -1
  9
$ENDCAPS
280
     0
  9
$JOINSTYLE
280
     0
  9
$LWDISPLAY
290
     0
  9
$INSUNITS
 70
     4
  9
$HYPERLINKBASE
  1

  9
$STYLESHEET
  1

  9
$XEDIT
290
     1
  9
$CEPSNTYPE
380
     0
  9
$PSTYLEMODE
290
     1
  9
$FINGERPRINTGUID
  2
{D9537BD0-3B1A-764A-AE3F-8E33AC8FF569}
  9
$VERSIONGUID
  2
{A47790A3-7A85-1748-9557-F5A36978230B}
  9
$EXTNAMES
290
     1
  9
$PSVPSCALE
 40
0.0
  9
$OLESTARTUP
290
     0
  9
$SORTENTS
280
   127
  9
$INDEXCTL
280
     0
  9
$HIDETEXT
280
     1
  9
$XCLIPFRAME
280
     2
  9
$HALOGAP
280
     0
  9
$OBSCOLOR
 70
   257
  9
$OBSLTYPE
280
     0
  9
$INTERSECTIONDISPLAY
280
     0
  9
$INTERSECTIONCOLOR
 70
   257
  9
$DIMASSOC
280
     2
  9
$PROJECTNAME
  1

  9
$CAMERADISPLAY
290
     0
  9
$LENSLENGTH
 40
50.0
  9
$CAMERAHEIGHT
 40
0.0
  9
$STEPSPERSEC
 40
2.0
  9
$STEPSIZE
 40
6.0
  9
$3DDWFPREC
 40
2.0
  9
$PSOLWIDTH
 40
5.0
  9
$PSOLHEIGHT
 40
80.0
  9
$LOFTANG1
 40
1.570796326794896
  9
$LOFTANG2
 40
1.570796326794896
  9
$LOFTMAG1
 40
0.0
  9
$LOFTMAG2
 40
0.0
  9
$LOFTPARAM
 70
     7
  9
$LOFTNORMALS
280
     1
  9
$LATITUDE
 40
37.795
  9
$LONGITUDE
 40
-122.394
  9
$NORTHDIRECTION
 40
0.0
  9
$TIMEZONE
 70
 -8000
  9
$LIGHTGLYPHDISPLAY
280
     1
  9
$TILEMODELIGHTSYNCH
280
     1
  9
$CMATERIAL
347
EC
  9
$SOLIDHIST
280
     0
  9
$SHOWHIST
280
     1
  9
$DWFFRAME
280
     2
  9
$DGNFRAME
280
     0
  9
$REALWORLDSCALE
290
     1
  9
$INTERFERECOLOR
 62
     1
  9
$INTERFEREOBJVS
345
F9
  9
$INTERFEREVPVS
346
F6
  9
$CSHADOW
280
     0
  9
$SHADOWPLANELOCATION
 40
0.0
  0
ENDSEC
  0
SECTION
  2
CLASSES
  0
CLASS
  1
ACDBDICTIONARYWDFLT
  2
AcDbDictionaryWithDefault
  3
ObjectDBX Classes
 90
        0
 91
        1
280
     0
281
     0
  0
CLASS
  1
DICTIONARYVAR
  2
AcDbDictionaryVar
  3
ObjectDBX Classes
 90
        0
 91
       13
280
     0
281
     0
  0
CLASS
  1
TABLESTYLE
  2
AcDbTableStyle
  3
ObjectDBX Classes
 90
     4095
 91
        1
280
     0
281
     0
  0
CLASS
  1
MATERIAL
  2
AcDbMaterial
  3
ObjectDBX Classes
 90
     1153
 91
        3
280
     0
281
     0
  0
CLASS
  1
VISUALSTYLE
  2
AcDbVisualStyle
  3
ObjectDBX Classes
 90
     4095
 91
       24
280
     0
281
     0
  0
CLASS
  1
SCALE
  2
AcDbScale
  3
ObjectDBX Classes
 90
     1153
 91
       17
280
     0
281
     0
  0
CLASS
  1
MLEADERSTYLE
  2
AcDbMLeaderStyle
  3
ACDB_MLEADERSTYLE_CLASS
 90
     4095
 91
        1
280
     0
281
     0
  0
CLASS
  1
CELLSTYLEMAP
  2
AcDbCellStyleMap
  3
ObjectDBX Classes
 90
     1152
 91
        1
280
     0
281
     0
  0
CLASS
  1
EXACXREFPANELOBJECT
  2
ExAcXREFPanelObject
  3
EXAC_ESW
 90
     1025
 91
        0
280
     0
281
     0
  0
CLASS
  1
NPOCOLLECTION
  2
AcDbImpNonPersistentObjectsCollection
  3
ObjectDBX Classes
 90
     1153
 91
        0
280
     0
281
     0
  0
CLASS
  1
LAYER_INDEX
  2
AcDbLayerIndex
  3
ObjectDBX Classes
 90
        0
 91
        0
280
     0
281
     0
  0
CLASS
  1
SPATIAL_INDEX
  2
AcDbSpatialIndex
  3
ObjectDBX Classes
 90
        0
 91
        0
280
     0
281
     0
  0
CLASS
  1
IDBUFFER
  2
AcDbIdBuffer
  3
ObjectDBX Classes
 90
        0
 91
        0
280
     0
281
     0
  0
CLASS
  1
ACDBSECTIONVIEWSTYLE
  2
AcDbSectionViewStyle
  3
ObjectDBX Classes
 90
     1025
 91
        2
280
     0
281
     0
  0
CLASS
  1
ACDBDETAILVIEWSTYLE
  2
AcDbDetailViewStyle
  3
ObjectDBX Classes
 90
     1025
 91
        2
280
     0
281
     0
  0
CLASS
  1
SORTENTSTABLE
  2
AcDbSortentsTable
  3
ObjectDBX Classes
 90
        0
 91
        1
280
     0
281
     0
  0
CLASS
  1
DIMASSOC
  2
AcDbDimAssoc
  3
"AcDbDimAssoc|Product Desc:     AcDim ARX App For Dimension|Company:          Autodesk, Inc.|WEB Address:      www.autodesk.com"
 90
        0
 91
       16
280
     0
281
     0
  0
ENDSEC
  0
SECTION
  2
TABLES
  0
TABLE
  2
VPORT
  5
8
330
0
100
AcDbSymbolTable
 70
     1
  0
VPORT
  5
EA
330
8
100
AcDbSymbolTableRecord
100
AcDbViewportTableRecord
  2
*Active
 70
     0
 10
0.0
 20
0.0
 11
1.0
 21
1.0
 12
11816.33777159816
 22
8320.407002908742
 13
0.0
 23
0.0
 14
10.0
 24
10.0
 15
10.0
 25
10.0
 16
0.0
 26
0.0
 36
1.0
 17
0.0
 27
0.0
 37
0.0
 40
14242.97172571469
 41
2.488063660477453
 42
50.0
 43
0.0
 44
0.0
 50
0.0
 51
0.0
 71
     0
 72
  1000
 73
     1
 74
     3
 75
     0
 76
     1
 77
     0
 78
     0
281
     0
 65
     1
110
0.0
120
0.0
130
0.0
111
1.0
121
0.0
131
0.0
112
0.0
122
1.0
132
0.0
 79
     0
146
0.0
348
F5
 60
     3
 61
     5
292
     1
282
     1
141
0.0
142
0.0
 63
   250
421
  3355443
1001
ACAD_NAV_VCDISPLAY
1070
     3
  0
ENDTAB
  0
TABLE
  2
LTYPE
  5
5
330
0
100
AcDbSymbolTable
 70
     3
  0
LTYPE
  5
14
330
5
100
AcDbSymbolTableRecord
100
AcDbLinetypeTableRecord
  2
ByBlock
 70
     0
  3

 72
    65
 73
     0
 40
0.0
  0
LTYPE
  5
15
330
5
100
AcDbSymbolTableRecord
100
AcDbLinetypeTableRecord
  2
ByLayer
 70
     0
  3

 72
    65
 73
     0
 40
0.0
  0
LTYPE
  5
16
330
5
100
AcDbSymbolTableRecord
100
AcDbLinetypeTableRecord
  2
Continuous
 70
     0
  3
Solid line
 72
    65
 73
     0
 40
0.0
  0
LTYPE
  5
58C
330
5
100
AcDbSymbolTableRecord
100
AcDbLinetypeTableRecord
  2
PHANTOM
 70
     0
  3
Phantom ______  __  __  ______  __  __  ______
 72
    65
 73
     6
 40
63.5
 49
31.75
 74
     0
 49
-6.349999999999998
 74
     0
 49
6.349999999999998
 74
     0
 49
-6.349999999999998
 74
     0
 49
6.349999999999998
 74
     0
 49
-6.349999999999998
 74
     0
  0
LTYPE
  5
81F
330
5
100
AcDbSymbolTableRecord
100
AcDbLinetypeTableRecord
  2
1TB$0$HIDDEN
 70
     0
  3
Hidden __ __ __ __ __ __ __ __ __ __ __ __ __ _
 72
    65
 73
     2
 40
0.375
 49
0.25
 74
     0
 49
-0.125
 74
     0
  0
ENDTAB
  0
TABLE
  2
LAYER
  5
2
102
{ACAD_XDICTIONARY
360
1FF
102
}
330
0
100
AcDbSymbolTable
 70
    16
  0
LAYER
  5
10
102
{ACAD_XDICTIONARY
360
13C
102
}
330
2
100
AcDbSymbolTableRecord
100
AcDbLayerTableRecord
  2
0
 70
     0
 62
     7
  6
Continuous
370
    -3
390
F
347
EE
348
0
  0
LAYER
  5
2A3
330
2
100
AcDbSymbolTableRecord
100
AcDbLayerTableRecord
  2
WALL
 70
     0
 62
     7
  6
Continuous
370
    20
390
F
347
EE
348
0
1001
AcAecLayerStandard
1000

1000

1001
AcCmTransparency
1071
        0
  0
LAYER
  5
2A4
330
2
100
AcDbSymbolTableRecord
100
AcDbLayerTableRecord
  2
DOOR
 70
     0
 62
     7
  6
Continuous
370
     9
390
F
347
EE
348
0
1001
AcAecLayerStandard
1000

1000

1001
AcCmTransparency
1071
        0
  0
LAYER
  5
2A5
330
2
100
AcDbSymbolTableRecord
100
AcDbLayerTableRecord
  2
WINDOW
 70
     0
 62
     7
  6
Continuous
370
     9
390
F
347
EE
348
0
1001
AcAecLayerStandard
1000

1000

1001
AcCmTransparency
1071
        0
  0
LAYER
  5
2A6
330
2
100
AcDbSymbolTableRecord
100
AcDbLayerTableRecord
  2
FLOOR
 70
     0
 62
     7
  6
Continuous
370
     5
390
F
347
EE
348
0
1001
AcAecLayerStandard
1000

1000

1001
AcCmTransparency
1071
        0
  0
LAYER
  5
2CA
330
2
100
AcDbSymbolTableRecord
100
AcDbLayerTableRecord
  2
ANNO-TEXTS
 70
     0
 62
     7
  6
Continuous
370
    -3
390
F
347
EE
348
0
1001
AcAecLayerStandard
1000

1000

  0
LAYER
  5
2CB
330
2
100
AcDbSymbolTableRecord
100
AcDbLayerTableRecord
  2
P-BG
 70
     0
 62
     7
  6
Continuous
370
    -3
390
F
347
EE
348
0
1001
AcAecLayerStandard
1000

1000

1001
AcCmTransparency
1071
        0
  0
LAYER
  5
2F3
330
2
100
AcDbSymbolTableRecord
100
AcDbLayerTableRecord
  2
Defpoints
 70
     0
 62
     7
  6
Continuous
290
     0
370
    -3
390
F
347
EE
348
0
  0
LAYER
  5
539
330
2
100
AcDbSymbolTableRecord
100
AcDbLayerTableRecord
  2
STAIRS
 70
     0
 62
     7
  6
Continuous
370
     9
390
F
347
EE
348
0
1001
AcAecLayerStandard
1000

1000

1001
AcCmTransparency
1071
        0
  0
LAYER
  5
7B3
330
2
100
AcDbSymbolTableRecord
100
AcDbLayerTableRecord
  2
COLUMN
 70
     0
 62
     7
  6
Continuous
370
    20
390
F
347
EE
348
0
1001
AcAecLayerStandard
1000

1000

1001
AcCmTransparency
1071
        0
  0
LAYER
  5
822
102
{ACAD_XDICTIONARY
360
823
102
}
330
2
100
AcDbSymbolTableRecord
100
AcDbLayerTableRecord
  2
A-FIXTURE
 70
     0
 62
     7
  6
Continuous
370
    -3
390
F
347
EE
348
0
1001
AcAecLayerStandard
1000

1000

  0
LAYER
  5
824
102
{ACAD_XDICTIONARY
360
825
102
}
330
2
100
AcDbSymbolTableRecord
100
AcDbLayerTableRecord
  2
LABEL
 70
     0
 62
     7
  6
Continuous
370
    -3
390
F
347
EE
348
0
  0
LAYER
  5
828
102
{ACAD_XDICTIONARY
360
829
102
}
330
2
100
AcDbSymbolTableRecord
100
AcDbLayerTableRecord
  2
FURN
 70
     0
 62
     7
  6
Continuous
370
    -3
390
837
347
EE
348
0
  0
LAYER
  5
924
330
2
100
AcDbSymbolTableRecord
100
AcDbLayerTableRecord
  2
A-FURNITURE
 70
     0
 62
     7
  6
Continuous
370
    15
390
F
347
EE
348
0
1001
AcAecLayerStandard
1000

1000

  0
LAYER
  5
925
102
{ACAD_XDICTIONARY
360
926
102
}
330
2
100
AcDbSymbolTableRecord
100
AcDbLayerTableRecord
  2
A-FIXT
 70
     0
 62
     7
  6
Continuous
370
    -3
390
837
347
EE
348
0
  0
LAYER
  5
11D3
330
2
100
AcDbSymbolTableRecord
100
AcDbLayerTableRecord
  2
ROOF
 70
     0
 62
     7
  6
Continuous
370
    -3
390
F
347
EE
348
0
1001
AcAecLayerStandard
1000

1000

1001
AcCmTransparency
1071
        0
  0
ENDTAB
  0
TABLE
  2
STYLE
  5
3
330
0
100
AcDbSymbolTable
 70
     4
  0
STYLE
  5
11
330
3
100
AcDbSymbolTableRecord
100
AcDbTextStyleTableRecord
  2
Standard
 70
     0
 40
0.0
 41
1.0
 50
0.0
 71
     0
 42
2.5
  3
arial.ttf
  4

1001
ACAD
1000
Arial
1071
       34
  0
STYLE
  5
2CC
330
3
100
AcDbSymbolTableRecord
100
AcDbTextStyleTableRecord
  2
ROMANS
 70
     0
 40
0.0
 41
0.8
 50
0.0
 71
     0
 42
200.0
  3
romans.shx
  4

  0
STYLE
  5
2CE
330
3
100
AcDbSymbolTableRecord
100
AcDbTextStyleTableRecord
  2
SIMPLEX
 70
     0
 40
0.7
 41
0.9
 50
0.0
 71
     0
 42
0.7
  3
simplex.shx
  4

  0
STYLE
  5
927
330
3
100
AcDbSymbolTableRecord
100
AcDbTextStyleTableRecord
  2
ATTR
 70
     0
 40
0.7
 41
0.8
 50
0.0
 71
     0
 42
0.7
  3
romans.shx
  4

  0
ENDTAB
  0
TABLE
  2
VIEW
  5
6
330
0
100
AcDbSymbolTable
 70
     0
  0
ENDTAB
  0
TABLE
  2
UCS
  5
7
330
0
100
AcDbSymbolTable
 70
     0
  0
ENDTAB
  0
TABLE
  2
APPID
  5
9
330
0
100
AcDbSymbolTable
 70
    20
  0
APPID
  5
12
330
9
100
AcDbSymbolTableRecord
100
AcDbRegAppTableRecord
  2
ACAD
 70
     0
  0
APPID
  5
9E
330
9
100
AcDbSymbolTableRecord
100
AcDbRegAppTableRecord
  2
ACAD_PSEXT
 70
     0
  0
APPID
  5
133
330
9
100
AcDbSymbolTableRecord
100
AcDbRegAppTableRecord
  2
AcadAnnoPO
 70
     0
  0
APPID
  5
134
330
9
100
AcDbSymbolTableRecord
100
AcDbRegAppTableRecord
  2
AcadAnnotative
 70
     0
  0
APPID
  5
135
330
9
100
AcDbSymbolTableRecord
100
AcDbRegAppTableRecord
  2
ACAD_DSTYLE_DIMJAG
 70
     0
  0
APPID
  5
136
330
9
100
AcDbSymbolTableRecord
100
AcDbRegAppTableRecord
  2
ACAD_DSTYLE_DIMTALN
 70
     0
  0
APPID
  5
165
330
9
100
AcDbSymbolTableRecord
100
AcDbRegAppTableRecord
  2
ACAD_MLEADERVER
 70
     0
  0
APPID
  5
217
330
9
100
AcDbSymbolTableRecord
100
AcDbRegAppTableRecord
  2
ACAD_NAV_VCDISPLAY
 70
     0
  0
APPID
  5
2A1
330
9
100
AcDbSymbolTableRecord
100
AcDbRegAppTableRecord
  2
AcAecLayerStandard
 70
     0
  0
APPID
  5
2A2
330
9
100
AcDbSymbolTableRecord
100
AcDbRegAppTableRecord
  2
AcCmTransparency
 70
     0
  0
APPID
  5
2A9
330
9
100
AcDbSymbolTableRecord
100
AcDbRegAppTableRecord
  2
Acad_TC
 70
     0
  0
APPID
  5
2D1
330
9
100
AcDbSymbolTableRecord
100
AcDbRegAppTableRecord
  2
AcDbDynamicBlockGUID
 70
     0
  0
APPID
  5
2D2
330
9
100
AcDbSymbolTableRecord
100
AcDbRegAppTableRecord
  2
AcDbBlockRepETag
 70
     0
  0
APPID
  5
2D3
330
9
100
AcDbSymbolTableRecord
100
AcDbRegAppTableRecord
  2
ACAD_DSTYLE_DIMJOGGED_JOGANGLE_SYMBOL
 70
     0
  0
APPID
  5
2D4
330
9
100
AcDbSymbolTableRecord
100
AcDbRegAppTableRecord
  2
PLOTTRANSPARENCY
 70
     0
  0
APPID
  5
446
330
9
100
AcDbSymbolTableRecord
100
AcDbRegAppTableRecord
  2
ACAD_EXEMPT_FROM_CAD_STANDARDS
 70
     0
  0
APPID
  5
4C6
330
9
100
AcDbSymbolTableRecord
100
AcDbRegAppTableRecord
  2
GradientColor1ACI
 70
     0
  0
APPID
  5
4C7
330
9
100
AcDbSymbolTableRecord
100
AcDbRegAppTableRecord
  2
GradientColor2ACI
 70
     0
  0
APPID
  5
835
330
9
100
AcDbSymbolTableRecord
100
AcDbRegAppTableRecord
  2
RAK
 70
     0
  0
APPID
  5
836
330
9
100
AcDbSymbolTableRecord
100
AcDbRegAppTableRecord
  2
AEC_XDATA_BOUND_SPACE
 70
     0
  0
ENDTAB
  0
TABLE
  2
DIMSTYLE
  5
A
330
0
100
AcDbSymbolTable
 70
     2
100
AcDbDimStyleTable
 71
     1
340
2CF
  0
DIMSTYLE
105
1B0
330
A
100
AcDbSymbolTableRecord
100
AcDbDimStyleTableRecord
  2
Standard
 70
     0
340
11
  0
DIMSTYLE
105
2CF
102
{ACAD_REACTORS
330
1EFC
330
1EFF
330
1F02
330
1F05
330
1EBF
330
1EC2
330
1EC5
330
1EC8
330
1EDA
330
1EDD
330
1EE0
330
1EE3
330
1EE6
330
1EE9
330
1EEC
330
1EF3
330
1EF6
330
1EF9
102
}
330
A
100
AcDbSymbolTableRecord
100
AcDbDimStyleTableRecord
  2
2
 70
     0
 41
80.0
 42
80.0
 43
80.0
 44
80.0
 46
80.0
 73
     0
 74
     0
 77
     1
140
100.0
147
20.0
176
   253
177
   253
178
     1
271
     0
272
     0
340
11
342
2C3
1001
ACAD_DSTYLE_DIMJAG
1070
   388
1040
1.5
1001
ACAD_DSTYLE_DIMTALN
1070
   392
1070
     0
  0
ENDTAB
  0
TABLE
  2
BLOCK_RECORD
  5
1
330
0
100
AcDbSymbolTable
 70
    67
  0
BLOCK_RECORD
  5
1F
102
{ACAD_XDICTIONARY
360
1CE
102
}
330
1
100
AcDbSymbolTableRecord
100
AcDbBlockTableRecord
  2
*Model_Space
340
22
 70
     0
280
     1
281
     0
  0
BLOCK_RECORD
  5
D2
330
1
100
AcDbSymbolTableRecord
100
AcDbBlockTableRecord
  2
*Paper_Space
340
D3
 70
     0
280
     1
281
     0
  0
BLOCK_RECORD
  5
D6
330
1
100
AcDbSymbolTableRecord
100
AcDbBlockTableRecord
  2
*Paper_Space0
340
D7
 70
     0
280
     1
281
     0
  0
BLOCK_RECORD
  5
2C3
330
1
100
AcDbSymbolTableRecord
100
AcDbBlockTableRecord
  2
_ArchTick
340
0
102
{BLKREFS
331
1F68
331
1F69
331
1F74
331
1F75
331
1F80
331
1F81
331
1F8C
331
1F8D
331
1F98
331
1F99
331
1FB0
331
1FB1
331
1FC8
331
1FC9
331
1FD4
331
1FD5
331
1FE0
331
1FE1
331
1FEC
331
1FED
331
1FF8
331
1FF9
331
2004
331
2005
331
200D
331
200E
331
2031
331
2032
331
2049
331
204A
331
2052
331
2053
331
2066
331
2067
331
207E
331
207F
102
}
 70
     0
280
     1
281
     0
  0
BLOCK_RECORD
  5
7EA
330
1
100
AcDbSymbolTableRecord
100
AcDbBlockTableRecord
  2
SDAfdsfDSFs
340
0
310
2800000020000000200000000100080000000000000400000000000000000000000000000000000000000000000080000080000000808000800000008000800080800000C0C0C000C0DCC000F0CAA6000020400000206000002080000020A0000020C0000020E00000400000004020000040400000406000004080000040A0
310
000040C0000040E00000600000006020000060400000606000006080000060A0000060C0000060E00000800000008020000080400000806000008080000080A0000080C0000080E00000A0000000A0200000A0400000A0600000A0800000A0A00000A0C00000A0E00000C0000000C0200000C0400000C0600000C0800000C0
310
A00000C0C00000C0E00000E0000000E0200000E0400000E0600000E0800000E0A00000E0C00000E0E00040000000400020004000400040006000400080004000A0004000C0004000E00040200000402020004020400040206000402080004020A0004020C0004020E000404000004040200040404000404060004040800040
310
40A0004040C0004040E00040600000406020004060400040606000406080004060A0004060C0004060E00040800000408020004080400040806000408080004080A0004080C0004080E00040A0000040A0200040A0400040A0600040A0800040A0A00040A0C00040A0E00040C0000040C0200040C0400040C0600040C08000
310
40C0A00040C0C00040C0E00040E0000040E0200040E0400040E0600040E0800040E0A00040E0C00040E0E00080000000800020008000400080006000800080008000A0008000C0008000E00080200000802020008020400080206000802080008020A0008020C0008020E00080400000804020008040400080406000804080
310
008040A0008040C0008040E00080600000806020008060400080606000806080008060A0008060C0008060E00080800000808020008080400080806000808080008080A0008080C0008080E00080A0000080A0200080A0400080A0600080A0800080A0A00080A0C00080A0E00080C0000080C0200080C0400080C0600080C0
310
800080C0A00080C0C00080C0E00080E0000080E0200080E0400080E0600080E0800080E0A00080E0C00080E0E000C0000000C0002000C0004000C0006000C0008000C000A000C000C000C000E000C0200000C0202000C0204000C0206000C0208000C020A000C020C000C020E000C0400000C0402000C0404000C0406000C0
310
408000C040A000C040C000C040E000C0600000C0602000C0604000C0606000C0608000C060A000C060C000C060E000C0800000C0802000C0804000C0806000C0808000C080A000C080C000C080E000C0A00000C0A02000C0A04000C0A06000C0A08000C0A0A000C0A0C000C0A0E000C0C00000C0C02000C0C04000C0C06000
310
C0C08000C0C0A000F0FBFF00A4A0A000808080000000FF0000FF000000FFFF00FF000000FF00FF00FFFF0000FFFFFF00000000000000000000000000000000000000000000000000000000000000000000F9F9F9F9F9F9F9F9F9F9F9F9F9F9F9F9F9F9F9F9F9F9F9F9F9F9F9F9F9F90000F900000000000000000000000000
310
000000000000000000000000000000F90000F900A4A4A4A4A4A4A4A4A4A4A4A4A4A4A4A4A4A4A4A4A4A4A4A4A4A400F90000F900A4000000000000000000000000000000000000000000000000A400F90000F900A4000000000000000000000000000000000000000000000000A400F90000F900A4000000000000000000A4
310
A4A4000000000000000000000000A400F90000F900A400000000000000A4A4000000A4A4A4A40000000000000000A400F90000F900A4000000000000A4000000000000000000A4A4A40000000000A400F90000F900A40000000000A400000000000000000000000000A400000000A400F90000F900A4000000A4A400000000
310
00000000000000000000A400000000A400F90000F900A40000A40000000000000000000000000000000000A4000000A400F90000F900A40000A40000000000000000000000000000000000A4000000A400F90000F900A40000A4000000000000000000000000000000000000A40000A400F90000F900A40000A40000000000
310
00000000000000000000000000A40000A400F90000F900A40000A400000000000000000000000000000000000000A400A400F90000F900A40000A400000000000000000000000000000000000000A400A400F90000F900A40000A4000000000000000000000000000000000000A40000A400F90000F900A40000A400000000
310
0000000000000000000000000000A40000A400F90000F900A40000A40000000000000000000000000000000000A4000000A400F90000F900A40000A40000000000000000000000000000000000A4000000A400F90000F900A4000000A4A40000000000000000000000000000A400000000A400F90000F900A40000000000A4
310
00000000000000000000000000A400000000A400F90000F900A4000000000000A4000000000000000000A4A4A40000000000A400F90000F900A400000000000000A4A4000000A4A4A4A40000000000000000A400F90000F900A4000000000000000000A4A4A4000000000000000000000000A400F90000F900A40000000000
310
00000000000000000000000000000000000000A400F90000F900A4000000000000000000000000000000000000000000000000A400F90000F900A4A4A4A4A4A4A4A4A4A4A4A4A4A4A4A4A4A4A4A4A4A4A4A4A4A400F90000F900000000000000000000000000000000000000000000000000000000F90000F9F9F9F9F9F9F9
310
F9F9F9F9F9F9F9F9F9F9F9F9F9F9F9F9F9F9F9F9F9F9F9000000000000000000000000000000000000000000000000000000000000000000
 70
     1
280
     1
281
     0
  0
BLOCK_RECORD
  5
7F0
330
1
100
AcDbSymbolTableRecord
100
AcDbBlockTableRecord
  2
lavs
340
0
310
2800000020000000200000000100080000000000000400000000000000000000000000000000000000000000000080000080000000808000800000008000800080800000C0C0C000C0DCC000F0CAA6000020400000206000002080000020A0000020C0000020E00000400000004020000040400000406000004080000040A0
310
000040C0000040E00000600000006020000060400000606000006080000060A0000060C0000060E00000800000008020000080400000806000008080000080A0000080C0000080E00000A0000000A0200000A0400000A0600000A0800000A0A00000A0C00000A0E00000C0000000C0200000C0400000C0600000C0800000C0
310
A00000C0C00000C0E00000E0000000E0200000E0400000E0600000E0800000E0A00000E0C00000E0E00040000000400020004000400040006000400080004000A0004000C0004000E00040200000402020004020400040206000402080004020A0004020C0004020E000404000004040200040404000404060004040800040
310
40A0004040C0004040E00040600000406020004060400040606000406080004060A0004060C0004060E00040800000408020004080400040806000408080004080A0004080C0004080E00040A0000040A0200040A0400040A0600040A0800040A0A00040A0C00040A0E00040C0000040C0200040C0400040C0600040C08000
310
40C0A00040C0C00040C0E00040E0000040E0200040E0400040E0600040E0800040E0A00040E0C00040E0E00080000000800020008000400080006000800080008000A0008000C0008000E00080200000802020008020400080206000802080008020A0008020C0008020E00080400000804020008040400080406000804080
310
008040A0008040C0008040E00080600000806020008060400080606000806080008060A0008060C0008060E00080800000808020008080400080806000808080008080A0008080C0008080E00080A0000080A0200080A0400080A0600080A0800080A0A00080A0C00080A0E00080C0000080C0200080C0400080C0600080C0
310
800080C0A00080C0C00080C0E00080E0000080E0200080E0400080E0600080E0800080E0A00080E0C00080E0E000C0000000C0002000C0004000C0006000C0008000C000A000C000C000C000E000C0200000C0202000C0204000C0206000C0208000C020A000C020C000C020E000C0400000C0402000C0404000C0406000C0
310
408000C040A000C040C000C040E000C0600000C0602000C0604000C0606000C0608000C060A000C060C000C060E000C0800000C0802000C0804000C0806000C0808000C080A000C080C000C080E000C0A00000C0A02000C0A04000C0A06000C0A08000C0A0A000C0A0C000C0A0E000C0C00000C0C02000C0C04000C0C06000
310
C0C08000C0C0A000F0FBFF00A4A0A000808080000000FF0000FF000000FFFF00FF000000FF00FF00FFFF0000FFFFFF00F6F6F6F6F6F6F6F6F6F6F6F6F6F6F6F6F6F6F6F6F6F6F6F6F6F6F6F6F6F6F6F6F6F6F6F6F6F6F6F6F6F6F6F6F6F6F6F6F6F6F6F6F6F6F6F6F6F6F6F6F6F6F6F6F6F6F6F6F6F6F6F6F6F6F6F6F6F6F6
310
F6F6F6F6F6F6F6F6F6F6F6F6F6F6F6F6F6F6F6F6F6F6F6F6F6F6F6F6F6F6F6F6F6F6F6F6F6F6F6F6F6F6F6F6F6F6F6F6F6F6F6F6F6F6F6F6F6F6F6F6F6F6F6F6F6F6F6F6F6F6F6F6F6F6F6F6F6F6F6F6F6F6F6F6F6F6F6F6F6F6F6F6F6F6F6F6F6F6F6F6F6F6F6F6F6F6F6F6F6F6F6F6F6F6F6F6F6F6F6F6F6F6F6F6F6F6F6
310
F6F6F6F6F6F6F6F6F6F6F6F6F6F6F6F6F6F6F6F6F6F6F6F6F6F6F6F6F6F6F6F6F6F6F6F6F6F6F6F6F6F6F6F6F6F6F6F6F6F6F6F6F6F6F6F6F6F6F6F6F6F6F6F6F6F6F6F6F6F6F6F6F6F6F6F6F6F6F6F6F6F6F6F6F6F6F6F6F6F6F6F6F6F6F6F6F6F6F6F6F6F6F6F6F6F6F6F6F6F6F6F6F6F6F6F6F6F6F6F6F6F6F6F6F6F6F6
310
F6F6F6F6F6F6F6F6F6F6F6F6F6F6F6F6F6F6F6F6F6F6F6F6F6F6F6F6F6F6F6F6F6F6F6F6F6F6F6F6F6F6F6F6F6F6F6F6F6F6F6F6F6F6F6F6F6F6F6F6F6F6F6F6F6F6F6F6F6F6F6F6F6F6F6F6F6F6F6F6F6F6F6F6F6F6F6F6F6F6F6F6F6F6F6F6F6F6F6F6F6F6F6F6F6F6F6F6F6F6F6F6F6F6F6F6F6F6F6F6F6F6F6F6F6F6F6
310
F6F6F6F6F6F6F6F6F6F6F6F6F6F6F6F6F6F6F6F6F6F6F6F6F6F6F6F6F6F6F6F6F6F6F6F6F6F6F6F6F6F6F6F6F6F6F6F6F6F6F6F6F6F6F6F6F6F6F6F6F6F6F6F6F6F6F6F6F6F6F6F6F6F6F6F6F6F6F6F6F6F6F6F6F6F6F6F6F6F6F6F6F6F6F6F6F6F6F6F6F6F6F6F6F6F6F6F6F6F6F6F6F6F6F6F6F6F6F6F6F6F6F6F6F6F6F6
310
F6F6F6F6F6F6F6F6F6F6F6F6F6F6F6F6F6F6F6F6F6F6F6F6F6F6F6F6F6F6F6F6F6F6F6F6F6F6F6F6F6F6F6F6F6F6F6F6F6F6F6F6F6F6F6F6F6F6F6F6F6F6F6F6F6F6F6F6F6F6F6F6F6F6F6F6F6F6F6F6F6F6F6F6F6F6F6F6F6F6F6F6F6F6F6F6F6F6F6F6F6F6F6F6F6F6F6F6F6F6F6F6F6F6F6F6F6F6F6F6F6F6F6F6F6F6F6
310
F6F6F6F6F6F6F6F6F6F6F6F6F6F6F6F6F6F6F6F6F6F6F6F6F6F6F6F6F6F6F6F6F6F6F6F6F6F6F6F6F6F6F6F6F6F6F6F6F6F6F6F6F6F6F6F6F6F6F6F6F6F6F6F6F6F6F6F6F6F6F6F6F6F6F6F6F6F6F6F6F6F6F6F6F6F6F6F6F6F6F6F6F6F6F6F6F6F6F6F6F6F6F6F6F6F6F6F6F6F6F6F6F6F6F6F6F6F6F6F6F6F6F6F6F6F6F6
310
F6F6F6F6F6F6F6F6F6F6F6F6F6F6F6F6F6F6F6F6F6F6F6F6F6F6F6F6F6F6F6F6F6F6F6F6F6F6F6F6F6F6F6F6F6F6F6F6F6F6F6F6F6F6F6F6F6F6F6F6F6F6F6F6F6F6F6F6F6F6F6F6F6F6F6F6F6F6F6F6F6F6F6F6F6F6F6F6F6F6F6F6F6F6F6F6F6F6F6F6F6F6F6F6F6F6F6F6F6F6F6F6F6F6F6F6F6F6F6F6F6F6F6F6F6F6F6
310
F6F6F6F6F6F6F6F6F6F6F6F6F6F6F6F6F6F6F6F6F6F6F6F6F6F6F6F6F6F6F6F6F6F6F6F6F6F6F6F6F6F6F6F6F6F6F6F6F6F6F6F6F6F6F6F6
 70
     0
280
     1
281
     0
  0
BLOCK_RECORD
  5
8BD
330
1
100
AcDbSymbolTableRecord
100
AcDbBlockTableRecord
  2
RANGE
340
0
 70
     0
280
     1
281
     0
  0
BLOCK_RECORD
  5
8FC
102
{ACAD_XDICTIONARY
360
8FD
102
}
330
1
100
AcDbSymbolTableRecord
100
AcDbBlockTableRecord
  2
agc-ref2
340
0
310
2800000020000000200000000100080000000000000400000000000000000000000000000000000000000000000080000080000000808000800000008000800080800000C0C0C000C0DCC000F0CAA6000020400000206000002080000020A0000020C0000020E00000400000004020000040400000406000004080000040A0
310
000040C0000040E00000600000006020000060400000606000006080000060A0000060C0000060E00000800000008020000080400000806000008080000080A0000080C0000080E00000A0000000A0200000A0400000A0600000A0800000A0A00000A0C00000A0E00000C0000000C0200000C0400000C0600000C0800000C0
310
A00000C0C00000C0E00000E0000000E0200000E0400000E0600000E0800000E0A00000E0C00000E0E00040000000400020004000400040006000400080004000A0004000C0004000E00040200000402020004020400040206000402080004020A0004020C0004020E000404000004040200040404000404060004040800040
310
40A0004040C0004040E00040600000406020004060400040606000406080004060A0004060C0004060E00040800000408020004080400040806000408080004080A0004080C0004080E00040A0000040A0200040A0400040A0600040A0800040A0A00040A0C00040A0E00040C0000040C0200040C0400040C0600040C08000
310
40C0A00040C0C00040C0E00040E0000040E0200040E0400040E0600040E0800040E0A00040E0C00040E0E00080000000800020008000400080006000800080008000A0008000C0008000E00080200000802020008020400080206000802080008020A0008020C0008020E00080400000804020008040400080406000804080
310
008040A0008040C0008040E00080600000806020008060400080606000806080008060A0008060C0008060E00080800000808020008080400080806000808080008080A0008080C0008080E00080A0000080A0200080A0400080A0600080A0800080A0A00080A0C00080A0E00080C0000080C0200080C0400080C0600080C0
310
800080C0A00080C0C00080C0E00080E0000080E0200080E0400080E0600080E0800080E0A00080E0C00080E0E000C0000000C0002000C0004000C0006000C0008000C000A000C000C000C000E000C0200000C0202000C0204000C0206000C0208000C020A000C020C000C020E000C0400000C0402000C0404000C0406000C0
310
408000C040A000C040C000C040E000C0600000C0602000C0604000C0606000C0608000C060A000C060C000C060E000C0800000C0802000C0804000C0806000C0808000C080A000C080C000C080E000C0A00000C0A02000C0A04000C0A06000C0A08000C0A0A000C0A0C000C0A0E000C0C00000C0C02000C0C04000C0C06000
310
C0C08000C0C0A000F0FBFF00A4A0A000808080000000FF0000FF000000FFFF00FF000000FF00FF00FFFF0000FFFFFF00000000000000000000000000000000000000000000000000000000000000000000000000FFFFFF00000000000000000000000000000000000000000000000000000000FFFFFFFFFFFFFFFFFFFFFFFF
310
FFFFFFFFFFFFFFFFFFFFFFFFFFFF000000000000FF000000000000000000000000000000000000000000000000FF000000000000FFFFFFFFFFFFFFFFFFFFFFFFFFFFFFFFFFFFFFFFFFFFFFFFFFFF000000000000FF000000000000000000000000000000000000000000000000FF000000000000FF00000000000000000000
310
0000000000000000000000000000FF000000000000FF000000000000000000000000000000000000000000000000FF000000000000FF000000000000000000000000000000000000000000000000FF000000000000FF000000000000000000000000000000000000000000000000FF000000000000FF000000000000000000
310
000000000000000000000000000000FF000000000000FF000000000000000000000000000000000000000000000000FF000000000000FF000000000000000000000000000000000000000000000000FF000000000000FF000000000000000000000000000000000000000000000000FF000000000000FF0000000000000000
310
00000000000000000000000000000000FF000000000000FF000000000000000000000000000000000000000000000000FF000000000000FF000000000000000000000000000000000000000000000000FF000000000000FF000000000000000000000000000000000000000000000000FF000000000000FF00000000000000
310
0000000000000000000000000000000000FF000000000000FF000000000000000000000000000000000000000000000000FF000000000000FF000000000000000000000000000000000000000000000000FF000000000000FF000000000000000000000000000000000000000000000000FF000000000000FF000000000000
310
000000000000000000000000000000000000FF000000000000FF000000000000000000000000000000000000000000000000FF000000000000FF000000000000000000000000000000000000000000000000FF000000000000FF000000000000000000000000000000000000000000000000FF000000000000FF0000000000
310
00000000000000000000000000000000000000FF000000000000FF000000000000000000000000000000000000000000000000FF000000000000FF000000000000000000000000000000000000000000000000FF000000000000FF000000000000000000000000000000000000000000000000FF000000000000FFFFFFFFFF
310
FFFFFFFFFFFFFFFFFFFFFFFFFFFFFFFFFFFFFFFFFF0000000000000000000000000000000000000000000000000000000000000000000000
 70
     1
280
     0
281
     0
1001
AcDbDynamicBlockGUID
1000
{75E3D918-B93F-E54C-B0FA-DEAAA17974E0}
  0
BLOCK_RECORD
  5
90D
330
1
100
AcDbSymbolTableRecord
100
AcDbBlockTableRecord
  2
KSINK-1
340
0
 70
     0
280
     1
281
     0
  0
BLOCK_RECORD
  5
1F56
330
1
100
AcDbSymbolTableRecord
100
AcDbBlockTableRecord
  2
*D47
340
0
 70
     0
280
     1
281
     0
  0
BLOCK_RECORD
  5
1F62
330
1
100
AcDbSymbolTableRecord
100
AcDbBlockTableRecord
  2
*D48
340
0
 70
     0
280
     1
281
     0
  0
BLOCK_RECORD
  5
1F6E
330
1
100
AcDbSymbolTableRecord
100
AcDbBlockTableRecord
  2
*D49
340
0
 70
     0
280
     1
281
     0
  0
BLOCK_RECORD
  5
1F7A
330
1
100
AcDbSymbolTableRecord
100
AcDbBlockTableRecord
  2
*D50
340
0
 70
     0
280
     1
281
     0
  0
BLOCK_RECORD
  5
1F86
330
1
100
AcDbSymbolTableRecord
100
AcDbBlockTableRecord
  2
*D51
340
0
 70
     0
280
     1
281
     0
  0
BLOCK_RECORD
  5
1F92
330
1
100
AcDbSymbolTableRecord
100
AcDbBlockTableRecord
  2
*D52
340
0
 70
     0
280
     1
281
     0
  0
BLOCK_RECORD
  5
1F9E
330
1
100
AcDbSymbolTableRecord
100
AcDbBlockTableRecord
  2
*D53
340
0
 70
     0
280
     1
281
     0
  0
BLOCK_RECORD
  5
1FAA
330
1
100
AcDbSymbolTableRecord
100
AcDbBlockTableRecord
  2
*D54
340
0
 70
     0
280
     1
281
     0
  0
BLOCK_RECORD
  5
1FB6
330
1
100
AcDbSymbolTableRecord
100
AcDbBlockTableRecord
  2
*D55
340
0
 70
     0
280
     1
281
     0
  0
BLOCK_RECORD
  5
1FC2
330
1
100
AcDbSymbolTableRecord
100
AcDbBlockTableRecord
  2
*D56
340
0
 70
     0
280
     1
281
     0
  0
BLOCK_RECORD
  5
1FCE
330
1
100
AcDbSymbolTableRecord
100
AcDbBlockTableRecord
  2
*D57
340
0
 70
     0
280
     1
281
     0
  0
BLOCK_RECORD
  5
1FDA
330
1
100
AcDbSymbolTableRecord
100
AcDbBlockTableRecord
  2
*D58
340
0
 70
     0
280
     1
281
     0
  0
BLOCK_RECORD
  5
1FE6
330
1
100
AcDbSymbolTableRecord
100
AcDbBlockTableRecord
  2
*D59
340
0
 70
     0
280
     1
281
     0
  0
BLOCK_RECORD
  5
1FF2
330
1
100
AcDbSymbolTableRecord
100
AcDbBlockTableRecord
  2
*D60
340
0
 70
     0
280
     1
281
     0
  0
BLOCK_RECORD
  5
1FFE
330
1
100
AcDbSymbolTableRecord
100
AcDbBlockTableRecord
  2
*D61
340
0
 70
     0
280
     1
281
     0
  0
BLOCK_RECORD
  5
202B
330
1
100
AcDbSymbolTableRecord
100
AcDbBlockTableRecord
  2
*D64
340
0
 70
     0
280
     1
281
     0
  0
BLOCK_RECORD
  5
2037
330
1
100
AcDbSymbolTableRecord
100
AcDbBlockTableRecord
  2
*D65
340
0
 70
     0
280
     1
281
     0
  0
BLOCK_RECORD
  5
2043
330
1
100
AcDbSymbolTableRecord
100
AcDbBlockTableRecord
  2
*D66
340
0
 70
     0
280
     1
281
     0
  0
ENDTAB
  0
ENDSEC
  0
SECTION
  2
BLOCKS
  0
BLOCK
  5
20
330
1F
100
AcDbEntity
  8
0
100
AcDbBlockBegin
  2
*Model_Space
 70
     0
 10
0.0
 20
0.0
 30
0.0
  3
*Model_Space
  1

  0
ENDBLK
  5
21
330
1F
100
AcDbEntity
  8
0
100
AcDbBlockEnd
  0
BLOCK
  5
D4
330
D2
100
AcDbEntity
 67
     1
  8
0
100
AcDbBlockBegin
  2
*Paper_Space
 70
     0
 10
0.0
 20
0.0
 30
0.0
  3
*Paper_Space
  1

  0
ENDBLK
  5
D5
330
D2
100
AcDbEntity
 67
     1
  8
0
100
AcDbBlockEnd
  0
BLOCK
  5
D8
330
D6
100
AcDbEntity
 67
     1
  8
0
100
AcDbBlockBegin
  2
*Paper_Space0
 70
     0
 10
0.0
 20
0.0
 30
0.0
  3
*Paper_Space0
  1

  0
ENDBLK
  5
D9
330
D6
100
AcDbEntity
 67
     1
  8
0
100
AcDbBlockEnd
  0
BLOCK
  5
2C4
330
2C3
100
AcDbEntity
  8
0
100
AcDbBlockBegin
  2
_ArchTick
 70
     0
 10
0.0
 20
0.0
 30
0.0
  3
_ArchTick
  1

  0
LWPOLYLINE
  5
2C5
330
2C3
100
AcDbEntity
  8
0
  6
ByBlock
 62
     0
100
AcDbPolyline
 90
        2
 70
     0
 43
0.15
 10
-0.5
 20
-0.5
 10
0.5
 20
0.5
  0
ENDBLK
  5
2C6
330
2C3
100
AcDbEntity
  8
0
100
AcDbBlockEnd
  0
BLOCK
  5
7EB
330
7EA
100
AcDbEntity
  8
0
 62
     4
100
AcDbBlockBegin
  2
SDAfdsfDSFs
 70
     0
 10
0.0
 20
0.0
 30
0.0
  3
SDAfdsfDSFs
  1

  0
LWPOLYLINE
  5
7EC
330
7EA
100
AcDbEntity
  8
LABEL
 62
     1
100
AcDbPolyline
 90
        4
 70
     1
 43
0.0
 10
352.3898689453087
 20
-1.587343678846821
 10
352.4898689453089
 20
-1.587343678846821
 10
352.4898689453089
 20
-1.487343678846821
 10
352.3898689453087
 20
-1.487343678846821
  0
LWPOLYLINE
  5
7ED
330
7EA
100
AcDbEntity
  8
LABEL
 62
     8
100
AcDbPolyline
 90
        4
 70
     1
 43
0.0
 10
352.3948689453088
 20
-1.582343678846821
 10
352.4848689453088
 20
-1.582343678846821
 10
352.4848689453088
 20
-1.49234367884682
 10
352.3948689453088
 20
-1.49234367884682
  0
CIRCLE
  5
7EE
330
7EA
100
AcDbEntity
  8
LABEL
 62
     8
100
AcDbCircle
 10
352.4398689453088
 20
-1.537343678846821
 30
0.0
 40
0.0356925393002257
  0
ENDBLK
  5
7EF
330
7EA
100
AcDbEntity
  8
0
 62
     4
100
AcDbBlockEnd
  0
BLOCK
  5
7F1
330
7F0
100
AcDbEntity
  8
0
100
AcDbBlockBegin
  2
lavs
 70
     0
 10
0.0
 20
0.0
 30
0.0
  3
lavs
  1

  0
LINE
  5
7F2
330
7F0
100
AcDbEntity
  8
A-FIXTURE
100
AcDbLine
 10
304857.1610647725
 20
103444.2303927312
 30
-0.1389397727267649
 11
304857.1610647725
 21
103580.40196183
 31
-0.1389397727267649
  0
LINE
  5
7F3
330
7F0
100
AcDbEntity
  8
A-FIXTURE
100
AcDbLine
 10
304832.1610647727
 20
103447.5637260647
 30
-0.1389397727267649
 11
304832.1610647727
 21
103475.8970593982
 31
-0.1389397727267649
  0
LINE
  5
7F4
330
7F0
100
AcDbEntity
  8
A-FIXTURE
100
AcDbLine
 10
304825.9110647725
 20
103448.3970593982
 30
-0.1389397727267649
 11
304825.9110647725
 21
103475.8970593982
 31
-0.1389397727267649
  0
ARC
  5
7F5
330
7F0
100
AcDbEntity
  8
A-FIXTURE
100
AcDbCircle
 10
304807.1610647725
 20
103375.8970593982
 30
-0.1389397727267649
 40
25.0
100
AcDbArc
 50
180.0
 51
0.0
  0
ARC
  5
7F6
330
7F0
100
AcDbEntity
  8
A-FIXTURE
100
AcDbCircle
 10
304807.1610647725
 20
103475.8970593982
 30
-0.1389397727267649
 40
25.0
100
AcDbArc
 50
0.0
 51
180.0
  0
LINE
  5
7F7
330
7F0
100
AcDbEntity
  8
A-FIXTURE
100
AcDbLine
 10
304832.1610647727
 20
103375.8970593982
 30
-0.1389397727267649
 11
304832.1610647727
 21
103404.2303927313
 31
-0.1389397727267649
  0
LINE
  5
7F8
330
7F0
100
AcDbEntity
  8
A-FIXTURE
100
AcDbLine
 10
304782.1610647725
 20
103375.8970593982
 30
-0.1389397727267649
 11
304782.1610647725
 21
103475.8970593982
 31
-0.1389397727267649
  0
LINE
  5
7F9
330
7F0
100
AcDbEntity
  8
A-FIXTURE
100
AcDbLine
 10
304825.9110647725
 20
103375.8970593982
 30
-0.1389397727267649
 11
304825.9110647725
 21
103403.3970593982
 31
-0.1389397727267649
  0
LINE
  5
7FA
330
7F0
100
AcDbEntity
  8
A-FIXTURE
100
AcDbLine
 10
304788.4110647725
 20
103375.8970593982
 30
-0.1389397727267649
 11
304788.4110647725
 21
103475.8970593982
 31
-0.1389397727267649
  0
CIRCLE
  5
7FB
330
7F0
100
AcDbEntity
  8
A-FIXTURE
100
AcDbCircle
 10
304807.1610647725
 20
103375.8970593982
 30
-0.1389397727267649
 40
18.75
  0
ARC
  5
7FC
330
7F0
100
AcDbEntity
  8
A-FIXTURE
100
AcDbCircle
 10
304894.6610647725
 20
103432.9250819189
 30
-0.1389397727267649
 40
6.25
100
AcDbArc
 50
0.0
 51
82.40535662479674
  0
ARC
  5
7FD
330
7F0
100
AcDbEntity
  8
A-FIXTURE
100
AcDbCircle
 10
304894.6610647725
 20
103418.8690368775
 30
-0.1389397727267649
 40
6.25
100
AcDbArc
 50
277.5946433752032
 51
0.0
  0
ARC
  5
7FE
330
7F0
100
AcDbEntity
  8
A-FIXTURE
100
AcDbCircle
 10
304813.4110647725
 20
103443.7584152519
 30
-0.1389397727267649
 40
6.25
100
AcDbArc
 50
82.40535662479674
 51
180.0
  0
ARC
  5
7FF
330
7F0
100
AcDbEntity
  8
A-FIXTURE
100
AcDbCircle
 10
304813.4110647725
 20
103408.035703544
 30
-0.1389397727267649
 40
6.25
100
AcDbArc
 50
180.0
 51
277.5946433752032
  0
LINE
  5
800
330
7F0
100
AcDbEntity
  8
A-FIXTURE
100
AcDbLine
 10
304807.1610647725
 20
103443.7584152519
 30
-0.1389397727267649
 11
304807.1610647725
 21
103408.035703544
 31
-0.1389397727267649
  0
LINE
  5
801
330
7F0
100
AcDbEntity
  8
A-FIXTURE
100
AcDbLine
 10
304814.2370880233
 20
103449.9535896312
 30
-0.1389397727267649
 11
304895.4870880234
 21
103439.1202562982
 31
-0.1389397727267649
  0
LINE
  5
802
330
7F0
100
AcDbEntity
  8
A-FIXTURE
100
AcDbLine
 10
304814.2370880233
 20
103401.8405291647
 30
-0.1389397727267649
 11
304895.4870880234
 21
103412.6738624982
 31
-0.1389397727267649
  0
LINE
  5
803
330
7F0
100
AcDbEntity
  8
A-FIXTURE
100
AcDbLine
 10
304900.9110647725
 20
103432.9250819189
 30
-0.1389397727267649
 11
304900.9110647725
 21
103418.8690368775
 31
-0.1389397727267649
  0
CIRCLE
  5
804
330
7F0
100
AcDbEntity
  8
A-FIXTURE
100
AcDbCircle
 10
304807.1610647725
 20
103475.8970593982
 30
-0.1389397727267649
 40
18.75
  0
ARC
  5
805
330
7F0
100
AcDbEntity
  8
A-FIXTURE
100
AcDbCircle
 10
304882.1610647725
 20
103580.40196183
 30
-0.1389397727267649
 40
25.0
100
AcDbArc
 50
101.3099324620841
 51
180.0
  0
ARC
  5
806
330
7F0
100
AcDbEntity
  8
A-FIXTURE
100
AcDbCircle
 10
304882.1610647725
 20
103271.392156966
 30
-0.1389397727267649
 40
25.0
100
AcDbArc
 50
180.0
 51
258.6900675379159
  0
ARC
  5
807
330
7F0
100
AcDbEntity
  8
A-FIXTURE
100
AcDbCircle
 10
305082.1610647725
 20
103620.40196183
 30
-0.1389397727267649
 40
25.0
100
AcDbArc
 50
0.0
 51
101.3099324620841
  0
ARC
  5
808
330
7F0
100
AcDbEntity
  8
A-FIXTURE
100
AcDbCircle
 10
305082.1610647725
 20
103231.392156966
 30
-0.1389397727267649
 40
25.0
100
AcDbArc
 50
258.6900675379159
 51
0.0
  0
LINE
  5
809
330
7F0
100
AcDbEntity
  8
A-FIXTURE
100
AcDbLine
 10
304877.2581613945
 20
103604.9164787223
 30
-0.1389397727267649
 11
305077.2581613945
 21
103644.9164787224
 31
-0.1389397727267649
  0
LINE
  5
80A
330
7F0
100
AcDbEntity
  8
A-FIXTURE
100
AcDbLine
 10
305077.2581613945
 20
103206.8776400736
 30
-0.1389397727267649
 11
304877.2581613945
 21
103246.8776400736
 31
-0.1389397727267649
  0
LINE
  5
80B
330
7F0
100
AcDbEntity
  8
A-FIXTURE
100
AcDbLine
 10
304857.1610647725
 20
103271.392156966
 30
-0.1389397727267649
 11
304857.1610647725
 21
103407.5637260647
 31
-0.1389397727267649
  0
LINE
  5
80C
330
7F0
100
AcDbEntity
  8
A-FIXTURE
100
AcDbLine
 10
305107.1610647726
 20
103231.392156966
 30
-0.1389397727267649
 11
305107.1610647726
 21
103620.40196183
 31
-0.1389397727267649
  0
LINE
  5
80D
330
7F0
100
AcDbEntity
  8
A-FIXTURE
100
AcDbLine
 10
305132.1610647725
 20
103700.8970593982
 30
-0.1389397727267649
 11
304757.1610647727
 21
103700.8970593982
 31
-0.1389397727267649
  0
LINE
  5
80E
330
7F0
100
AcDbEntity
  8
A-FIXTURE
100
AcDbLine
 10
304757.1610647727
 20
103150.8970593982
 30
-0.1389397727267649
 11
305132.1610647725
 21
103150.8970593982
 31
-0.1389397727267649
  0
LINE
  5
80F
330
7F0
100
AcDbEntity
  8
A-FIXTURE
100
AcDbLine
 10
305004.547096796
 20
103150.8970593982
 30
-0.1389397727267649
 11
304757.1610647727
 21
103150.8970593982
 31
-0.1389397727267649
  0
ARC
  5
810
330
7F0
100
AcDbEntity
  8
A-FIXTURE
100
AcDbCircle
 10
305132.1610647725
 20
103675.8970593982
 30
-0.1389397727267649
 40
25.0
100
AcDbArc
 50
0.0
 51
90.0
  0
LINE
  5
811
330
7F0
100
AcDbEntity
  8
A-FIXTURE
100
AcDbLine
 10
305157.1610647725
 20
103175.8970593982
 30
-0.1389397727267649
 11
305157.1610647725
 21
103675.8970593982
 31
-0.1389397727267649
  0
ARC
  5
812
330
7F0
100
AcDbEntity
  8
A-FIXTURE
100
AcDbCircle
 10
305132.1610647725
 20
103175.8970593982
 30
-0.1389397727267649
 40
25.0
100
AcDbArc
 50
270.0
 51
0.0
  0
ENDBLK
  5
813
330
7F0
100
AcDbEntity
  8
0
100
AcDbBlockEnd
  0
BLOCK
  5
8BE
330
8BD
100
AcDbEntity
  8
0
100
AcDbBlockBegin
  2
RANGE
 70
     0
 10
0.0
 20
0.0
 30
0.0
  3
RANGE
  1

  0
CIRCLE
  5
8BF
330
8BD
100
AcDbEntity
  8
0
100
AcDbCircle
 10
280.0
 20
-550.0
 30
0.0
 40
35.0
  0
LWPOLYLINE
  5
8C0
330
8BD
100
AcDbEntity
  8
0
100
AcDbPolyline
 90
        4
 70
     1
 43
0.0
 10
140.0
 20
-690.0
 10
140.0
 20
-410.0
 10
420.0
 20
-410.0
 10
420.0
 20
-690.0
  0
LWPOLYLINE
  5
8C1
330
8BD
100
AcDbEntity
  8
0
100
AcDbPolyline
 90
        4
 70
     1
 43
0.0
 10
140.0
 20
-70.0
 10
140.0
 20
-350.0
 10
420.0
 20
-350.0
 10
420.0
 20
-70.0
  0
CIRCLE
  5
8C2
330
8BD
100
AcDbEntity
  8
0
100
AcDbCircle
 10
280.0
 20
-210.0
 30
0.0
 40
35.0
  0
LWPOLYLINE
  5
8C3
330
8BD
100
AcDbEntity
  8
0
100
AcDbPolyline
 90
        4
 70
     1
 43
0.0
 10
315.1305655021133
 20
-724.4703159999954
 10
315.1305655021133
 20
-706.2993543999946
 10
262.7560585021056
 20
-706.2993543999946
 10
262.7560585021056
 20
-724.4703159999954
  0
LWPOLYLINE
  5
8C4
330
8BD
100
AcDbEntity
  8
0
100
AcDbPolyline
 90
        4
 70
     1
 43
0.0
 10
450.0
 20
-730.0
 10
450.0
 20
-30.0
 10
-450.0
 20
-30.0
 10
-450.0
 20
-730.0
  0
LINE
  5
8C5
330
8BD
100
AcDbEntity
  8
0
100
AcDbLine
 10
-280.0
 20
-410.0
 30
0.0
 11
-280.0
 21
-515.0
 31
0.0
  0
LWPOLYLINE
  5
8C6
330
8BD
100
AcDbEntity
  8
0
100
AcDbPolyline
 90
        4
 70
     1
 43
0.0
 10
-140.0
 20
-690.0
 10
-140.0
 20
-410.0
 10
-420.0000000000017
 20
-410.0
 10
-420.0
 20
-690.0
  0
LWPOLYLINE
  5
8C7
330
8BD
100
AcDbEntity
  8
0
100
AcDbPolyline
 90
        8
 70
     1
 43
0.0
 10
50.0
 20
-690.0
 10
-50.0
 20
-690.0
 42
-0.4142135623730951
 10
-65.0
 20
-675.0
 10
-65.0
 20
-85.0
 42
-0.4142135623730951
 10
-50.0
 20
-70.0
 10
50.0
 20
-70.0
 42
-0.4142135623730951
 10
65.0
 20
-85.0
 10
65.0
 20
-675.0
 42
-0.4142135623730951
  0
LWPOLYLINE
  5
8C8
330
8BD
100
AcDbEntity
  8
0
 62
     8
390
928
100
AcDbPolyline
 90
        6
 70
     0
 43
0.0
 10
109.9680417229028
 20
-730.0
 10
109.9680417229028
 20
-765.6979600006524
 42
-0.4142135623730951
 10
92.46904172290305
 20
-783.1969600006523
 10
-292.5089582811706
 20
-783.1969600006523
 42
-0.4142135623730951
 10
-310.0079582811704
 20
-765.6979600006524
 10
-310.0079582811704
 20
-730.0
  0
CIRCLE
  5
8C9
330
8BD
100
AcDbEntity
  8
0
100
AcDbCircle
 10
-280.0
 20
-550.0
 30
0.0
 40
35.0
  0
LINE
  5
8CA
330
8BD
100
AcDbEntity
  8
0
100
AcDbLine
 10
-315.0
 20
-550.0
 30
0.0
 11
-420.0
 21
-550.0
 31
0.0
  0
LINE
  5
8CB
330
8BD
100
AcDbEntity
  8
0
100
AcDbLine
 10
-329.4974746830576
 20
-599.4974746830592
 30
0.0
 11
-419.999999999998
 21
-690.0
 31
0.0
  0
LWPOLYLINE
  5
8CC
330
8BD
100
AcDbEntity
  8
0
100
AcDbPolyline
 90
        4
 70
     1
 43
0.0
 10
-336.5537543398204
 20
-706.2993543999946
 10
-388.9294279398346
 20
-706.2993543999946
 10
-388.9294279398346
 20
-724.4703159999954
 10
-336.5537543398204
 20
-724.4703159999954
  0
LWPOLYLINE
  5
8CD
330
8BD
100
AcDbEntity
  8
0
100
AcDbPolyline
 90
        4
 70
     1
 43
0.0
 10
-377.9435557398283
 20
-761.9905052000067
 10
-345.2787557398297
 20
-761.9905052000067
 10
-345.2787557398297
 20
-736.0289888000079
 10
-377.9435557398283
 20
-736.0289888000079
  0
LWPOLYLINE
  5
8CE
330
8BD
100
AcDbEntity
  8
0
 62
     8
390
928
100
AcDbPolyline
 90
        6
 70
     0
 43
0.0
 10
98.30204172290542
 20
-730.0
 10
98.30204172290542
 20
-765.6979600006524
 42
-0.4142135623732777
 10
92.46904172290305
 20
-771.5309600006512
 10
-292.5089582811706
 20
-771.5309600006512
 42
-0.4142135623730951
 10
-298.3419582811693
 20
-765.6979600006524
 10
-298.3419582811693
 20
-730.0
  0
LINE
  5
8CF
330
8BD
100
AcDbEntity
  8
0
100
AcDbLine
 10
140.0000000000036
 20
-690.0
 30
0.0
 11
230.5025253169442
 21
-599.4974746830592
 31
0.0
  0
LINE
  5
8D0
330
8BD
100
AcDbEntity
  8
0
100
AcDbLine
 10
140.0
 20
-550.0
 30
0.0
 11
245.0
 21
-550.0
 31
0.0
  0
LINE
  5
8D1
330
8BD
100
AcDbEntity
  8
0
100
AcDbLine
 10
-280.0
 20
-585.0
 30
0.0
 11
-280.0
 21
-690.0
 31
0.0
  0
LINE
  5
8D2
330
8BD
100
AcDbEntity
  8
0
100
AcDbLine
 10
-140.0
 20
-550.0
 30
0.0
 11
-245.0
 21
-550.0
 31
0.0
  0
LINE
  5
8D3
330
8BD
100
AcDbEntity
  8
0
100
AcDbLine
 10
-140.0000000000036
 20
-690.0
 30
0.0
 11
-230.5025253169442
 21
-599.4974746830592
 31
0.0
  0
LWPOLYLINE
  5
8D4
330
8BD
100
AcDbEntity
  8
0
100
AcDbPolyline
 90
        4
 70
     1
 43
0.0
 10
-238.2175405398339
 20
-706.2993543999946
 10
-290.5920475398416
 20
-706.2993543999946
 10
-290.5920475398416
 20
-724.4703159999954
 10
-238.2175405398339
 20
-724.4703159999954
  0
LWPOLYLINE
  5
8D5
330
8BD
100
AcDbEntity
  8
0
100
AcDbPolyline
 90
        4
 70
     1
 43
0.0
 10
-246.6718907398208
 20
-761.9905052000067
 10
-246.6718907398208
 20
-736.0289888000079
 10
-279.3366907398195
 20
-736.0289888000079
 10
-279.3366907398195
 20
-761.9905052000067
  0
LWPOLYLINE
  5
8D6
330
8BD
100
AcDbEntity
  8
0
100
AcDbPolyline
 90
        4
 70
     1
 43
0.0
 10
-137.7432989198314
 20
-706.2993543999946
 10
-190.1181558998323
 20
-706.2993543999946
 10
-190.1181558998323
 20
-724.4703159999954
 10
-137.7432989198314
 20
-724.4703159999954
  0
LWPOLYLINE
  5
8D7
330
8BD
100
AcDbEntity
  8
0
100
AcDbPolyline
 90
        4
 70
     1
 43
0.0
 10
-146.6302243998179
 20
-761.9905052000067
 10
-146.6302243998179
 20
-736.0289888000079
 10
-179.2950243998239
 20
-736.0289888000079
 10
-179.2950243998239
 20
-761.9905052000067
  0
LWPOLYLINE
  5
8D8
330
8BD
100
AcDbEntity
  8
0
100
AcDbPolyline
 90
        4
 70
     1
 43
0.0
 10
-36.19998505981858
 20
-706.2993543999946
 10
-88.57495869983177
 20
-706.2993543999946
 10
-88.57495869983177
 20
-724.4703159999954
 10
-36.19998505981858
 20
-724.4703159999954
  0
LWPOLYLINE
  5
8D9
330
8BD
100
AcDbEntity
  8
0
100
AcDbPolyline
 90
        4
 70
     1
 43
0.0
 10
-46.58855805982239
 20
-761.9905052000067
 10
-46.58855805982239
 20
-736.0289888000079
 10
-79.25335805982104
 20
-736.0289888000079
 10
-79.25335805982104
 20
-761.9905052000067
  0
LWPOLYLINE
  5
8DA
330
8BD
100
AcDbEntity
  8
0
100
AcDbPolyline
 90
        4
 70
     1
 43
0.0
 10
61.06797312017079
 20
-706.2993543999946
 10
8.693116140169877
 20
-706.2993543999946
 10
8.693116140169877
 20
-724.4703159999954
 10
61.06797312017079
 20
-724.4703159999954
  0
LWPOLYLINE
  5
8DB
330
8BD
100
AcDbEntity
  8
0
100
AcDbPolyline
 90
        4
 70
     1
 43
0.0
 10
19.51624764017832
 20
-761.9905052000067
 10
52.18104764018426
 20
-761.9905052000067
 10
52.18104764018426
 20
-736.0289888000079
 10
19.51624764017832
 20
-736.0289888000079
  0
LWPOLYLINE
  5
8DC
330
8BD
100
AcDbEntity
  8
0
100
AcDbPolyline
 90
        4
 70
     1
 43
0.0
 10
162.6112869801836
 20
-706.2993543999946
 10
110.2363133401704
 20
-706.2993543999946
 10
110.2363133401704
 20
-724.4703159999954
 10
162.6112869801836
 20
-724.4703159999954
  0
LWPOLYLINE
  5
8DD
330
8BD
100
AcDbEntity
  8
0
100
AcDbPolyline
 90
        4
 70
     1
 43
0.0
 10
152.2227139801798
 20
-736.0289888000079
 10
119.5579139801812
 20
-736.0289888000079
 10
119.5579139801812
 20
-761.9905052000067
 10
152.2227139801798
 20
-761.9905052000067
  0
CIRCLE
  5
8DE
330
8BD
100
AcDbEntity
  8
0
100
AcDbCircle
 10
-280.0
 20
-210.0
 30
0.0
 40
35.0
  0
LWPOLYLINE
  5
8DF
330
8BD
100
AcDbEntity
  8
0
100
AcDbPolyline
 90
        4
 70
     1
 43
0.0
 10
-140.0
 20
-70.0
 10
-140.0
 20
-350.0
 10
-420.0000000000017
 20
-350.0
 10
-420.0
 20
-70.0
  0
LINE
  5
8E0
330
8BD
100
AcDbEntity
  8
0
100
AcDbLine
 10
-329.4974746830594
 20
-500.5025253169441
 30
0.0
 11
-420.0
 21
-410.0000000000036
 31
0.0
  0
LINE
  5
8E1
330
8BD
100
AcDbEntity
  8
0
100
AcDbLine
 10
-329.4974746830576
 20
-160.5025253169406
 30
0.0
 11
-419.999999999998
 21
-70.0
 31
0.0
  0
LINE
  5
8E2
330
8BD
100
AcDbEntity
  8
0
100
AcDbLine
 10
-329.4974746830594
 20
-259.4974746830558
 30
0.0
 11
-420.0
 21
-349.9999999999964
 31
0.0
  0
LINE
  5
8E3
330
8BD
100
AcDbEntity
  8
0
100
AcDbLine
 10
-315.0
 20
-210.0
 30
0.0
 11
-420.0
 21
-210.0
 31
0.0
  0
LINE
  5
8E4
330
8BD
100
AcDbEntity
  8
0
100
AcDbLine
 10
140.0
 20
-409.9999999999964
 30
0.0
 11
230.5025253169406
 21
-500.5025253169406
 31
0.0
  0
LINE
  5
8E5
330
8BD
100
AcDbEntity
  8
0
100
AcDbLine
 10
-140.0
 20
-409.9999999999964
 30
0.0
 11
-230.5025253169406
 21
-500.5025253169406
 31
0.0
  0
LINE
  5
8E6
330
8BD
100
AcDbEntity
  8
0
100
AcDbLine
 10
-140.0
 20
-350.0000000000036
 30
0.0
 11
-230.5025253169406
 21
-259.4974746830594
 31
0.0
  0
LINE
  5
8E7
330
8BD
100
AcDbEntity
  8
0
100
AcDbLine
 10
-140.0000000000036
 20
-70.0
 30
0.0
 11
-230.5025253169442
 21
-160.5025253169406
 31
0.0
  0
LINE
  5
8E8
330
8BD
100
AcDbEntity
  8
0
100
AcDbLine
 10
-140.0
 20
-210.0
 30
0.0
 11
-245.0
 21
-210.0
 31
0.0
  0
LINE
  5
8E9
330
8BD
100
AcDbEntity
  8
0
100
AcDbLine
 10
-280.0
 20
-350.0
 30
0.0
 11
-280.0
 21
-245.0
 31
0.0
  0
LINE
  5
8EA
330
8BD
100
AcDbEntity
  8
0
100
AcDbLine
 10
-280.0
 20
-175.0
 30
0.0
 11
-280.0
 21
-70.0
 31
0.0
  0
LINE
  5
8EB
330
8BD
100
AcDbEntity
  8
0
100
AcDbLine
 10
140.0
 20
-210.0
 30
0.0
 11
245.0
 21
-210.0
 31
0.0
  0
LINE
  5
8EC
330
8BD
100
AcDbEntity
  8
0
100
AcDbLine
 10
140.0000000000036
 20
-70.0
 30
0.0
 11
230.5025253169442
 21
-160.5025253169406
 31
0.0
  0
LINE
  5
8ED
330
8BD
100
AcDbEntity
  8
0
100
AcDbLine
 10
140.0
 20
-350.0000000000036
 30
0.0
 11
230.5025253169406
 21
-259.4974746830594
 31
0.0
  0
LINE
  5
8EE
330
8BD
100
AcDbEntity
  8
0
100
AcDbLine
 10
280.0
 20
-410.0
 30
0.0
 11
280.0
 21
-515.0
 31
0.0
  0
LINE
  5
8EF
330
8BD
100
AcDbEntity
  8
0
100
AcDbLine
 10
329.4974746830558
 20
-599.4974746830592
 30
0.0
 11
420.0
 21
-690.0
 31
0.0
  0
LINE
  5
8F0
330
8BD
100
AcDbEntity
  8
0
100
AcDbLine
 10
315.0
 20
-550.0
 30
0.0
 11
420.0
 21
-550.0
 31
0.0
  0
LINE
  5
8F1
330
8BD
100
AcDbEntity
  8
0
100
AcDbLine
 10
280.0
 20
-585.0
 30
0.0
 11
280.0
 21
-690.0
 31
0.0
  0
LWPOLYLINE
  5
8F2
330
8BD
100
AcDbEntity
  8
0
100
AcDbPolyline
 90
        4
 70
     1
 43
0.0
 10
410.2609625021141
 20
-706.2993543999946
 10
357.8864555021064
 20
-706.2993543999946
 10
357.8864555021064
 20
-724.4703159999954
 10
410.2609625021141
 20
-724.4703159999954
  0
LWPOLYLINE
  5
8F3
330
8BD
100
AcDbEntity
  8
0
100
AcDbPolyline
 90
        4
 70
     1
 43
0.0
 10
398.8026173021135
 20
-761.9905052000067
 10
398.8026173021135
 20
-736.0289888000079
 10
366.1378173021148
 20
-736.0289888000079
 10
366.1378173021148
 20
-761.9905052000067
  0
LWPOLYLINE
  5
8F4
330
8BD
100
AcDbEntity
  8
0
100
AcDbPolyline
 90
        4
 70
     1
 43
0.0
 10
305.8105981021145
 20
-761.9905052000067
 10
305.8105981021145
 20
-736.0289888000079
 10
273.1457981021085
 20
-736.0289888000079
 10
273.1457981021085
 20
-761.9905052000067
  0
LINE
  5
8F5
330
8BD
100
AcDbEntity
  8
0
100
AcDbLine
 10
329.4974746830594
 20
-500.5025253169441
 30
0.0
 11
420.0
 21
-410.0000000000036
 31
0.0
  0
LINE
  5
8F6
330
8BD
100
AcDbEntity
  8
0
100
AcDbLine
 10
280.0
 20
-175.0
 30
0.0
 11
280.0
 21
-70.0
 31
0.0
  0
LINE
  5
8F7
330
8BD
100
AcDbEntity
  8
0
100
AcDbLine
 10
280.0
 20
-350.0
 30
0.0
 11
280.0
 21
-245.0
 31
0.0
  0
LINE
  5
8F8
330
8BD
100
AcDbEntity
  8
0
100
AcDbLine
 10
315.0
 20
-210.0
 30
0.0
 11
420.0
 21
-210.0
 31
0.0
  0
LINE
  5
8F9
330
8BD
100
AcDbEntity
  8
0
100
AcDbLine
 10
329.4974746830594
 20
-259.4974746830558
 30
0.0
 11
420.0
 21
-349.9999999999964
 31
0.0
  0
LINE
  5
8FA
330
8BD
100
AcDbEntity
  8
0
100
AcDbLine
 10
329.4974746830558
 20
-160.5025253169406
 30
0.0
 11
420.0
 21
-70.0
 31
0.0
  0
ENDBLK
  5
8FB
330
8BD
100
AcDbEntity
  8
0
100
AcDbBlockEnd
  0
BLOCK
  5
8FE
330
8FC
100
AcDbEntity
  8
0
100
AcDbBlockBegin
  2
agc-ref2
 70
     0
 10
0.0
 20
0.0
 30
0.0
  3
agc-ref2
  1

  0
LINE
  5
8FF
330
8FC
100
AcDbEntity
  8
0
 62
     8
100
AcDbLine
 10
0.5970710678118536
 20
0.6370710678118741
 30
0.0
 11
0.5970710678118536
 21
0.0070710678118644
 31
0.0
1001
AcDbBlockRepETag
1070
     1
1071
        0
1005
8FF
  0
LINE
  5
900
330
8FC
100
AcDbEntity
  8
0
 62
     8
100
AcDbLine
 10
-0.0029289321881407
 20
0.0070710678118644
 30
0.0
 11
-0.0029289321881407
 21
0.6370710678118741
 31
0.0
1001
AcDbBlockRepETag
1070
     1
1071
        1
1005
900
  0
LINE
  5
901
330
8FC
100
AcDbEntity
  8
0
 62
     8
100
AcDbLine
 10
0.5970710678118536
 20
0.0370710678118513
 30
0.0
 11
-0.0029289321881407
 21
0.0370710678118655
 31
0.0
1001
AcDbBlockRepETag
1070
     1
1071
        2
1005
901
  0
LINE
  5
902
330
8FC
100
AcDbEntity
  8
0
 62
     8
100
AcDbLine
 10
0.5870710678118485
 20
-0.0029289321881407
 30
0.0
 11
0.0070710678118644
 21
-0.0029289321881407
 31
0.0
1001
AcDbBlockRepETag
1070
     1
1071
        3
1005
902
  0
LINE
  5
903
330
8FC
100
AcDbEntity
  8
0
 62
     8
100
AcDbLine
 10
0.5870710678118485
 20
0.0470710678118564
 30
0.0
 11
0.0070710678118644
 21
0.0470710678118564
 31
0.0
1001
AcDbBlockRepETag
1070
     1
1071
        4
1005
903
  0
LWPOLYLINE
  5
904
330
8FC
100
AcDbEntity
  8
0
 62
     8
100
AcDbPolyline
 90
        4
 70
     1
 43
0.0
 10
0.0286604791179883
 20
-0.0029289321881407
 10
0.0698983389768131
 20
-0.0029289321881407
 10
0.0698983389768131
 20
-0.0234158950024579
 10
0.0286604791179883
 20
-0.0234158950024579
1001
AcDbBlockRepETag
1070
     1
1071
        5
1005
904
  0
ARC
  5
905
330
8FC
100
AcDbEntity
  8
0
 62
     8
100
AcDbCircle
 10
0.0070710678118644
 20
0.0070710678118644
 30
0.0
 40
0.01
100
AcDbArc
 50
180.0
 51
270.0
1001
AcDbBlockRepETag
1070
     1
1071
        6
1005
905
  0
ARC
  5
906
330
8FC
100
AcDbEntity
  8
0
 62
     8
100
AcDbCircle
 10
0.0070710678118644
 20
0.0570710678118616
 30
0.0
 40
0.01
100
AcDbArc
 50
180.0
 51
270.0
1001
AcDbBlockRepETag
1070
     1
1071
        7
1005
906
  0
ARC
  5
907
330
8FC
100
AcDbEntity
  8
0
 62
     8
100
AcDbCircle
 10
0.5870710678118485
 20
0.0070710678118644
 30
0.0
 40
0.01
100
AcDbArc
 50
269.9999999999992
 51
0.0
1001
AcDbBlockRepETag
1070
     1
1071
        8
1005
907
  0
ARC
  5
908
330
8FC
100
AcDbEntity
  8
0
 62
     8
100
AcDbCircle
 10
0.5870710678118485
 20
0.0570710678118616
 30
0.0
 40
0.01
100
AcDbArc
 50
270.0
 51
0.0
1001
AcDbBlockRepETag
1070
     1
1071
        9
1005
908
  0
LINE
  5
909
330
8FC
100
AcDbEntity
  8
0
 62
     8
100
AcDbLine
 10
0.0070710678118644
 20
0.647071067811865
 30
0.0
 11
0.5870710678118485
 21
0.647071067811865
 31
0.0
1001
AcDbBlockRepETag
1070
     1
1071
       10
1005
909
  0
ARC
  5
90A
330
8FC
100
AcDbEntity
  8
0
 62
     8
100
AcDbCircle
 10
0.0070710678118644
 20
0.6370710678118741
 30
0.0
 40
0.01
100
AcDbArc
 50
90.0
 51
180.0
1001
AcDbBlockRepETag
1070
     1
1071
       11
1005
90A
  0
ARC
  5
90B
330
8FC
100
AcDbEntity
  8
0
 62
     8
100
AcDbCircle
 10
0.5870710678118485
 20
0.6370710678118741
 30
0.0
 40
0.01
100
AcDbArc
 50
0.0
 51
90.0
1001
AcDbBlockRepETag
1070
     1
1071
       12
1005
90B
  0
ENDBLK
  5
90C
330
8FC
100
AcDbEntity
  8
0
100
AcDbBlockEnd
  0
BLOCK
  5
90E
330
90D
100
AcDbEntity
  8
0
100
AcDbBlockBegin
  2
KSINK-1
 70
     0
 10
0.0
 20
0.0
 30
0.0
  3
KSINK-1
  1

  0
LWPOLYLINE
  5
90F
330
90D
100
AcDbEntity
  8
A-FIXT
100
AcDbPolyline
 90
       10
 70
     0
 43
0.0
 10
128.995576602203
 20
136.1385515833681
 42
-0.1257957929170756
 10
104.9999999999963
 20
130.0043959674403
 10
-144.9954037465322
 20
130.0043959674403
 42
-0.4142135623730951
 10
-194.9954037465321
 20
180.0043959674403
 10
-194.9954037465321
 20
505.0
 42
-0.4142135623730951
 10
-144.9954037465322
 20
555.0
 10
104.9999999999963
 20
555.0
 42
-0.4142135623730951
 10
154.9999999999963
 20
505.0
 10
154.9999999999963
 20
180.0043959674403
 42
-0.1147884363088271
 10
149.8656419269209
 20
157.9346389573364
 42
-0.1147884363088271
  0
LWPOLYLINE
  5
910
330
90D
100
AcDbEntity
  8
A-FIXT
100
AcDbPolyline
 90
        4
 70
     1
 43
0.0
 10
600.0
 20
600.0
 10
600.0
 20
0.0
 10
-600.0
 20
0.0
 10
-600.0
 20
600.0
  0
LWPOLYLINE
  5
911
330
90D
100
AcDbEntity
  8
A-FIXT
100
AcDbPolyline
 90
        4
 70
     1
 43
0.0
 10
579.9999999999962
 20
70.0
 10
-580.0
 20
70.0
 10
-580.0
 20
579.9999999999962
 10
579.9999999999962
 20
580.0
  0
LWPOLYLINE
  5
912
330
90D
100
AcDbEntity
  8
A-FIXT
100
AcDbPolyline
 90
        2
 70
     0
 43
0.0
 10
600.0
 20
50.0
 10
-600.0
 20
50.0
  0
LINE
  5
913
330
90D
100
AcDbEntity
  8
A-FIXT
100
AcDbLine
 10
-555.0
 20
125.0
 30
0.0
 11
-219.9954037465286
 21
125.0
 31
0.0
  0
LINE
  5
914
330
90D
100
AcDbEntity
  8
A-FIXT
100
AcDbLine
 10
-555.0
 20
175.0
 30
0.0
 11
-219.9954037465286
 21
175.0
 31
0.0
  0
LINE
  5
915
330
90D
100
AcDbEntity
  8
A-FIXT
100
AcDbLine
 10
-555.0
 20
225.0
 30
0.0
 11
-219.9954037465286
 21
225.0
 31
0.0
  0
LINE
  5
916
330
90D
100
AcDbEntity
  8
A-FIXT
100
AcDbLine
 10
-555.0
 20
275.0
 30
0.0
 11
-219.9954037465286
 21
275.0
 31
0.0
  0
LINE
  5
917
330
90D
100
AcDbEntity
  8
A-FIXT
100
AcDbLine
 10
-555.0
 20
325.0
 30
0.0
 11
-219.9954037465286
 21
325.0
 31
0.0
  0
LINE
  5
918
330
90D
100
AcDbEntity
  8
A-FIXT
100
AcDbLine
 10
-555.0
 20
525.0
 30
0.0
 11
-219.9954037465286
 21
525.0
 31
0.0
  0
LINE
  5
919
330
90D
100
AcDbEntity
  8
A-FIXT
100
AcDbLine
 10
-555.0
 20
475.0
 30
0.0
 11
-219.9954037465286
 21
475.0
 31
0.0
  0
LINE
  5
91A
330
90D
100
AcDbEntity
  8
A-FIXT
100
AcDbLine
 10
-555.0
 20
425.0
 30
0.0
 11
-219.9954037465286
 21
425.0
 31
0.0
  0
LINE
  5
91B
330
90D
100
AcDbEntity
  8
A-FIXT
100
AcDbLine
 10
-555.0
 20
375.0
 30
0.0
 11
-219.9954037465286
 21
375.0
 31
0.0
  0
LWPOLYLINE
  5
91C
330
90D
100
AcDbEntity
  8
A-FIXT
100
AcDbPolyline
 90
        8
 70
     1
 43
0.0
 10
529.9999999999963
 20
505.0
 10
529.9999999999963
 20
180.0043959674403
 42
-0.4142135623730951
 10
479.9999999999963
 20
130.0043959674403
 10
230.0045962534678
 20
130.0043959674403
 42
-0.4142135623730951
 10
180.0045962534676
 20
180.0043959674403
 10
180.0045962534676
 20
505.0
 42
-0.4142135623730951
 10
230.0045962534678
 20
555.0
 10
479.9999999999963
 20
555.0
 42
-0.4142135623730951
  0
LINE
  5
91D
330
90D
100
AcDbEntity
  8
A-FIXT
100
AcDbLine
 10
124.978708044724
 20
201.1294105849483
 30
0.0
 11
171.5194118673025
 21
120.351477774082
 31
0.0
  0
ARC
  5
91E
330
90D
100
AcDbEntity
  8
A-FIXT
100
AcDbCircle
 10
115.4781561834934
 20
187.0826278350141
 30
0.0
 40
16.95796542348201
100
AcDbArc
 50
55.92751609564817
 51
173.9528708996587
  0
CIRCLE
  5
91F
330
90D
100
AcDbEntity
  8
A-FIXT
100
AcDbCircle
 10
164.2993096510909
 20
102.3466541464985
 30
0.0
 40
19.39854504663795
  0
LINE
  5
920
330
90D
100
AcDbEntity
  8
A-FIXT
100
AcDbLine
 10
98.61455203267906
 20
188.8690897969281
 30
0.0
 11
145.565095781425
 21
107.3798221909164
 31
0.0
  0
CIRCLE
  5
921
330
90D
100
AcDbEntity
  8
A-FIXT
100
AcDbCircle
 10
116.5680072726863
 20
103.8304971008983
 30
0.0
 40
12.19556857718271
  0
CIRCLE
  5
922
330
90D
100
AcDbEntity
  8
A-FIXT
100
AcDbCircle
 10
211.0836637458596
 20
103.8304971008983
 30
0.0
 40
12.19556857718271
  0
ENDBLK
  5
923
330
90D
100
AcDbEntity
  8
0
100
AcDbBlockEnd
  0
BLOCK
  5
1F57
330
1F56
100
AcDbEntity
  8
0
100
AcDbBlockBegin
  2
*D47
 70
     1
 10
0.0
 20
0.0
 30
0.0
  3
*D47
  1

  0
LINE
  5
200A
330
1F56
100
AcDbEntity
  8
0
 62
   253
440
 16777216
370
    -2
100
AcDbLine
 10
1842.491004857876
 20
13986.08629743848
 30
0.0
 11
1535.503308490757
 21
13986.08629743848
 31
0.0
  0
LINE
  5
200B
330
1F56
100
AcDbEntity
  8
0
 62
   253
440
 16777216
370
    -2
100
AcDbLine
 10
3992.491004857879
 20
12536.08629743848
 30
0.0
 11
1535.503308490758
 21
12536.08629743848
 31
0.0
  0
LINE
  5
200C
330
1F56
100
AcDbEntity
  8
0
 62
   253
440
 16777216
370
    -2
100
AcDbLine
 10
1615.503308490758
 20
14066.08629743848
 30
0.0
 11
1615.503308490758
 21
12456.08629743848
 31
0.0
  0
INSERT
  5
200D
330
1F56
100
AcDbEntity
  8
0
 62
   253
440
 16777216
370
    -2
100
AcDbBlockReference
  2
_ArchTick
 10
1615.503308490758
 20
13986.08629743848
 30
0.0
 41
80.0
 42
80.0
 43
80.0
 50
90.0
  0
INSERT
  5
200E
330
1F56
100
AcDbEntity
  8
0
 62
   253
440
 16777216
370
    -2
100
AcDbBlockReference
  2
_ArchTick
 10
1615.503308490758
 20
12536.08629743848
 30
0.0
 41
80.0
 42
80.0
 43
80.0
 50
270.0
  0
MTEXT
  5
200F
330
1F56
100
AcDbEntity
  8
0
 62
     1
440
 16777216
100
AcDbMText
 10
1544.446009718592
 20
13261.08629743848
 30
0.0
 40
100.0
 41
0.0
 46
0.0
 71
     5
 72
     1
  1
\A1;1450
 11
0.0000000000000001
 21
1.0
 31
0.0
 73
     1
 44
1.0
  0
POINT
  5
2010
330
1F56
100
AcDbEntity
  8
Defpoints
 62
     0
440
 16777216
100
AcDbPoint
 10
1922.491004857876
 20
13986.08629743848
 30
0.0
  0
POINT
  5
2011
330
1F56
100
AcDbEntity
  8
Defpoints
 62
     0
440
 16777216
100
AcDbPoint
 10
4072.491004857877
 20
12536.08629743848
 30
0.0
  0
POINT
  5
2012
330
1F56
100
AcDbEntity
  8
Defpoints
 62
     0
440
 16777216
100
AcDbPoint
 10
1615.503308490758
 20
12536.08629743848
 30
0.0
  0
ENDBLK
  5
1F58
330
1F56
100
AcDbEntity
  8
0
100
AcDbBlockEnd
  0
BLOCK
  5
1F63
330
1F62
100
AcDbEntity
  8
0
100
AcDbBlockBegin
  2
*D48
 70
     1
 10
0.0
 20
0.0
 30
0.0
  3
*D48
  1

  0
LINE
  5
1F65
330
1F62
100
AcDbEntity
  8
0
 62
   253
440
 16777216
370
    -2
100
AcDbLine
 10
10002.49100485788
 20
13986.08629743848
 30
0.0
 11
10996.72011245669
 21
13986.08629743848
 31
0.0
  0
LINE
  5
1F66
330
1F62
100
AcDbEntity
  8
0
 62
   253
440
 16777216
370
    -2
100
AcDbLine
 10
10002.49100485788
 20
3986.086297438475
 30
0.0
 11
10996.72011245669
 21
3986.086297438475
 31
0.0
  0
LINE
  5
1F67
330
1F62
100
AcDbEntity
  8
0
 62
   253
440
 16777216
370
    -2
100
AcDbLine
 10
10916.72011245669
 20
14066.08629743848
 30
0.0
 11
10916.72011245669
 21
3906.086297438476
 31
0.0
  0
INSERT
  5
1F68
330
1F62
100
AcDbEntity
  8
0
 62
   253
440
 16777216
370
    -2
100
AcDbBlockReference
  2
_ArchTick
 10
10916.72011245669
 20
13986.08629743848
 30
0.0
 41
80.0
 42
80.0
 43
80.0
 50
90.0
  0
INSERT
  5
1F69
330
1F62
100
AcDbEntity
  8
0
 62
   253
440
 16777216
370
    -2
100
AcDbBlockReference
  2
_ArchTick
 10
10916.72011245669
 20
3986.086297438475
 30
0.0
 41
80.0
 42
80.0
 43
80.0
 50
270.0
  0
MTEXT
  5
1F6A
330
1F62
100
AcDbEntity
  8
0
 62
     1
440
 16777216
100
AcDbMText
 10
10845.66281368452
 20
8986.086297438474
 30
0.0
 40
100.0
 41
0.0
 46
0.0
 71
     5
 72
     1
  1
\A1;10000
 11
0.0000000000000001
 21
1.0
 31
0.0
 73
     1
 44
1.0
  0
POINT
  5
1F6B
330
1F62
100
AcDbEntity
  8
Defpoints
 62
     0
440
 16777216
100
AcDbPoint
 10
9922.491004857882
 20
13986.08629743848
 30
0.0
  0
POINT
  5
1F6C
330
1F62
100
AcDbEntity
  8
Defpoints
 62
     0
440
 16777216
100
AcDbPoint
 10
9922.491004857882
 20
3986.086297438475
 30
0.0
  0
POINT
  5
1F6D
330
1F62
100
AcDbEntity
  8
Defpoints
 62
     0
440
 16777216
100
AcDbPoint
 10
10916.72011245669
 20
3986.086297438475
 30
0.0
  0
ENDBLK
  5
1F64
330
1F62
100
AcDbEntity
  8
0
100
AcDbBlockEnd
  0
BLOCK
  5
1F6F
330
1F6E
100
AcDbEntity
  8
0
100
AcDbBlockBegin
  2
*D49
 70
     1
 10
0.0
 20
0.0
 30
0.0
  3
*D49
  1

  0
LINE
  5
1F71
330
1F6E
100
AcDbEntity
  8
0
 62
   253
440
 16777216
370
    -2
100
AcDbLine
 10
10002.49100485788
 20
13986.08629743848
 30
0.0
 11
10741.11006182954
 21
13986.08629743848
 31
0.0
  0
LINE
  5
1F72
330
1F6E
100
AcDbEntity
  8
0
 62
   253
440
 16777216
370
    -2
100
AcDbLine
 10
10002.49100485788
 20
11486.08629743848
 30
0.0
 11
10741.11006182954
 21
11486.08629743848
 31
0.0
  0
LINE
  5
1F73
330
1F6E
100
AcDbEntity
  8
0
 62
   253
440
 16777216
370
    -2
100
AcDbLine
 10
10661.11006182954
 20
14066.08629743848
 30
0.0
 11
10661.11006182954
 21
11406.08629743848
 31
0.0
  0
INSERT
  5
1F74
330
1F6E
100
AcDbEntity
  8
0
 62
   253
440
 16777216
370
    -2
100
AcDbBlockReference
  2
_ArchTick
 10
10661.11006182954
 20
13986.08629743848
 30
0.0
 41
80.0
 42
80.0
 43
80.0
 50
90.0
  0
INSERT
  5
1F75
330
1F6E
100
AcDbEntity
  8
0
 62
   253
440
 16777216
370
    -2
100
AcDbBlockReference
  2
_ArchTick
 10
10661.11006182954
 20
11486.08629743848
 30
0.0
 41
80.0
 42
80.0
 43
80.0
 50
270.0
  0
MTEXT
  5
1F76
330
1F6E
100
AcDbEntity
  8
0
 62
     1
440
 16777216
100
AcDbMText
 10
10590.05276305737
 20
12736.08629743847
 30
0.0
 40
100.0
 41
0.0
 46
0.0
 71
     5
 72
     1
  1
\A1;2500
 11
0.0000000000000001
 21
1.0
 31
0.0
 73
     1
 44
1.0
  0
POINT
  5
1F77
330
1F6E
100
AcDbEntity
  8
Defpoints
 62
     0
440
 16777216
100
AcDbPoint
 10
9922.491004857882
 20
13986.08629743848
 30
0.0
  0
POINT
  5
1F78
330
1F6E
100
AcDbEntity
  8
Defpoints
 62
     0
440
 16777216
100
AcDbPoint
 10
9922.491004857882
 20
11486.08629743848
 30
0.0
  0
POINT
  5
1F79
330
1F6E
100
AcDbEntity
  8
Defpoints
 62
     0
440
 16777216
100
AcDbPoint
 10
10661.11006182954
 20
11486.08629743848
 30
0.0
  0
ENDBLK
  5
1F70
330
1F6E
100
AcDbEntity
  8
0
100
AcDbBlockEnd
  0
BLOCK
  5
1F7B
330
1F7A
100
AcDbEntity
  8
0
100
AcDbBlockBegin
  2
*D50
 70
     1
 10
0.0
 20
0.0
 30
0.0
  3
*D50
  1

  0
LINE
  5
1F7D
330
1F7A
100
AcDbEntity
  8
0
 62
   253
440
 16777216
370
    -2
100
AcDbLine
 10
10002.49100485788
 20
11486.08629743848
 30
0.0
 11
10741.11006182955
 21
11486.08629743848
 31
0.0
  0
LINE
  5
1F7E
330
1F7A
100
AcDbEntity
  8
0
 62
   253
440
 16777216
370
    -2
100
AcDbLine
 10
10002.49100485788
 20
9136.086297438479
 30
0.0
 11
10741.11006182955
 21
9136.086297438479
 31
0.0
  0
LINE
  5
1F7F
330
1F7A
100
AcDbEntity
  8
0
 62
   253
440
 16777216
370
    -2
100
AcDbLine
 10
10661.11006182955
 20
11566.08629743848
 30
0.0
 11
10661.11006182955
 21
9056.086297438481
 31
0.0
  0
INSERT
  5
1F80
330
1F7A
100
AcDbEntity
  8
0
 62
   253
440
 16777216
370
    -2
100
AcDbBlockReference
  2
_ArchTick
 10
10661.11006182955
 20
11486.08629743848
 30
0.0
 41
80.0
 42
80.0
 43
80.0
 50
90.0
  0
INSERT
  5
1F81
330
1F7A
100
AcDbEntity
  8
0
 62
   253
440
 16777216
370
    -2
100
AcDbBlockReference
  2
_ArchTick
 10
10661.11006182955
 20
9136.086297438479
 30
0.0
 41
80.0
 42
80.0
 43
80.0
 50
270.0
  0
MTEXT
  5
1F82
330
1F7A
100
AcDbEntity
  8
0
 62
     1
440
 16777216
100
AcDbMText
 10
10590.01865664538
 20
10311.08629743847
 30
0.0
 40
100.0
 41
0.0
 46
0.0
 71
     5
 72
     1
  1
\A1;2350
 11
0.0000000000000001
 21
1.0
 31
0.0
 73
     1
 44
1.0
  0
POINT
  5
1F83
330
1F7A
100
AcDbEntity
  8
Defpoints
 62
     0
440
 16777216
100
AcDbPoint
 10
9922.491004857882
 20
11486.08629743848
 30
0.0
  0
POINT
  5
1F84
330
1F7A
100
AcDbEntity
  8
Defpoints
 62
     0
440
 16777216
100
AcDbPoint
 10
9922.491004857882
 20
9136.086297438479
 30
0.0
  0
POINT
  5
1F85
330
1F7A
100
AcDbEntity
  8
Defpoints
 62
     0
440
 16777216
100
AcDbPoint
 10
10661.11006182955
 20
9136.086297438479
 30
0.0
  0
ENDBLK
  5
1F7C
330
1F7A
100
AcDbEntity
  8
0
100
AcDbBlockEnd
  0
BLOCK
  5
1F87
330
1F86
100
AcDbEntity
  8
0
100
AcDbBlockBegin
  2
*D51
 70
     1
 10
0.0
 20
0.0
 30
0.0
  3
*D51
  1

  0
LINE
  5
1F89
330
1F86
100
AcDbEntity
  8
0
 62
   253
440
 16777216
370
    -2
100
AcDbLine
 10
10002.49100485788
 20
9136.086297438479
 30
0.0
 11
10741.11006182956
 21
9136.086297438479
 31
0.0
  0
LINE
  5
1F8A
330
1F86
100
AcDbEntity
  8
0
 62
   253
440
 16777216
370
    -2
100
AcDbLine
 10
10002.49100485788
 20
3986.086297438475
 30
0.0
 11
10741.11006182956
 21
3986.086297438475
 31
0.0
  0
LINE
  5
1F8B
330
1F86
100
AcDbEntity
  8
0
 62
   253
440
 16777216
370
    -2
100
AcDbLine
 10
10661.11006182956
 20
9216.086297438478
 30
0.0
 11
10661.11006182956
 21
3906.086297438476
 31
0.0
  0
INSERT
  5
1F8C
330
1F86
100
AcDbEntity
  8
0
 62
   253
440
 16777216
370
    -2
100
AcDbBlockReference
  2
_ArchTick
 10
10661.11006182956
 20
9136.086297438479
 30
0.0
 41
80.0
 42
80.0
 43
80.0
 50
90.0
  0
INSERT
  5
1F8D
330
1F86
100
AcDbEntity
  8
0
 62
   253
440
 16777216
370
    -2
100
AcDbBlockReference
  2
_ArchTick
 10
10661.11006182956
 20
3986.086297438475
 30
0.0
 41
80.0
 42
80.0
 43
80.0
 50
270.0
  0
MTEXT
  5
1F8E
330
1F86
100
AcDbEntity
  8
0
 62
     1
440
 16777216
100
AcDbMText
 10
10590.05276305739
 20
6561.086297438473
 30
0.0
 40
100.0
 41
0.0
 46
0.0
 71
     5
 72
     1
  1
\A1;5150
 11
0.0000000000000001
 21
1.0
 31
0.0
 73
     1
 44
1.0
  0
POINT
  5
1F8F
330
1F86
100
AcDbEntity
  8
Defpoints
 62
     0
440
 16777216
100
AcDbPoint
 10
9922.491004857882
 20
9136.086297438479
 30
0.0
  0
POINT
  5
1F90
330
1F86
100
AcDbEntity
  8
Defpoints
 62
     0
440
 16777216
100
AcDbPoint
 10
9922.491004857882
 20
3986.086297438475
 30
0.0
  0
POINT
  5
1F91
330
1F86
100
AcDbEntity
  8
Defpoints
 62
     0
440
 16777216
100
AcDbPoint
 10
10661.11006182956
 20
3986.086297438475
 30
0.0
  0
ENDBLK
  5
1F88
330
1F86
100
AcDbEntity
  8
0
100
AcDbBlockEnd
  0
BLOCK
  5
1F93
330
1F92
100
AcDbEntity
  8
0
100
AcDbBlockBegin
  2
*D52
 70
     1
 10
0.0
 20
0.0
 30
0.0
  3
*D52
  1

  0
LINE
  5
1F95
330
1F92
100
AcDbEntity
  8
0
 62
   253
440
 16777216
370
    -2
100
AcDbLine
 10
1922.491004857875
 20
14066.08629743847
 30
0.0
 11
1922.491004857875
 21
15049.92458442625
 31
0.0
  0
LINE
  5
1F96
330
1F92
100
AcDbEntity
  8
0
 62
   253
440
 16777216
370
    -2
100
AcDbLine
 10
9922.491004857874
 20
14066.08629743847
 30
0.0
 11
9922.491004857874
 21
15049.92458442625
 31
0.0
  0
LINE
  5
1F97
330
1F92
100
AcDbEntity
  8
0
 62
   253
440
 16777216
370
    -2
100
AcDbLine
 10
1842.491004857875
 20
14969.92458442625
 30
0.0
 11
10002.49100485787
 21
14969.92458442625
 31
0.0
  0
INSERT
  5
1F98
330
1F92
100
AcDbEntity
  8
0
 62
   253
440
 16777216
370
    -2
100
AcDbBlockReference
  2
_ArchTick
 10
1922.491004857875
 20
14969.92458442625
 30
0.0
 41
80.0
 42
80.0
 43
80.0
 50
180.0
  0
INSERT
  5
1F99
330
1F92
100
AcDbEntity
  8
0
 62
   253
440
 16777216
370
    -2
100
AcDbBlockReference
  2
_ArchTick
 10
9922.491004857874
 20
14969.92458442625
 30
0.0
 41
80.0
 42
80.0
 43
80.0
  0
MTEXT
  5
1F9A
330
1F92
100
AcDbEntity
  8
0
 62
     1
440
 16777216
100
AcDbMText
 10
5922.491004857874
 20
15040.98188319842
 30
0.0
 40
100.0
 41
0.0
 46
0.0
 71
     5
 72
     1
  1
\A1;8000
 73
     1
 44
1.0
  0
POINT
  5
1F9B
330
1F92
100
AcDbEntity
  8
Defpoints
 62
     0
440
 16777216
100
AcDbPoint
 10
1922.491004857875
 20
13986.08629743847
 30
0.0
  0
POINT
  5
1F9C
330
1F92
100
AcDbEntity
  8
Defpoints
 62
     0
440
 16777216
100
AcDbPoint
 10
9922.491004857874
 20
13986.08629743847
 30
0.0
  0
POINT
  5
1F9D
330
1F92
100
AcDbEntity
  8
Defpoints
 62
     0
440
 16777216
100
AcDbPoint
 10
9922.491004857874
 20
14969.92458442625
 30
0.0
  0
ENDBLK
  5
1F94
330
1F92
100
AcDbEntity
  8
0
100
AcDbBlockEnd
  0
BLOCK
  5
1F9F
330
1F9E
100
AcDbEntity
  8
0
100
AcDbBlockBegin
  2
*D53
 70
     1
 10
0.0
 20
0.0
 30
0.0
  3
*D53
  1

  0
LINE
  5
207B
330
1F9E
100
AcDbEntity
  8
0
 62
   253
440
 16777216
370
    -2
100
AcDbLine
 10
1922.491004857875
 20
14066.08629743847
 30
0.0
 11
1922.491004857875
 21
14768.26535178906
 31
0.0
  0
LINE
  5
207C
330
1F9E
100
AcDbEntity
  8
0
 62
   253
440
 16777216
370
    -2
100
AcDbLine
 10
4122.491004857875
 20
14066.08629743847
 30
0.0
 11
4122.491004857875
 21
14768.26535178906
 31
0.0
  0
LINE
  5
207D
330
1F9E
100
AcDbEntity
  8
0
 62
   253
440
 16777216
370
    -2
100
AcDbLine
 10
1842.491004857875
 20
14688.26535178906
 30
0.0
 11
4202.491004857875
 21
14688.26535178906
 31
0.0
  0
INSERT
  5
207E
330
1F9E
100
AcDbEntity
  8
0
 62
   253
440
 16777216
370
    -2
100
AcDbBlockReference
  2
_ArchTick
 10
1922.491004857875
 20
14688.26535178906
 30
0.0
 41
80.0
 42
80.0
 43
80.0
 50
180.0
  0
INSERT
  5
207F
330
1F9E
100
AcDbEntity
  8
0
 62
   253
440
 16777216
370
    -2
100
AcDbBlockReference
  2
_ArchTick
 10
4122.491004857875
 20
14688.26535178906
 30
0.0
 41
80.0
 42
80.0
 43
80.0
  0
MTEXT
  5
2080
330
1F9E
100
AcDbEntity
  8
0
 62
     1
440
 16777216
100
AcDbMText
 10
3022.491004857875
 20
14759.32265056123
 30
0.0
 40
100.0
 41
0.0
 46
0.0
 71
     5
 72
     1
  1
\A1;2200
 73
     1
 44
1.0
  0
POINT
  5
2081
330
1F9E
100
AcDbEntity
  8
Defpoints
 62
     0
440
 16777216
100
AcDbPoint
 10
1922.491004857875
 20
13986.08629743847
 30
0.0
  0
POINT
  5
2082
330
1F9E
100
AcDbEntity
  8
Defpoints
 62
     0
440
 16777216
100
AcDbPoint
 10
4122.491004857875
 20
13986.08629743847
 30
0.0
  0
POINT
  5
2083
330
1F9E
100
AcDbEntity
  8
Defpoints
 62
     0
440
 16777216
100
AcDbPoint
 10
4122.491004857875
 20
14688.26535178906
 30
0.0
  0
ENDBLK
  5
1FA0
330
1F9E
100
AcDbEntity
  8
0
100
AcDbBlockEnd
  0
BLOCK
  5
1FAB
330
1FAA
100
AcDbEntity
  8
0
100
AcDbBlockBegin
  2
*D54
 70
     1
 10
0.0
 20
0.0
 30
0.0
  3
*D54
  1

  0
LINE
  5
1FAD
330
1FAA
100
AcDbEntity
  8
0
 62
   253
440
 16777216
370
    -2
100
AcDbLine
 10
4122.491004857875
 20
14066.08629743847
 30
0.0
 11
4122.491004857875
 21
14768.26535178906
 31
0.0
  0
LINE
  5
1FAE
330
1FAA
100
AcDbEntity
  8
0
 62
   253
440
 16777216
370
    -2
100
AcDbLine
 10
6697.491004857875
 20
14156.28800191603
 30
0.0
 11
6697.491004857875
 21
14768.26535178906
 31
0.0
  0
LINE
  5
1FAF
330
1FAA
100
AcDbEntity
  8
0
 62
   253
440
 16777216
370
    -2
100
AcDbLine
 10
4042.491004857875
 20
14688.26535178906
 30
0.0
 11
6777.491004857875
 21
14688.26535178906
 31
0.0
  0
INSERT
  5
1FB0
330
1FAA
100
AcDbEntity
  8
0
 62
   253
440
 16777216
370
    -2
100
AcDbBlockReference
  2
_ArchTick
 10
4122.491004857875
 20
14688.26535178906
 30
0.0
 41
80.0
 42
80.0
 43
80.0
 50
180.0
  0
INSERT
  5
1FB1
330
1FAA
100
AcDbEntity
  8
0
 62
   253
440
 16777216
370
    -2
100
AcDbBlockReference
  2
_ArchTick
 10
6697.491004857875
 20
14688.26535178906
 30
0.0
 41
80.0
 42
80.0
 43
80.0
  0
MTEXT
  5
1FB2
330
1FAA
100
AcDbEntity
  8
0
 62
     1
440
 16777216
100
AcDbMText
 10
5409.991004857875
 20
14759.32265056123
 30
0.0
 40
100.0
 41
0.0
 46
0.0
 71
     5
 72
     1
  1
\A1;2575
 73
     1
 44
1.0
  0
POINT
  5
1FB3
330
1FAA
100
AcDbEntity
  8
Defpoints
 62
     0
440
 16777216
100
AcDbPoint
 10
4122.491004857875
 20
13986.08629743847
 30
0.0
  0
POINT
  5
1FB4
330
1FAA
100
AcDbEntity
  8
Defpoints
 62
     0
440
 16777216
100
AcDbPoint
 10
6697.491004857875
 20
14076.28800191603
 30
0.0
  0
POINT
  5
1FB5
330
1FAA
100
AcDbEntity
  8
Defpoints
 62
     0
440
 16777216
100
AcDbPoint
 10
6697.491004857875
 20
14688.26535178906
 30
0.0
  0
ENDBLK
  5
1FAC
330
1FAA
100
AcDbEntity
  8
0
100
AcDbBlockEnd
  0
BLOCK
  5
1FB7
330
1FB6
100
AcDbEntity
  8
0
100
AcDbBlockBegin
  2
*D55
 70
     1
 10
0.0
 20
0.0
 30
0.0
  3
*D55
  1

  0
LINE
  5
2063
330
1FB6
100
AcDbEntity
  8
0
 62
   253
440
 16777216
370
    -2
100
AcDbLine
 10
6697.491004857875
 20
14156.28800191603
 30
0.0
 11
6697.491004857875
 21
14768.26535178906
 31
0.0
  0
LINE
  5
2064
330
1FB6
100
AcDbEntity
  8
0
 62
   253
440
 16777216
370
    -2
100
AcDbLine
 10
9922.491004857874
 20
14168.12176113652
 30
0.0
 11
9922.491004857874
 21
14768.26535178906
 31
0.0
  0
LINE
  5
2065
330
1FB6
100
AcDbEntity
  8
0
 62
   253
440
 16777216
370
    -2
100
AcDbLine
 10
6617.491004857875
 20
14688.26535178906
 30
0.0
 11
10002.49100485787
 21
14688.26535178906
 31
0.0
  0
INSERT
  5
2066
330
1FB6
100
AcDbEntity
  8
0
 62
   253
440
 16777216
370
    -2
100
AcDbBlockReference
  2
_ArchTick
 10
6697.491004857875
 20
14688.26535178906
 30
0.0
 41
80.0
 42
80.0
 43
80.0
 50
180.0
  0
INSERT
  5
2067
330
1FB6
100
AcDbEntity
  8
0
 62
   253
440
 16777216
370
    -2
100
AcDbBlockReference
  2
_ArchTick
 10
9922.491004857874
 20
14688.26535178906
 30
0.0
 41
80.0
 42
80.0
 43
80.0
  0
MTEXT
  5
2068
330
1FB6
100
AcDbEntity
  8
0
 62
     1
440
 16777216
100
AcDbMText
 10
8309.991004857876
 20
14759.35675697323
 30
0.0
 40
100.0
 41
0.0
 46
0.0
 71
     5
 72
     1
  1
\A1;3225
 73
     1
 44
1.0
  0
POINT
  5
2069
330
1FB6
100
AcDbEntity
  8
Defpoints
 62
     0
440
 16777216
100
AcDbPoint
 10
6697.491004857875
 20
14076.28800191603
 30
0.0
  0
POINT
  5
206A
330
1FB6
100
AcDbEntity
  8
Defpoints
 62
     0
440
 16777216
100
AcDbPoint
 10
9922.491004857874
 20
14088.12176113652
 30
0.0
  0
POINT
  5
206B
330
1FB6
100
AcDbEntity
  8
Defpoints
 62
     0
440
 16777216
100
AcDbPoint
 10
9922.491004857874
 20
14688.26535178906
 30
0.0
  0
ENDBLK
  5
1FB8
330
1FB6
100
AcDbEntity
  8
0
100
AcDbBlockEnd
  0
BLOCK
  5
1FC3
330
1FC2
100
AcDbEntity
  8
0
100
AcDbBlockBegin
  2
*D56
 70
     1
 10
0.0
 20
0.0
 30
0.0
  3
*D56
  1

  0
LINE
  5
1FC5
330
1FC2
100
AcDbEntity
  8
0
 62
   253
440
 16777216
370
    -2
100
AcDbLine
 10
1842.491004857876
 20
13986.08629743848
 30
0.0
 11
998.0025475724753
 21
13986.08629743848
 31
0.0
  0
LINE
  5
1FC6
330
1FC2
100
AcDbEntity
  8
0
 62
   253
440
 16777216
370
    -2
100
AcDbLine
 10
1842.491004857876
 20
3986.086297438475
 30
0.0
 11
998.0025475724774
 21
3986.086297438475
 31
0.0
  0
LINE
  5
1FC7
330
1FC2
100
AcDbEntity
  8
0
 62
   253
440
 16777216
370
    -2
100
AcDbLine
 10
1078.002547572475
 20
14066.08629743848
 30
0.0
 11
1078.002547572477
 21
3906.086297438476
 31
0.0
  0
INSERT
  5
1FC8
330
1FC2
100
AcDbEntity
  8
0
 62
   253
440
 16777216
370
    -2
100
AcDbBlockReference
  2
_ArchTick
 10
1078.002547572475
 20
13986.08629743848
 30
0.0
 41
80.0
 42
80.0
 43
80.0
 50
90.0
  0
INSERT
  5
1FC9
330
1FC2
100
AcDbEntity
  8
0
 62
   253
440
 16777216
370
    -2
100
AcDbBlockReference
  2
_ArchTick
 10
1078.002547572477
 20
3986.086297438475
 30
0.0
 41
80.0
 42
80.0
 43
80.0
 50
270.0
  0
MTEXT
  5
1FCA
330
1FC2
100
AcDbEntity
  8
0
 62
     1
440
 16777216
100
AcDbMText
 10
1006.945248800309
 20
8986.086297438474
 30
0.0
 40
100.0
 41
0.0
 46
0.0
 71
     5
 72
     1
  1
\A1;10000
 11
0.0000000000000001
 21
1.0
 31
0.0
 73
     1
 44
1.0
  0
POINT
  5
1FCB
330
1FC2
100
AcDbEntity
  8
Defpoints
 62
     0
440
 16777216
100
AcDbPoint
 10
1922.491004857876
 20
13986.08629743848
 30
0.0
  0
POINT
  5
1FCC
330
1FC2
100
AcDbEntity
  8
Defpoints
 62
     0
440
 16777216
100
AcDbPoint
 10
1922.491004857876
 20
3986.086297438475
 30
0.0
  0
POINT
  5
1FCD
330
1FC2
100
AcDbEntity
  8
Defpoints
 62
     0
440
 16777216
100
AcDbPoint
 10
1078.002547572477
 20
3986.086297438475
 30
0.0
  0
ENDBLK
  5
1FC4
330
1FC2
100
AcDbEntity
  8
0
100
AcDbBlockEnd
  0
BLOCK
  5
1FCF
330
1FCE
100
AcDbEntity
  8
0
100
AcDbBlockBegin
  2
*D57
 70
     1
 10
0.0
 20
0.0
 30
0.0
  3
*D57
  1

  0
LINE
  5
1FD1
330
1FCE
100
AcDbEntity
  8
0
 62
   253
440
 16777216
370
    -2
100
AcDbLine
 10
1842.491004857876
 20
3986.086297438475
 30
0.0
 11
1257.028192117339
 21
3986.086297438475
 31
0.0
  0
LINE
  5
1FD2
330
1FCE
100
AcDbEntity
  8
0
 62
   253
440
 16777216
370
    -2
100
AcDbLine
 10
1842.491004857876
 20
5786.086297438476
 30
0.0
 11
1257.028192117338
 21
5786.086297438476
 31
0.0
  0
LINE
  5
1FD3
330
1FCE
100
AcDbEntity
  8
0
 62
   253
440
 16777216
370
    -2
100
AcDbLine
 10
1337.028192117339
 20
3906.086297438476
 30
0.0
 11
1337.028192117338
 21
5866.086297438475
 31
0.0
  0
INSERT
  5
1FD4
330
1FCE
100
AcDbEntity
  8
0
 62
   253
440
 16777216
370
    -2
100
AcDbBlockReference
  2
_ArchTick
 10
1337.028192117339
 20
3986.086297438475
 30
0.0
 41
80.0
 42
80.0
 43
80.0
 50
270.0
  0
INSERT
  5
1FD5
330
1FCE
100
AcDbEntity
  8
0
 62
   253
440
 16777216
370
    -2
100
AcDbBlockReference
  2
_ArchTick
 10
1337.028192117338
 20
5786.086297438476
 30
0.0
 41
80.0
 42
80.0
 43
80.0
 50
90.0
  0
MTEXT
  5
1FD6
330
1FCE
100
AcDbEntity
  8
0
 62
     1
440
 16777216
100
AcDbMText
 10
1265.97089334517
 20
4886.086297438474
 30
0.0
 40
100.0
 41
0.0
 46
0.0
 71
     5
 72
     1
  1
\A1;1800
 11
0.0000000000000001
 21
1.0
 31
0.0
 73
     1
 44
1.0
  0
POINT
  5
1FD7
330
1FCE
100
AcDbEntity
  8
Defpoints
 62
     0
440
 16777216
100
AcDbPoint
 10
1922.491004857876
 20
3986.086297438475
 30
0.0
  0
POINT
  5
1FD8
330
1FCE
100
AcDbEntity
  8
Defpoints
 62
     0
440
 16777216
100
AcDbPoint
 10
1922.491004857876
 20
5786.086297438476
 30
0.0
  0
POINT
  5
1FD9
330
1FCE
100
AcDbEntity
  8
Defpoints
 62
     0
440
 16777216
100
AcDbPoint
 10
1337.028192117338
 20
5786.086297438476
 30
0.0
  0
ENDBLK
  5
1FD0
330
1FCE
100
AcDbEntity
  8
0
100
AcDbBlockEnd
  0
BLOCK
  5
1FDB
330
1FDA
100
AcDbEntity
  8
0
100
AcDbBlockBegin
  2
*D58
 70
     1
 10
0.0
 20
0.0
 30
0.0
  3
*D58
  1

  0
LINE
  5
1FDD
330
1FDA
100
AcDbEntity
  8
0
 62
   253
440
 16777216
370
    -2
100
AcDbLine
 10
1842.491004857876
 20
5786.086297438476
 30
0.0
 11
1257.028192117338
 21
5786.086297438476
 31
0.0
  0
LINE
  5
1FDE
330
1FDA
100
AcDbEntity
  8
0
 62
   253
440
 16777216
370
    -2
100
AcDbLine
 10
1842.491004857876
 20
6986.086297438475
 30
0.0
 11
1257.028192117338
 21
6986.086297438475
 31
0.0
  0
LINE
  5
1FDF
330
1FDA
100
AcDbEntity
  8
0
 62
   253
440
 16777216
370
    -2
100
AcDbLine
 10
1337.028192117338
 20
5706.086297438475
 30
0.0
 11
1337.028192117338
 21
7066.086297438477
 31
0.0
  0
INSERT
  5
1FE0
330
1FDA
100
AcDbEntity
  8
0
 62
   253
440
 16777216
370
    -2
100
AcDbBlockReference
  2
_ArchTick
 10
1337.028192117338
 20
5786.086297438476
 30
0.0
 41
80.0
 42
80.0
 43
80.0
 50
270.0
  0
INSERT
  5
1FE1
330
1FDA
100
AcDbEntity
  8
0
 62
   253
440
 16777216
370
    -2
100
AcDbBlockReference
  2
_ArchTick
 10
1337.028192117338
 20
6986.086297438475
 30
0.0
 41
80.0
 42
80.0
 43
80.0
 50
90.0
  0
MTEXT
  5
1FE2
330
1FDA
100
AcDbEntity
  8
0
 62
     1
440
 16777216
100
AcDbMText
 10
1265.970893345171
 20
6386.086297438474
 30
0.0
 40
100.0
 41
0.0
 46
0.0
 71
     5
 72
     1
  1
\A1;1200
 11
0.0000000000000001
 21
1.0
 31
0.0
 73
     1
 44
1.0
  0
POINT
  5
1FE3
330
1FDA
100
AcDbEntity
  8
Defpoints
 62
     0
440
 16777216
100
AcDbPoint
 10
1922.491004857876
 20
5786.086297438476
 30
0.0
  0
POINT
  5
1FE4
330
1FDA
100
AcDbEntity
  8
Defpoints
 62
     0
440
 16777216
100
AcDbPoint
 10
1922.491004857876
 20
6986.086297438475
 30
0.0
  0
POINT
  5
1FE5
330
1FDA
100
AcDbEntity
  8
Defpoints
 62
     0
440
 16777216
100
AcDbPoint
 10
1337.028192117338
 20
6986.086297438475
 30
0.0
  0
ENDBLK
  5
1FDC
330
1FDA
100
AcDbEntity
  8
0
100
AcDbBlockEnd
  0
BLOCK
  5
1FE7
330
1FE6
100
AcDbEntity
  8
0
100
AcDbBlockBegin
  2
*D59
 70
     1
 10
0.0
 20
0.0
 30
0.0
  3
*D59
  1

  0
LINE
  5
1FE9
330
1FE6
100
AcDbEntity
  8
0
 62
   253
440
 16777216
370
    -2
100
AcDbLine
 10
1842.491004857876
 20
6986.086297438475
 30
0.0
 11
1257.028192117339
 21
6986.086297438475
 31
0.0
  0
LINE
  5
1FEA
330
1FE6
100
AcDbEntity
  8
0
 62
   253
440
 16777216
370
    -2
100
AcDbLine
 10
1842.491004857876
 20
9136.086297438479
 30
0.0
 11
1257.028192117338
 21
9136.086297438479
 31
0.0
  0
LINE
  5
1FEB
330
1FE6
100
AcDbEntity
  8
0
 62
   253
440
 16777216
370
    -2
100
AcDbLine
 10
1337.028192117339
 20
6906.086297438476
 30
0.0
 11
1337.028192117338
 21
9216.086297438478
 31
0.0
  0
INSERT
  5
1FEC
330
1FE6
100
AcDbEntity
  8
0
 62
   253
440
 16777216
370
    -2
100
AcDbBlockReference
  2
_ArchTick
 10
1337.028192117339
 20
6986.086297438475
 30
0.0
 41
80.0
 42
80.0
 43
80.0
 50
270.0
  0
INSERT
  5
1FED
330
1FE6
100
AcDbEntity
  8
0
 62
   253
440
 16777216
370
    -2
100
AcDbBlockReference
  2
_ArchTick
 10
1337.028192117338
 20
9136.086297438479
 30
0.0
 41
80.0
 42
80.0
 43
80.0
 50
90.0
  0
MTEXT
  5
1FEE
330
1FE6
100
AcDbEntity
  8
0
 62
     1
440
 16777216
100
AcDbMText
 10
1265.970893345171
 20
8061.086297438476
 30
0.0
 40
100.0
 41
0.0
 46
0.0
 71
     5
 72
     1
  1
\A1;2150
 11
0.0000000000000001
 21
1.0
 31
0.0
 73
     1
 44
1.0
  0
POINT
  5
1FEF
330
1FE6
100
AcDbEntity
  8
Defpoints
 62
     0
440
 16777216
100
AcDbPoint
 10
1922.491004857876
 20
6986.086297438475
 30
0.0
  0
POINT
  5
1FF0
330
1FE6
100
AcDbEntity
  8
Defpoints
 62
     0
440
 16777216
100
AcDbPoint
 10
1922.491004857876
 20
9136.086297438479
 30
0.0
  0
POINT
  5
1FF1
330
1FE6
100
AcDbEntity
  8
Defpoints
 62
     0
440
 16777216
100
AcDbPoint
 10
1337.028192117338
 20
9136.086297438479
 30
0.0
  0
ENDBLK
  5
1FE8
330
1FE6
100
AcDbEntity
  8
0
100
AcDbBlockEnd
  0
BLOCK
  5
1FF3
330
1FF2
100
AcDbEntity
  8
0
100
AcDbBlockBegin
  2
*D60
 70
     1
 10
0.0
 20
0.0
 30
0.0
  3
*D60
  1

  0
LINE
  5
1FF5
330
1FF2
100
AcDbEntity
  8
0
 62
   253
440
 16777216
370
    -2
100
AcDbLine
 10
1842.491004857876
 20
9136.086297438479
 30
0.0
 11
1257.028192117338
 21
9136.086297438479
 31
0.0
  0
LINE
  5
1FF6
330
1FF2
100
AcDbEntity
  8
0
 62
   253
440
 16777216
370
    -2
100
AcDbLine
 10
1842.491004857876
 20
11486.08629743848
 30
0.0
 11
1257.028192117338
 21
11486.08629743848
 31
0.0
  0
LINE
  5
1FF7
330
1FF2
100
AcDbEntity
  8
0
 62
   253
440
 16777216
370
    -2
100
AcDbLine
 10
1337.028192117338
 20
9056.086297438481
 30
0.0
 11
1337.028192117338
 21
11566.08629743848
 31
0.0
  0
INSERT
  5
1FF8
330
1FF2
100
AcDbEntity
  8
0
 62
   253
440
 16777216
370
    -2
100
AcDbBlockReference
  2
_ArchTick
 10
1337.028192117338
 20
9136.086297438479
 30
0.0
 41
80.0
 42
80.0
 43
80.0
 50
270.0
  0
INSERT
  5
1FF9
330
1FF2
100
AcDbEntity
  8
0
 62
   253
440
 16777216
370
    -2
100
AcDbBlockReference
  2
_ArchTick
 10
1337.028192117338
 20
11486.08629743848
 30
0.0
 41
80.0
 42
80.0
 43
80.0
 50
90.0
  0
MTEXT
  5
1FFA
330
1FF2
100
AcDbEntity
  8
0
 62
     1
440
 16777216
100
AcDbMText
 10
1265.936786933166
 20
10311.08629743847
 30
0.0
 40
100.0
 41
0.0
 46
0.0
 71
     5
 72
     1
  1
\A1;2350
 11
0.0000000000000001
 21
1.0
 31
0.0
 73
     1
 44
1.0
  0
POINT
  5
1FFB
330
1FF2
100
AcDbEntity
  8
Defpoints
 62
     0
440
 16777216
100
AcDbPoint
 10
1922.491004857876
 20
9136.086297438479
 30
0.0
  0
POINT
  5
1FFC
330
1FF2
100
AcDbEntity
  8
Defpoints
 62
     0
440
 16777216
100
AcDbPoint
 10
1922.491004857876
 20
11486.08629743848
 30
0.0
  0
POINT
  5
1FFD
330
1FF2
100
AcDbEntity
  8
Defpoints
 62
     0
440
 16777216
100
AcDbPoint
 10
1337.028192117338
 20
11486.08629743848
 30
0.0
  0
ENDBLK
  5
1FF4
330
1FF2
100
AcDbEntity
  8
0
100
AcDbBlockEnd
  0
BLOCK
  5
1FFF
330
1FFE
100
AcDbEntity
  8
0
100
AcDbBlockBegin
  2
*D61
 70
     1
 10
0.0
 20
0.0
 30
0.0
  3
*D61
  1

  0
LINE
  5
2001
330
1FFE
100
AcDbEntity
  8
0
 62
   253
440
 16777216
370
    -2
100
AcDbLine
 10
1842.491004857876
 20
11486.08629743848
 30
0.0
 11
1257.028192117338
 21
11486.08629743848
 31
0.0
  0
LINE
  5
2002
330
1FFE
100
AcDbEntity
  8
0
 62
   253
440
 16777216
370
    -2
100
AcDbLine
 10
1842.491004857876
 20
13986.08629743848
 30
0.0
 11
1257.028192117337
 21
13986.08629743848
 31
0.0
  0
LINE
  5
2003
330
1FFE
100
AcDbEntity
  8
0
 62
   253
440
 16777216
370
    -2
100
AcDbLine
 10
1337.028192117338
 20
11406.08629743848
 30
0.0
 11
1337.028192117337
 21
14066.08629743848
 31
0.0
  0
INSERT
  5
2004
330
1FFE
100
AcDbEntity
  8
0
 62
   253
440
 16777216
370
    -2
100
AcDbBlockReference
  2
_ArchTick
 10
1337.028192117338
 20
11486.08629743848
 30
0.0
 41
80.0
 42
80.0
 43
80.0
 50
270.0
  0
INSERT
  5
2005
330
1FFE
100
AcDbEntity
  8
0
 62
   253
440
 16777216
370
    -2
100
AcDbBlockReference
  2
_ArchTick
 10
1337.028192117337
 20
13986.08629743848
 30
0.0
 41
80.0
 42
80.0
 43
80.0
 50
90.0
  0
MTEXT
  5
2006
330
1FFE
100
AcDbEntity
  8
0
 62
     1
440
 16777216
100
AcDbMText
 10
1265.970893345172
 20
12736.08629743847
 30
0.0
 40
100.0
 41
0.0
 46
0.0
 71
     5
 72
     1
  1
\A1;2500
 11
0.0000000000000001
 21
1.0
 31
0.0
 73
     1
 44
1.0
  0
POINT
  5
2007
330
1FFE
100
AcDbEntity
  8
Defpoints
 62
     0
440
 16777216
100
AcDbPoint
 10
1922.491004857876
 20
11486.08629743848
 30
0.0
  0
POINT
  5
2008
330
1FFE
100
AcDbEntity
  8
Defpoints
 62
     0
440
 16777216
100
AcDbPoint
 10
1922.491004857876
 20
13986.08629743848
 30
0.0
  0
POINT
  5
2009
330
1FFE
100
AcDbEntity
  8
Defpoints
 62
     0
440
 16777216
100
AcDbPoint
 10
1337.028192117337
 20
13986.08629743848
 30
0.0
  0
ENDBLK
  5
2000
330
1FFE
100
AcDbEntity
  8
0
100
AcDbBlockEnd
  0
BLOCK
  5
202C
330
202B
100
AcDbEntity
  8
0
100
AcDbBlockBegin
  2
*D64
 70
     1
 10
0.0
 20
0.0
 30
0.0
  3
*D64
  1

  0
LINE
  5
202E
330
202B
100
AcDbEntity
  8
0
 62
   253
440
 16777216
370
    -2
100
AcDbLine
 10
1922.491004857875
 20
5706.086297438474
 30
0.0
 11
1922.491004857874
 21
2866.397918453736
 31
0.0
  0
LINE
  5
202F
330
202B
100
AcDbEntity
  8
0
 62
   253
440
 16777216
370
    -2
100
AcDbLine
 10
6772.491004857875
 20
5706.086297438471
 30
0.0
 11
6772.491004857875
 21
2866.397918453736
 31
0.0
  0
LINE
  5
2030
330
202B
100
AcDbEntity
  8
0
 62
   253
440
 16777216
370
    -2
100
AcDbLine
 10
1842.491004857875
 20
2946.397918453736
 30
0.0
 11
6852.491004857873
 21
2946.397918453736
 31
0.0
  0
INSERT
  5
2031
330
202B
100
AcDbEntity
  8
0
 62
   253
440
 16777216
370
    -2
100
AcDbBlockReference
  2
_ArchTick
 10
1922.491004857874
 20
2946.397918453736
 30
0.0
 41
80.0
 42
80.0
 43
80.0
 50
180.0
  0
INSERT
  5
2032
330
202B
100
AcDbEntity
  8
0
 62
   253
440
 16777216
370
    -2
100
AcDbBlockReference
  2
_ArchTick
 10
6772.491004857875
 20
2946.397918453736
 30
0.0
 41
80.0
 42
80.0
 43
80.0
  0
MTEXT
  5
2033
330
202B
100
AcDbEntity
  8
0
 62
     1
440
 16777216
100
AcDbMText
 10
4347.491004857874
 20
3017.455217225905
 30
0.0
 40
100.0
 41
0.0
 46
0.0
 71
     5
 72
     1
  1
\A1;4850
 73
     1
 44
1.0
  0
POINT
  5
2034
330
202B
100
AcDbEntity
  8
Defpoints
 62
     0
440
 16777216
100
AcDbPoint
 10
1922.491004857875
 20
5786.086297438473
 30
0.0
  0
POINT
  5
2035
330
202B
100
AcDbEntity
  8
Defpoints
 62
     0
440
 16777216
100
AcDbPoint
 10
6772.491004857875
 20
5786.086297438471
 30
0.0
  0
POINT
  5
2036
330
202B
100
AcDbEntity
  8
Defpoints
 62
     0
440
 16777216
100
AcDbPoint
 10
6772.491004857875
 20
2946.397918453736
 30
0.0
  0
ENDBLK
  5
202D
330
202B
100
AcDbEntity
  8
0
100
AcDbBlockEnd
  0
BLOCK
  5
2038
330
2037
100
AcDbEntity
  8
0
100
AcDbBlockBegin
  2
*D65
 70
     1
 10
0.0
 20
0.0
 30
0.0
  3
*D65
  1

  0
LINE
  5
204F
330
2037
100
AcDbEntity
  8
0
 62
   253
440
 16777216
370
    -2
100
AcDbLine
 10
6772.491004857875
 20
5706.086297438474
 30
0.0
 11
6772.491004857875
 21
2866.397918453739
 31
0.0
  0
LINE
  5
2050
330
2037
100
AcDbEntity
  8
0
 62
   253
440
 16777216
370
    -2
100
AcDbLine
 10
9922.491004857874
 20
8906.086297438479
 30
0.0
 11
9922.491004857874
 21
2866.397918453739
 31
0.0
  0
LINE
  5
2051
330
2037
100
AcDbEntity
  8
0
 62
   253
440
 16777216
370
    -2
100
AcDbLine
 10
6692.491004857875
 20
2946.397918453739
 30
0.0
 11
10002.49100485787
 21
2946.397918453739
 31
0.0
  0
INSERT
  5
2052
330
2037
100
AcDbEntity
  8
0
 62
   253
440
 16777216
370
    -2
100
AcDbBlockReference
  2
_ArchTick
 10
6772.491004857875
 20
2946.397918453739
 30
0.0
 41
80.0
 42
80.0
 43
80.0
 50
180.0
  0
INSERT
  5
2053
330
2037
100
AcDbEntity
  8
0
 62
   253
440
 16777216
370
    -2
100
AcDbBlockReference
  2
_ArchTick
 10
9922.491004857874
 20
2946.397918453739
 30
0.0
 41
80.0
 42
80.0
 43
80.0
  0
MTEXT
  5
2054
330
2037
100
AcDbEntity
  8
0
 62
     1
440
 16777216
100
AcDbMText
 10
8347.491004857875
 20
3017.489323637914
 30
0.0
 40
100.0
 41
0.0
 46
0.0
 71
     5
 72
     1
  1
\A1;3150
 73
     1
 44
1.0
  0
POINT
  5
2055
330
2037
100
AcDbEntity
  8
Defpoints
 62
     0
440
 16777216
100
AcDbPoint
 10
6772.491004857875
 20
5786.086297438473
 30
0.0
  0
POINT
  5
2056
330
2037
100
AcDbEntity
  8
Defpoints
 62
     0
440
 16777216
100
AcDbPoint
 10
9922.491004857874
 20
8986.086297438479
 30
0.0
  0
POINT
  5
2057
330
2037
100
AcDbEntity
  8
Defpoints
 62
     0
440
 16777216
100
AcDbPoint
 10
9922.491004857874
 20
2946.397918453739
 30
0.0
  0
ENDBLK
  5
2039
330
2037
100
AcDbEntity
  8
0
100
AcDbBlockEnd
  0
BLOCK
  5
2044
330
2043
100
AcDbEntity
  8
0
100
AcDbBlockBegin
  2
*D66
 70
     1
 10
0.0
 20
0.0
 30
0.0
  3
*D66
  1

  0
LINE
  5
2046
330
2043
100
AcDbEntity
  8
0
 62
   253
440
 16777216
370
    -2
100
AcDbLine
 10
9922.491004857874
 20
8906.08629743847
 30
0.0
 11
9922.491004857874
 21
2556.685436060046
 31
0.0
  0
LINE
  5
2047
330
2043
100
AcDbEntity
  8
0
 62
   253
440
 16777216
370
    -2
100
AcDbLine
 10
1922.491004857875
 20
6906.086297438474
 30
0.0
 11
1922.491004857874
 21
2556.685436060046
 31
0.0
  0
LINE
  5
2048
330
2043
100
AcDbEntity
  8
0
 62
   253
440
 16777216
370
    -2
100
AcDbLine
 10
10002.49100485787
 20
2636.685436060046
 30
0.0
 11
1842.491004857875
 21
2636.685436060046
 31
0.0
  0
INSERT
  5
2049
330
2043
100
AcDbEntity
  8
0
 62
   253
440
 16777216
370
    -2
100
AcDbBlockReference
  2
_ArchTick
 10
9922.491004857874
 20
2636.685436060046
 30
0.0
 41
80.0
 42
80.0
 43
80.0
  0
INSERT
  5
204A
330
2043
100
AcDbEntity
  8
0
 62
   253
440
 16777216
370
    -2
100
AcDbBlockReference
  2
_ArchTick
 10
1922.491004857874
 20
2636.685436060046
 30
0.0
 41
80.0
 42
80.0
 43
80.0
 50
180.0
  0
MTEXT
  5
204B
330
2043
100
AcDbEntity
  8
0
 62
     1
440
 16777216
100
AcDbMText
 10
5922.491004857874
 20
2707.742734832215
 30
0.0
 40
100.0
 41
0.0
 46
0.0
 71
     5
 72
     1
  1
\A1;8000
 73
     1
 44
1.0
  0
POINT
  5
204C
330
2043
100
AcDbEntity
  8
Defpoints
 62
     0
440
 16777216
100
AcDbPoint
 10
9922.491004857874
 20
8986.086297438472
 30
0.0
  0
POINT
  5
204D
330
2043
100
AcDbEntity
  8
Defpoints
 62
     0
440
 16777216
100
AcDbPoint
 10
1922.491004857875
 20
6986.086297438474
 30
0.0
  0
POINT
  5
204E
330
2043
100
AcDbEntity
  8
Defpoints
 62
     0
440
 16777216
100
AcDbPoint
 10
1922.491004857874
 20
2636.685436060046
 30
0.0
  0
ENDBLK
  5
2045
330
2043
100
AcDbEntity
  8
0
100
AcDbBlockEnd
  0
ENDSEC
  0
SECTION
  2
ENTITIES
  0
TEXT
  5
1E78
330
1F
100
AcDbEntity
  8
ANNO-TEXTS
  6
Continuous
100
AcDbText
 10
5195.611016647577
 20
986.0774093556257
 30
0.0000000001558245
 40
136.150313021305
  1
GROUND FLOOR PLAN
  7
SIMPLEX
100
AcDbText
  0
CIRCLE
  5
1E79
330
1F
100
AcDbEntity
  8
P-BG
  6
Continuous
 62
     1
100
AcDbCircle
 10
4743.852569012502
 20
937.9065368597522
 30
0.0000000001558245
 40
398.8778701796048
  0
LINE
  5
1E7A
330
1F
100
AcDbEntity
  8
P-BG
  6
Continuous
 62
     1
100
AcDbLine
 10
7699.971661959549
 20
937.9065368597522
 30
0.0000000001558245
 11
4344.974698804288
 21
937.9065368597522
 31
0.0000000001558245
  0
TEXT
  5
1E7B
330
1F
100
AcDbEntity
  8
0
 62
     4
100
AcDbText
 10
4623.792879295062
 20
1054.786551801973
 30
-0.0000000003394755
 40
132.9069644631023
  1
01
  7
ROMANS
100
AcDbText
  0
CIRCLE
  5
1E7C
330
1F
100
AcDbEntity
  8
P-BG
  6
Continuous
 62
     1
100
AcDbCircle
 10
4743.852569012502
 20
937.9065368597522
 30
0.0000000001558245
 40
398.8778701796048
  0
TEXT
  5
1E7D
330
1F
100
AcDbEntity
  8
0
 62
     3
100
AcDbText
 10
5249.360639727078
 20
780.1930820932367
 30
0.0000000001558245
 40
85.09394563831566
  1
SCALE                 1:100
  7
ROMANS
100
AcDbText
  0
TEXT
  5
1E7E
330
1F
100
AcDbEntity
  8
0
 62
     4
100
AcDbText
 10
4551.207863424125
 20
720.8685874914602
 30
0.0000000001531653
 40
132.9069644631023
  1
A-1
  7
ROMANS
100
AcDbText
  0
LWPOLYLINE
  5
1E7F
330
1F
100
AcDbEntity
  8
WALL
100
AcDbPolyline
 90
        4
 70
     0
 43
0.0
 10
1922.491004857875
 20
6986.086297438474
 10
1922.491004857875
 20
13986.08629743847
 10
9922.491004857874
 20
13986.08629743847
 10
9922.491004857874
 20
8986.086297438474
  0
LWPOLYLINE
  5
1E80
330
1F
100
AcDbEntity
  8
WALL
100
AcDbPolyline
 90
        2
 70
     0
 43
0.0
 10
5472.491004857875
 20
7136.086297438474
 10
5322.491004857875
 20
7136.086297438474
  0
LWPOLYLINE
  5
1E81
330
1F
100
AcDbEntity
  8
WALL
100
AcDbPolyline
 90
        4
 70
     0
 43
0.0
 10
4622.491004857875
 20
7136.086297438474
 10
2072.491004857875
 20
7136.086297438474
 10
2072.491004857875
 20
13836.08629743848
 10
4047.491004857874
 20
13836.08629743848
  0
LWPOLYLINE
  5
1E82
330
1F
100
AcDbEntity
  8
WALL
100
AcDbPolyline
 90
        2
 70
     0
 43
0.0
 10
4197.491004857873
 20
13836.08629743848
 10
6622.491004857875
 20
13836.08629743848
  0
LWPOLYLINE
  5
1E83
330
1F
100
AcDbEntity
  8
WALL
100
AcDbPolyline
 90
        6
 70
     0
 43
0.0
 10
6772.491004857875
 20
13836.08629743848
 10
9772.491004857876
 20
13836.08629743847
 10
9772.491004857876
 20
9136.086297438474
 10
6622.491004857875
 20
9136.086297438474
 10
6622.491004857875
 20
7136.086297438474
 10
6572.491004857877
 20
7136.086297438474
  0
LWPOLYLINE
  5
1E84
330
1F
100
AcDbEntity
  8
DOOR
100
AcDbPolyline
 90
       14
 70
     0
 43
0.0
 10
5522.491004857876
 20
7136.086297438474
 10
5472.491004857875
 20
7136.086297438474
 10
5472.491004857875
 20
6986.086297438475
 10
5522.491004857876
 20
6986.086297438475
 10
5522.491004857876
 20
7136.086297438474
 42
-0.387941840313994
 10
6522.491004857875
 20
8136.086297438474
 10
6472.491004857875
 20
8136.086297438474
 10
6472.491004857876
 20
7136.086297438474
 10
6522.491004857875
 20
7136.086297438474
 10
6572.491004857875
 20
7136.086297438474
 10
6572.491004857875
 20
6986.086297438475
 10
6522.491004857875
 20
6986.086297438475
 10
6522.491004857875
 20
7136.086297438474
 10
6522.491004857876
 20
8136.086297438474
  0
LINE
  5
1E85
330
1F
100
AcDbEntity
  8
0
100
AcDbLine
 10
6572.491004857877
 20
7136.086297438474
 30
0.0
 11
5522.491004857876
 21
7136.086297438474
 31
0.0
  0
LINE
  5
1E86
330
1F
100
AcDbEntity
  8
WALL
100
AcDbLine
 10
6772.491004857875
 20
8986.086297438474
 30
0.0
 11
9922.491004857874
 21
8986.086297438472
 31
0.0
  0
LINE
  5
1E87
330
1F
100
AcDbEntity
  8
WALL
100
AcDbLine
 10
6772.491004857875
 20
8986.086297438474
 30
0.0
 11
6772.491004857876
 21
6986.086297438474
 31
0.0
  0
LINE
  5
1E88
330
1F
100
AcDbEntity
  8
WALL
100
AcDbLine
 10
6772.491004857875
 20
6986.086297438474
 30
0.0
 11
6622.491004857875
 21
6986.086297438474
 31
0.0
  0
LINE
  5
1E89
330
1F
100
AcDbEntity
  8
WALL
100
AcDbLine
 10
5472.491004857875
 20
6986.086297438474
 30
0.0
 11
5322.491004857875
 21
6986.086297438474
 31
0.0
  0
LINE
  5
1E8A
330
1F
100
AcDbEntity
  8
WALL
100
AcDbLine
 10
4622.491004857875
 20
6986.086297438474
 30
0.0
 11
1922.491004857875
 21
6986.086297438474
 31
0.0
  0
LINE
  5
1E8B
102
{ACAD_REACTORS
330
1EDF
330
1EE2
102
}
330
1F
100
AcDbEntity
  8
FLOOR
100
AcDbLine
 10
6772.491004857875
 20
5786.086297438473
 30
0.0
 11
1922.491004857875
 21
5786.086297438473
 31
0.0
  0
LWPOLYLINE
  5
1E8C
102
{ACAD_REACTORS
330
1EDC
330
1EFB
330
1EFE
102
}
330
1F
100
AcDbEntity
  8
0
  6
PHANTOM
 62
     8
100
AcDbPolyline
 90
        4
 70
     0
 43
0.0
 10
1922.491004857875
 20
6986.086297438474
 10
1922.491004857875
 20
3986.086297438474
 10
9922.491004857874
 20
3986.086297438474
 10
9922.491004857874
 20
8986.086297438472
  0
LINE
  5
1E8D
102
{ACAD_REACTORS
330
1EF5
330
1EF8
102
}
330
1F
100
AcDbEntity
  8
FLOOR
100
AcDbLine
 10
6772.491004857875
 20
5786.086297438473
 30
0.0
 11
6772.491004857876
 21
6986.086297438474
 31
0.0
  0
LINE
  5
1E8E
330
1F
100
AcDbEntity
  8
FLOOR
100
AcDbLine
 10
1922.491004857875
 20
5786.086297438473
 30
0.0
 11
1922.491004857875
 21
6986.086297438474
 31
0.0
  0
TEXT
  5
1E8F
330
1F
100
AcDbEntity
  8
ANNO-TEXTS
  6
Continuous
100
AcDbText
 10
7906.030317893145
 20
6807.879581739482
 30
0.0000000001558245
 40
136.150313021305
  1
CARPORT 
  7
SIMPLEX
100
AcDbText
  0
TEXT
  5
1E90
330
1F
100
AcDbEntity
  8
ANNO-TEXTS
  6
Continuous
100
AcDbText
 10
8031.093806996512
 20
6548.267039143405
 30
0.0000000001558245
 40
136.150313021305
  1
3MX5M
  7
SIMPLEX
100
AcDbText
  0
TEXT
  5
1E91
330
1F
100
AcDbEntity
  8
ANNO-TEXTS
  6
Continuous
100
AcDbText
 10
3871.769486900296
 20
6419.871944116579
 30
0.0
 40
136.150313021305
  1
FOYER 
  7
SIMPLEX
100
AcDbText
  0
TEXT
  5
1E92
330
1F
100
AcDbEntity
  8
ANNO-TEXTS
  6
Continuous
100
AcDbText
 10
3597.117608321387
 20
6160.259401520501
 30
0.0
 40
136.150313021305
  1
1.2MX4.85M
  7
SIMPLEX
100
AcDbText
  0
TEXT
  5
1E93
330
1F
100
AcDbEntity
  8
ANNO-TEXTS
  6
Continuous
100
AcDbText
 10
3871.769486900296
 20
5025.925282212037
 30
0.0
 40
136.150313021305
  1
GARDEN
  7
SIMPLEX
100
AcDbText
  0
TEXT
  5
1E94
330
1F
100
AcDbEntity
  8
ANNO-TEXTS
  6
Continuous
100
AcDbText
 10
3630.948795903613
 20
4766.312739615957
 30
0.0
 40
136.150313021305
  1
1.8MX4.85M
  7
SIMPLEX
100
AcDbText
  0
TEXT
  5
1E95
330
1F
100
AcDbEntity
  8
ANNO-TEXTS
  6
Continuous
100
AcDbText
 10
3380.665532130218
 20
8940.329976542109
 30
0.0
 40
136.150313021305
  1
LIVING AREA
  7
SIMPLEX
100
AcDbText
  0
TEXT
  5
1E96
330
1F
100
AcDbEntity
  8
ANNO-TEXTS
  6
Continuous
100
AcDbText
 10
3415.327738359621
 20
8680.717433946027
 30
0.0
 40
136.150313021305
  1
4.5MX2.2M
  7
SIMPLEX
100
AcDbText
  0
TEXT
  5
1E97
330
1F
100
AcDbEntity
  8
ANNO-TEXTS
  6
Continuous
100
AcDbText
 10
3849.189164336939
 20
10856.23422173647
 30
0.0
 40
136.150313021305
  1
DINING AREA
  7
SIMPLEX
100
AcDbText
  0
TEXT
  5
1E98
330
1F
100
AcDbEntity
  8
ANNO-TEXTS
  6
Continuous
100
AcDbText
 10
3968.912794218508
 20
10596.62167914039
 30
0.0
 40
136.150313021305
  1
2.5MX3.2M
  7
SIMPLEX
100
AcDbText
  0
TEXT
  5
1E99
330
1F
100
AcDbEntity
  8
ANNO-TEXTS
  6
Continuous
100
AcDbText
 10
3502.446695057261
 20
12593.03424863003
 30
0.0
 40
136.150313021305
  1
KITCHEN
  7
SIMPLEX
100
AcDbText
  0
LINE
  5
1E9A
330
1F
100
AcDbEntity
  8
0
100
AcDbLine
 10
5272.991004857875
 20
13236.08629743847
 30
0.0
 11
2672.491004857875
 21
13236.08629743847
 31
0.0
  0
LINE
  5
1E9B
330
1F
100
AcDbEntity
  8
WALL
100
AcDbLine
 10
9772.491004857876
 20
11436.08629743847
 30
0.0
 11
9172.491004857873
 21
11436.08629743847
 31
0.0
  0
LINE
  5
1E9C
330
1F
100
AcDbEntity
  8
WALL
100
AcDbLine
 10
8572.991004857874
 20
11436.08629743847
 30
0.0
 11
6922.491004857876
 21
11436.08629743847
 31
0.0
  0
LINE
  5
1E9D
330
1F
100
AcDbEntity
  8
WALL
100
AcDbLine
 10
9772.491004857876
 20
11536.08629743847
 30
0.0
 11
6922.491004857876
 21
11536.08629743847
 31
0.0
  0
LWPOLYLINE
  5
1E9E
330
1F
100
AcDbEntity
  8
COLUMN
100
AcDbPolyline
 90
        5
 70
     0
 43
0.0
 10
9772.491004857876
 20
11636.08629743847
 10
9922.491004857874
 20
11636.08629743847
 10
9922.491004857874
 20
11336.08629743847
 10
9772.491004857876
 20
11336.08629743847
 10
9772.491004857876
 20
11636.08629743847
  0
LWPOLYLINE
  5
1E9F
102
{ACAD_REACTORS
330
1EF8
330
1F04
330
1F07
102
}
330
1F
100
AcDbEntity
  8
COLUMN
100
AcDbPolyline
 90
        5
 70
     0
 43
0.0
 10
9772.491004857876
 20
9286.086297438474
 10
9922.491004857874
 20
9286.086297438474
 10
9922.491004857874
 20
8986.086297438474
 10
9772.491004857876
 20
8986.086297438474
 10
9772.491004857876
 20
9286.086297438474
  0
LWPOLYLINE
  5
1EA0
102
{ACAD_REACTORS
330
1EC1
102
}
330
1F
100
AcDbEntity
  8
COLUMN
100
AcDbPolyline
 90
        5
 70
     0
 43
0.0
 10
9772.491004857876
 20
13986.08629743847
 10
9922.491004857874
 20
13986.08629743847
 10
9922.491004857874
 20
13686.08629743847
 10
9772.491004857876
 20
13686.08629743847
 10
9772.491004857876
 20
13986.08629743847
  0
LWPOLYLINE
  5
1EA1
330
1F
100
AcDbEntity
  8
COLUMN
100
AcDbPolyline
 90
        5
 70
     0
 43
0.0
 10
6622.491004857876
 20
11411.08629743848
 10
6622.491004857876
 20
11561.08629743848
 10
6922.491004857876
 20
11561.08629743848
 10
6922.491004857876
 20
11411.08629743848
 10
6622.491004857876
 20
11411.08629743848
  0
LWPOLYLINE
  5
1EA2
330
1F
100
AcDbEntity
  8
COLUMN
100
AcDbPolyline
 90
        5
 70
     0
 43
0.0
 10
6922.491004857874
 20
9136.086297438472
 10
6922.491004857874
 20
8986.086297438472
 10
6622.491004857875
 20
8986.086297438474
 10
6622.491004857875
 20
9136.086297438474
 10
6922.491004857874
 20
9136.086297438472
  0
LWPOLYLINE
  5
1EA3
330
1F
100
AcDbEntity
  8
COLUMN
100
AcDbPolyline
 90
        5
 70
     0
 43
0.0
 10
6847.491004857875
 20
13986.08629743847
 10
6847.491004857875
 20
13836.08629743847
 10
6547.491004857874
 20
13836.08629743847
 10
6547.491004857874
 20
13986.08629743847
 10
6847.491004857875
 20
13986.08629743847
  0
LWPOLYLINE
  5
1EA4
330
1F
100
AcDbEntity
  8
DOOR
100
AcDbPolyline
 90
       14
 70
     0
 43
0.0
 10
6272.991004857875
 20
11536.08629743848
 10
6322.991004857875
 20
11536.08629743848
 10
6322.991004857875
 20
11436.08629743848
 10
6272.991004857875
 20
11436.08629743848
 10
6272.991004857875
 20
11536.08629743848
 42
0.4849273003924928
 10
5472.991004857874
 20
12336.08629743847
 10
5522.991004857875
 20
12336.08629743847
 10
5522.991004857875
 20
11536.08629743847
 10
5472.991004857874
 20
11536.08629743847
 10
5422.991004857874
 20
11536.08629743847
 10
5422.991004857874
 20
11436.08629743847
 10
5472.991004857874
 20
11436.08629743847
 10
5472.991004857874
 20
11536.08629743847
 10
5472.991004857874
 20
12336.08629743847
  0
TEXT
  5
1EA5
330
1F
100
AcDbEntity
  8
ANNO-TEXTS
  6
Continuous
100
AcDbText
 10
6382.948414480392
 20
12783.73822825311
 30
0.0
 40
136.150313021305
  1
BEDROOM 1
  7
SIMPLEX
100
AcDbText
  0
TEXT
  5
1EA6
330
1F
100
AcDbEntity
  8
ANNO-TEXTS
  6
Continuous
100
AcDbText
 10
6431.179377201009
 20
12448.62568565703
 30
0.0
 40
136.150313021305
  1
2.3MX3.0M
  7
SIMPLEX
100
AcDbText
  0
LINE
  5
1EA7
330
1F
100
AcDbEntity
  8
0
100
AcDbLine
 10
2672.491004857875
 20
13236.08629743847
 30
0.0
 11
2672.491004857875
 21
11336.08629743847
 31
0.0
  0
LWPOLYLINE
  5
1EA8
330
1F
100
AcDbEntity
  8
DOOR
100
AcDbPolyline
 90
       14
 70
     0
 43
0.0
 10
9272.991004857876
 20
11536.08629743848
 10
9322.991004857874
 20
11536.08629743848
 10
9322.991004857874
 20
11436.08629743848
 10
9272.991004857876
 20
11436.08629743848
 10
9272.991004857876
 20
11536.08629743848
 42
0.3772928374593556
 10
8572.991004857874
 20
12236.08629743847
 10
8622.991004857873
 20
12236.08629743847
 10
8622.991004857873
 20
11536.08629743847
 10
8572.991004857874
 20
11536.08629743847
 10
8522.991004857875
 20
11536.08629743847
 10
8522.991004857875
 20
11436.08629743847
 10
8572.991004857874
 20
11436.08629743847
 10
8572.991004857874
 20
11536.08629743847
 10
8572.991004857874
 20
12236.08629743847
  0
LINE
  5
1EA9
330
1F
100
AcDbEntity
  8
0
100
AcDbLine
 10
9272.991004857876
 20
11536.08629743848
 30
0.0
 11
8622.991004857873
 21
11536.08629743847
 31
0.0
  0
TEXT
  5
1EAA
330
1F
100
AcDbEntity
  8
ANNO-TEXTS
  6
Continuous
100
AcDbText
 10
3330.716073000463
 20
12353.0455021881
 30
0.0000000035554422
 40
136.150313021305
  1
3.2MX2.5M
  7
SIMPLEX
100
AcDbText
  0
LWPOLYLINE
  5
1EAB
330
1F
100
AcDbEntity
  8
COLUMN
100
AcDbPolyline
 90
        5
 70
     0
 43
0.0
 10
4272.491004857875
 20
13986.08629743848
 10
4272.491004857875
 20
13836.08629743847
 10
3972.491004857875
 20
13836.08629743847
 10
3972.491004857875
 20
13986.08629743848
 10
4272.491004857875
 20
13986.08629743848
  0
LWPOLYLINE
  5
1EAC
102
{ACAD_REACTORS
330
1EE8
330
1EEB
102
}
330
1F
100
AcDbEntity
  8
COLUMN
100
AcDbPolyline
 90
        5
 70
     0
 43
0.0
 10
1922.491004857875
 20
11636.08629743847
 10
2072.491004857875
 20
11636.08629743847
 10
2072.491004857875
 20
11336.08629743847
 10
1922.491004857875
 20
11336.08629743847
 10
1922.491004857875
 20
11636.08629743847
  0
LWPOLYLINE
  5
1EAD
102
{ACAD_REACTORS
330
1EE5
330
1EE8
102
}
330
1F
100
AcDbEntity
  8
COLUMN
100
AcDbPolyline
 90
        5
 70
     0
 43
0.0
 10
1922.491004857875
 20
9286.086297438474
 10
2072.491004857875
 20
9286.086297438474
 10
2072.491004857875
 20
8986.086297438474
 10
1922.491004857875
 20
8986.086297438474
 10
1922.491004857875
 20
9286.086297438474
  0
LWPOLYLINE
  5
1EAE
102
{ACAD_REACTORS
330
1EC1
102
}
330
1F
100
AcDbEntity
  8
COLUMN
100
AcDbPolyline
 90
        5
 70
     0
 43
0.0
 10
1922.491004857875
 20
13986.08629743847
 10
2072.491004857875
 20
13986.08629743847
 10
2072.491004857875
 20
13686.08629743847
 10
1922.491004857875
 20
13686.08629743847
 10
1922.491004857875
 20
13986.08629743847
  0
LWPOLYLINE
  5
1EAF
102
{ACAD_REACTORS
330
1EE2
330
1EE5
102
}
330
1F
100
AcDbEntity
  8
COLUMN
100
AcDbPolyline
 90
        5
 70
     0
 43
0.0
 10
1922.491004857875
 20
7286.086297438474
 10
2072.491004857875
 20
7286.086297438474
 10
2072.491004857875
 20
6986.086297438474
 10
1922.491004857875
 20
6986.086297438474
 10
1922.491004857875
 20
7286.086297438474
  0
LWPOLYLINE
  5
1EB0
330
1F
100
AcDbEntity
  8
COLUMN
100
AcDbPolyline
 90
        5
 70
     0
 43
0.0
 10
6622.491004857875
 20
7286.086297438472
 10
6772.491004857875
 20
7286.086297438472
 10
6772.491004857875
 20
6986.086297438472
 10
6622.491004857875
 20
6986.086297438472
 10
6622.491004857875
 20
7286.086297438472
  0
LINE
  5
1EB1
330
1F
100
AcDbEntity
  8
WALL
100
AcDbLine
 10
6572.491004857875
 20
6986.086297438475
 30
0.0
 11
6622.491004857875
 21
6986.086297438472
 31
0.0
  0
LWPOLYLINE
  5
1EB2
330
1F
100
AcDbEntity
  8
COLUMN
100
AcDbPolyline
 90
        5
 70
     0
 43
0.0
 10
3972.491004857874
 20
6986.086297438474
 10
3972.491004857874
 20
7136.086297438474
 10
4272.491004857875
 20
7136.086297438474
 10
4272.491004857875
 20
6986.086297438474
 10
3972.491004857874
 20
6986.086297438474
  0
LINE
  5
1EB3
330
1F
100
AcDbEntity
  8
0
  6
PHANTOM
 62
     9
100
AcDbLine
 10
1922.491004857875
 20
15291.69474808305
 30
0.0
 11
1922.491004857875
 21
2330.181350138094
 31
0.0
  0
CIRCLE
  5
1EB4
330
1F
100
AcDbEntity
  8
0
  6
PHANTOM
 62
     9
100
AcDbCircle
 10
1922.491004857875
 20
15541.69474808305
 30
0.0
 40
250.0
  0
MTEXT
  5
1EB5
330
1F
100
AcDbEntity
  8
0
100
AcDbMText
 10
1819.149571983125
 20
15685.91758412811
 30
0.0
 40
250.0
 41
227.2724819630485
 46
0.0
 71
     1
 72
     5
  1
A
 73
     1
 44
1.0
101
Embedded Object
 70
     1
 10
1.0
 20
0.0
 30
0.0
 11
1819.149571983125
 21
15685.91758412811
 31
0.0
 40
227.2724819630485
 41
0.0
 42
233.4583901773533
 43
250.0
 71
     2
 72
     1
 44
227.2724819630485
 45
6.25
 73
     0
 74
     0
 46
0.0
  0
CIRCLE
  5
1EB7
330
1F
100
AcDbEntity
  8
0
  6
PHANTOM
 62
     9
100
AcDbCircle
 10
4122.491004857875
 20
15541.69474808305
 30
0.0
 40
250.0
  0
MTEXT
  5
1EB8
330
1F
100
AcDbEntity
  8
0
100
AcDbMText
 10
4019.149571983127
 20
15685.91758412811
 30
0.0
 40
250.0
 41
227.2724819630485
 46
0.0
 71
     1
 72
     5
  1
B
 73
     1
 44
1.0
101
Embedded Object
 70
     1
 10
1.0
 20
0.0
 30
0.0
 11
4019.149571983127
 21
15685.91758412811
 31
0.0
 40
227.2724819630485
 41
0.0
 42
188.7789904502046
 43
250.0
 71
     2
 72
     1
 44
227.2724819630485
 45
6.25
 73
     0
 74
     0
 46
0.0
  0
LINE
  5
1EB9
102
{ACAD_REACTORS
330
1EC7
330
1ECA
102
}
330
1F
100
AcDbEntity
  8
0
  6
PHANTOM
 62
     9
100
AcDbLine
 10
6697.491004857875
 20
15291.69474808305
 30
0.0
 11
6697.491004857875
 21
2330.181350138094
 31
0.0
  0
CIRCLE
  5
1EBA
330
1F
100
AcDbEntity
  8
0
  6
PHANTOM
 62
     9
100
AcDbCircle
 10
6697.491004857875
 20
15541.69474808305
 30
0.0
 40
250.0
  0
MTEXT
  5
1EBB
330
1F
100
AcDbEntity
  8
0
100
AcDbMText
 10
6594.149571983125
 20
15685.91758412811
 30
0.0
 40
250.0
 41
227.2724819630485
 46
0.0
 71
     1
 72
     5
  1
C
 73
     1
 44
1.0
101
Embedded Object
 70
     1
 10
1.0
 20
0.0
 30
0.0
 11
6594.149571983125
 21
15685.91758412811
 31
0.0
 40
227.2724819630485
 41
0.0
 42
221.0095497953615
 43
258.5266030013642
 71
     2
 72
     1
 44
227.2724819630485
 45
6.25
 73
     0
 74
     0
 46
0.0
  0
LINE
  5
1EBC
330
1F
100
AcDbEntity
  8
0
  6
PHANTOM
 62
     9
100
AcDbLine
 10
9922.491004857874
 20
15291.69474808305
 30
0.0
 11
9922.491004857874
 21
2330.181350138094
 31
0.0
  0
CIRCLE
  5
1EBD
330
1F
100
AcDbEntity
  8
0
  6
PHANTOM
 62
     9
100
AcDbCircle
 10
9922.491004857874
 20
15541.69474808305
 30
0.0
 40
250.0
  0
MTEXT
  5
1EBE
330
1F
100
AcDbEntity
  8
0
100
AcDbMText
 10
9819.149571983125
 20
15685.91758412811
 30
0.0
 40
250.0
 41
227.2724819630485
 46
0.0
 71
     1
 72
     5
  1
D
 73
     1
 44
1.0
101
Embedded Object
 70
     1
 10
1.0
 20
0.0
 30
0.0
 11
9819.149571983125
 21
15685.91758412811
 31
0.0
 40
227.2724819630485
 41
0.0
 42
206.6848567530696
 43
250.0
 71
     2
 72
     1
 44
227.2724819630485
 45
6.25
 73
     0
 74
     0
 46
0.0
  0
DIMENSION
  5
1EBF
102
{ACAD_XDICTIONARY
360
1EC0
102
}
102
{ACAD_REACTORS
330
1EC1
102
}
330
1F
100
AcDbEntity
  8
0
100
AcDbDimension
280
     0
  2
*D52
 10
9922.491004857874
 20
14969.92458442625
 30
0.0
 11
5922.491004857874
 21
15040.98188319842
 31
0.0
 70
    32
 71
     5
 42
8000.0
 73
     0
 74
     0
 75
     0
  3
2
100
AcDbAlignedDimension
 13
1922.491004857875
 23
13986.08629743847
 33
0.0
 14
9922.491004857874
 24
13986.08629743847
 34
0.0
100
AcDbRotatedDimension
  0
DIMENSION
  5
1EC2
330
1F
100
AcDbEntity
  8
0
100
AcDbDimension
280
     0
  2
*D53
 10
4122.491004857875
 20
14688.26535178906
 30
0.0
 11
3022.491004857875
 21
14759.32265056123
 31
0.0
 70
    32
 71
     5
 42
2200.0
 73
     0
 74
     0
 75
     0
  3
2
100
AcDbAlignedDimension
 13
1922.491004857875
 23
13986.08629743847
 33
0.0
 14
4122.491004857875
 24
13986.08629743847
 34
0.0
100
AcDbRotatedDimension
  0
DIMENSION
  5
1EC5
102
{ACAD_XDICTIONARY
360
1EC6
102
}
102
{ACAD_REACTORS
330
1EC7
102
}
330
1F
100
AcDbEntity
  8
0
100
AcDbDimension
280
     0
  2
*D54
 10
6697.491004857875
 20
14688.26535178906
 30
0.0
 11
5409.991004857875
 21
14759.32265056123
 31
0.0
 70
    32
 71
     5
 42
2575.0
 73
     0
 74
     0
 75
     0
  3
2
100
AcDbAlignedDimension
 13
4122.491004857875
 23
13986.08629743847
 33
0.0
 14
6697.491004857875
 24
14076.28800191603
 34
0.0
100
AcDbRotatedDimension
1001
ACAD
1000
DSTYLE
1002
{
1070
   279
1070
     1
1002
}
  0
DIMENSION
  5
1EC8
102
{ACAD_XDICTIONARY
360
1EC9
102
}
102
{ACAD_REACTORS
330
1ECA
102
}
330
1F
100
AcDbEntity
  8
0
100
AcDbDimension
280
     0
  2
*D55
 10
9922.491004857874
 20
14688.26535178906
 30
0.0
 11
8309.991004857876
 21
14759.35675697323
 31
0.0
 70
    32
 71
     5
 42
3225.0
 73
     0
 74
     0
 75
     0
  3
2
100
AcDbAlignedDimension
 13
6697.491004857875
 23
14076.28800191603
 33
0.0
 14
9922.491004857874
 24
14088.12176113652
 34
0.0
100
AcDbRotatedDimension
1001
ACAD
1000
DSTYLE
1002
{
1070
   279
1070
     1
1002
}
  0
LINE
  5
1ECB
330
1F
100
AcDbEntity
  8
WINDOW
100
AcDbLine
 10
5272.491004857875
 20
7061.086297438476
 30
0.0
 11
4672.491004857874
 21
7061.086297438482
 31
0.0
  0
LINE
  5
1ECC
330
1F
100
AcDbEntity
  8
WINDOW
100
AcDbLine
 10
4672.491004857874
 20
7136.086297438474
 30
0.0
 11
4672.491004857874
 21
6986.086297438474
 31
0.0
  0
LINE
  5
1ECD
330
1F
100
AcDbEntity
  8
WINDOW
100
AcDbLine
 10
5272.491004857875
 20
7136.086297438474
 30
0.0
 11
5272.491004857875
 21
6986.086297438474
 31
0.0
  0
LINE
  5
1ECE
102
{ACAD_REACTORS
330
1EDC
102
}
330
1F
100
AcDbEntity
  8
0
  6
PHANTOM
 62
     9
100
AcDbLine
 10
918.1046207198523
 20
13986.08629743847
 30
0.0
 11
11184.94450524888
 21
13986.08629743847
 31
0.0
  0
CIRCLE
  5
1ECF
330
1F
100
AcDbEntity
  8
0
  6
PHANTOM
 62
     9
100
AcDbCircle
 10
668.1046207198524
 20
13986.08629743847
 30
0.0
 40
250.0
  0
MTEXT
  5
1ED0
330
1F
100
AcDbEntity
  8
0
100
AcDbMText
 10
607.9271893429795
 20
14130.30913348355
 30
0.0
 40
250.0
 41
227.2724819630485
 46
0.0
 71
     1
 72
     5
  1
1
 73
     1
 44
1.0
101
Embedded Object
 70
     1
 10
1.0
 20
0.0
 30
0.0
 11
607.9271893429795
 21
14130.30913348355
 31
0.0
 40
227.2724819630485
 41
0.0
 42
92.08731241473399
 43
251.0231923601637
 71
     2
 72
     1
 44
227.2724819630485
 45
6.25
 73
     0
 74
     0
 46
0.0
  0
LINE
  5
1ED1
102
{ACAD_REACTORS
330
1F01
330
1F04
102
}
330
1F
100
AcDbEntity
  8
0
  6
PHANTOM
 62
     9
100
AcDbLine
 10
918.1046207198523
 20
11486.08629743847
 30
0.0
 11
11184.94450524888
 21
11486.08629743847
 31
0.0
  0
CIRCLE
  5
1ED2
330
1F
100
AcDbEntity
  8
0
  6
PHANTOM
 62
     9
100
AcDbCircle
 10
668.1046207198524
 20
11486.08629743847
 30
0.0
 40
250.0
  0
MTEXT
  5
1ED3
330
1F
100
AcDbEntity
  8
0
100
AcDbMText
 10
607.9271893429795
 20
11630.30913348355
 30
0.0
 40
250.0
 41
227.2724819630485
 46
0.0
 71
     1
 72
     5
  1
2
 73
     1
 44
1.0
101
Embedded Object
 70
     1
 10
1.0
 20
0.0
 30
0.0
 11
607.9271893429795
 21
11630.30913348355
 31
0.0
 40
227.2724819630485
 41
0.0
 42
165.5866302864938
 43
251.0231923601637
 71
     2
 72
     1
 44
227.2724819630485
 45
6.25
 73
     0
 74
     0
 46
0.0
  0
LINE
  5
1ED4
330
1F
100
AcDbEntity
  8
0
  6
PHANTOM
 62
     9
100
AcDbLine
 10
918.1046207198523
 20
9136.086297438474
 30
0.0
 11
11184.94450524888
 21
9136.086297438474
 31
0.0
  0
CIRCLE
  5
1ED5
330
1F
100
AcDbEntity
  8
0
  6
PHANTOM
 62
     9
100
AcDbCircle
 10
668.1046207198524
 20
9136.086297438474
 30
0.0
 40
250.0
  0
MTEXT
  5
1ED6
330
1F
100
AcDbEntity
  8
0
100
AcDbMText
 10
607.9271893429795
 20
9280.309133483552
 30
0.0
 40
250.0
 41
227.2724819630485
 46
0.0
 71
     1
 72
     5
  1
3
 73
     1
 44
1.0
101
Embedded Object
 70
     1
 10
1.0
 20
0.0
 30
0.0
 11
607.9271893429795
 21
9280.309133483552
 31
0.0
 40
227.2724819630485
 41
0.0
 42
163.7107776261937
 43
255.4570259208731
 71
     2
 72
     1
 44
227.2724819630485
 45
6.25
 73
     0
 74
     0
 46
0.0
  0
LINE
  5
1ED7
330
1F
100
AcDbEntity
  8
0
  6
PHANTOM
 62
     9
100
AcDbLine
 10
918.1046207198523
 20
6986.086297438474
 30
0.0
 11
11184.94450524888
 21
6986.086297438474
 31
0.0
  0
CIRCLE
  5
1ED8
330
1F
100
AcDbEntity
  8
0
  6
PHANTOM
 62
     9
100
AcDbCircle
 10
668.1046207198524
 20
6986.086297438474
 30
0.0
 40
250.0
  0
MTEXT
  5
1ED9
330
1F
100
AcDbEntity
  8
0
100
AcDbMText
 10
607.9271893429795
 20
7130.309133483554
 30
0.0
 40
250.0
 41
227.2724819630485
 46
0.0
 71
     1
 72
     5
  1
4
 73
     1
 44
1.0
101
Embedded Object
 70
     1
 10
1.0
 20
0.0
 30
0.0
 11
607.9271893429795
 21
7130.309133483554
 31
0.0
 40
227.2724819630485
 41
0.0
 42
172.9195088676671
 43
250.0
 71
     2
 72
     1
 44
227.2724819630485
 45
6.25
 73
     0
 74
     0
 46
0.0
  0
DIMENSION
  5
1EDA
102
{ACAD_XDICTIONARY
360
1EDB
102
}
102
{ACAD_REACTORS
330
1EDC
102
}
330
1F
100
AcDbEntity
  8
0
100
AcDbDimension
280
     0
  2
*D56
 10
1078.002547572477
 20
3986.086297438475
 30
0.0
 11
1006.945248800309
 21
8986.086297438474
 31
0.0
 70
    32
 71
     5
 42
10000.0
 73
     0
 74
     0
 75
     0
  3
2
100
AcDbAlignedDimension
 13
1922.491004857875
 23
13986.08629743847
 33
0.0
 14
1922.491004857875
 24
3986.086297438474
 34
0.0
 50
90.0
100
AcDbRotatedDimension
  0
DIMENSION
  5
1EDD
102
{ACAD_XDICTIONARY
360
1EDE
102
}
102
{ACAD_REACTORS
330
1EDF
102
}
330
1F
100
AcDbEntity
  8
0
100
AcDbDimension
280
     0
  2
*D57
 10
1337.028192117338
 20
5786.086297438476
 30
0.0
 11
1265.97089334517
 21
4886.086297438474
 31
0.0
 70
    32
 71
     5
 42
1800.0
 73
     0
 74
     0
 75
     0
  3
2
100
AcDbAlignedDimension
 13
1922.491004857875
 23
3986.086297438474
 33
0.0
 14
1922.491004857875
 24
5786.086297438473
 34
0.0
 50
90.0
100
AcDbRotatedDimension
  0
DIMENSION
  5
1EE0
102
{ACAD_XDICTIONARY
360
1EE1
102
}
102
{ACAD_REACTORS
330
1EE2
102
}
330
1F
100
AcDbEntity
  8
0
100
AcDbDimension
280
     0
  2
*D58
 10
1337.028192117338
 20
6986.086297438475
 30
0.0
 11
1265.970893345171
 21
6386.086297438474
 31
0.0
 70
    32
 71
     5
 42
1200.000000000001
 73
     0
 74
     0
 75
     0
  3
2
100
AcDbAlignedDimension
 13
1922.491004857875
 23
5786.086297438473
 33
0.0
 14
1922.491004857875
 24
6986.086297438474
 34
0.0
 50
90.0
100
AcDbRotatedDimension
1001
ACAD
1000
DSTYLE
1002
{
1070
   279
1070
     1
1002
}
  0
DIMENSION
  5
1EE3
102
{ACAD_XDICTIONARY
360
1EE4
102
}
102
{ACAD_REACTORS
330
1EE5
102
}
330
1F
100
AcDbEntity
  8
0
100
AcDbDimension
280
     0
  2
*D59
 10
1337.028192117338
 20
9136.086297438479
 30
0.0
 11
1265.970893345171
 21
8061.086297438476
 31
0.0
 70
    32
 71
     5
 42
2150.000000000001
 73
     0
 74
     0
 75
     0
  3
2
100
AcDbAlignedDimension
 13
1922.491004857875
 23
6986.086297438474
 33
0.0
 14
1922.491004857875
 24
9136.086297438474
 34
0.0
 50
90.0
100
AcDbRotatedDimension
1001
ACAD
1000
DSTYLE
1002
{
1070
   279
1070
     1
1002
}
  0
DIMENSION
  5
1EE6
102
{ACAD_XDICTIONARY
360
1EE7
102
}
102
{ACAD_REACTORS
330
1EE8
102
}
330
1F
100
AcDbEntity
  8
0
100
AcDbDimension
280
     0
  2
*D60
 10
1337.028192117338
 20
11486.08629743848
 30
0.0
 11
1265.936786933166
 21
10311.08629743847
 31
0.0
 70
    32
 71
     5
 42
2350.0
 73
     0
 74
     0
 75
     0
  3
2
100
AcDbAlignedDimension
 13
1922.491004857875
 23
9136.086297438474
 33
0.0
 14
1922.491004857875
 24
11486.08629743847
 34
0.0
 50
90.0
100
AcDbRotatedDimension
1001
ACAD
1000
DSTYLE
1002
{
1070
   279
1070
     1
1002
}
  0
DIMENSION
  5
1EE9
102
{ACAD_XDICTIONARY
360
1EEA
102
}
102
{ACAD_REACTORS
330
1EEB
102
}
330
1F
100
AcDbEntity
  8
0
100
AcDbDimension
280
     0
  2
*D61
 10
1337.028192117337
 20
13986.08629743848
 30
0.0
 11
1265.970893345172
 21
12736.08629743847
 31
0.0
 70
    32
 71
     5
 42
2500.000000000003
 73
     0
 74
     0
 75
     0
  3
2
100
AcDbAlignedDimension
 13
1922.491004857875
 23
11486.08629743847
 33
0.0
 14
1922.491004857875
 24
13986.08629743847
 34
0.0
 50
90.0
100
AcDbRotatedDimension
1001
ACAD
1000
DSTYLE
1002
{
1070
   279
1070
     1
1002
}
  0
DIMENSION
  5
1EEC
330
1F
100
AcDbEntity
  8
0
100
AcDbDimension
280
     0
  2
*D47
 10
1615.503308490758
 20
12536.08629743848
 30
0.0
 11
1544.446009718592
 21
13261.08629743848
 31
0.0
 70
    32
 71
     5
 42
1450.0
 73
     0
 74
     0
 75
     0
  3
2
100
AcDbAlignedDimension
 13
1922.491004857875
 23
13986.08629743847
 33
0.0
 14
4072.491004857877
 24
12536.08629743847
 34
0.0
 50
90.0
100
AcDbRotatedDimension
  0
DIMENSION
  5
1EF3
102
{ACAD_XDICTIONARY
360
1EF4
102
}
102
{ACAD_REACTORS
330
1EF5
102
}
330
1F
100
AcDbEntity
  8
0
100
AcDbDimension
280
     0
  2
*D64
 10
6772.491004857875
 20
2946.397918453736
 30
0.0
 11
4347.491004857874
 21
3017.455217225905
 31
0.0
 70
    32
 71
     5
 42
4850.0
 73
     0
 74
     0
 75
     0
  3
2
100
AcDbAlignedDimension
 13
1922.491004857875
 23
5786.086297438473
 33
0.0
 14
6772.491004857875
 24
5786.086297438471
 34
0.0
100
AcDbRotatedDimension
  0
DIMENSION
  5
1EF6
102
{ACAD_XDICTIONARY
360
1EF7
102
}
102
{ACAD_REACTORS
330
1EF8
102
}
330
1F
100
AcDbEntity
  8
0
100
AcDbDimension
280
     0
  2
*D65
 10
9922.491004857874
 20
2946.397918453739
 30
0.0
 11
8347.491004857875
 21
3017.489323637914
 31
0.0
 70
    32
 71
     5
 42
3150.0
 73
     0
 74
     0
 75
     0
  3
2
100
AcDbAlignedDimension
 13
6772.491004857875
 23
5786.086297438473
 33
0.0
 14
9922.491004857874
 24
8986.086297438479
 34
0.0
100
AcDbRotatedDimension
1001
ACAD
1000
DSTYLE
1002
{
1070
   279
1070
     1
1002
}
  0
DIMENSION
  5
1EF9
102
{ACAD_XDICTIONARY
360
1EFA
102
}
102
{ACAD_REACTORS
330
1EFB
102
}
330
1F
100
AcDbEntity
  8
0
100
AcDbDimension
280
     0
  2
*D66
 10
1922.491004857874
 20
2636.685436060046
 30
0.0
 11
5922.491004857874
 21
2707.742734832215
 31
0.0
 70
    32
 71
     5
 42
8000.0
 73
     0
 74
     0
 75
     0
  3
2
100
AcDbAlignedDimension
 13
9922.491004857874
 23
8986.086297438472
 33
0.0
 14
1922.491004857875
 24
6986.086297438474
 34
0.0
100
AcDbRotatedDimension
  0
DIMENSION
  5
1EFC
102
{ACAD_XDICTIONARY
360
1EFD
102
}
102
{ACAD_REACTORS
330
1EFE
102
}
330
1F
100
AcDbEntity
  8
0
100
AcDbDimension
280
     0
  2
*D48
 10
10916.72011245669
 20
3986.086297438475
 30
0.0
 11
10845.66281368452
 21
8986.086297438474
 31
0.0
 70
    32
 71
     5
 42
10000.0
 73
     0
 74
     0
 75
     0
  3
2
100
AcDbAlignedDimension
 13
9922.491004857874
 23
13986.08629743847
 33
0.0
 14
9922.491004857874
 24
3986.086297438474
 34
0.0
 50
90.0
100
AcDbRotatedDimension
  0
DIMENSION
  5
1EFF
102
{ACAD_XDICTIONARY
360
1F00
102
}
102
{ACAD_REACTORS
330
1F01
102
}
330
1F
100
AcDbEntity
  8
0
100
AcDbDimension
280
     0
  2
*D49
 10
10661.11006182954
 20
11486.08629743848
 30
0.0
 11
10590.05276305737
 21
12736.08629743847
 31
0.0
 70
    32
 71
     5
 42
2500.000000000003
 73
     0
 74
     0
 75
     0
  3
2
100
AcDbAlignedDimension
 13
9922.491004857874
 23
13986.08629743847
 33
0.0
 14
9922.491004857874
 24
11486.08629743847
 34
0.0
 50
90.0
100
AcDbRotatedDimension
  0
DIMENSION
  5
1F02
102
{ACAD_XDICTIONARY
360
1F03
102
}
102
{ACAD_REACTORS
330
1F04
102
}
330
1F
100
AcDbEntity
  8
0
100
AcDbDimension
280
     0
  2
*D50
 10
10661.11006182955
 20
9136.086297438479
 30
0.0
 11
10590.01865664538
 21
10311.08629743847
 31
0.0
 70
    32
 71
     5
 42
2350.0
 73
     0
 74
     0
 75
     0
  3
2
100
AcDbAlignedDimension
 13
9922.491004857874
 23
11486.08629743847
 33
0.0
 14
9922.491004857874
 24
9136.086297438474
 34
0.0
 50
90.0
100
AcDbRotatedDimension
1001
ACAD
1000
DSTYLE
1002
{
1070
   279
1070
     1
1002
}
  0
DIMENSION
  5
1F05
102
{ACAD_XDICTIONARY
360
1F06
102
}
102
{ACAD_REACTORS
330
1F07
102
}
330
1F
100
AcDbEntity
  8
0
100
AcDbDimension
280
     0
  2
*D51
 10
10661.11006182956
 20
3986.086297438475
 30
0.0
 11
10590.05276305739
 21
6561.086297438473
 31
0.0
 70
    32
 71
     5
 42
5150.000000000002
 73
     0
 74
     0
 75
     0
  3
2
100
AcDbAlignedDimension
 13
9922.491004857874
 23
9136.086297438474
 33
0.0
 14
9922.491004857874
 24
3986.086297438474
 34
0.0
 50
90.0
100
AcDbRotatedDimension
1001
ACAD
1000
DSTYLE
1002
{
1070
   279
1070
     1
1002
}
  0
LWPOLYLINE
  5
1F08
330
1F
100
AcDbEntity
  8
WINDOW
100
AcDbPolyline
 90
        4
 70
     1
 43
0.0
 10
4622.491004857875
 20
6986.086297438474
 10
5322.491004857875
 20
6986.086297438474
 10
5322.491004857875
 20
7136.086297438474
 10
4622.491004857875
 20
7136.086297438474
  0
LINE
  5
1F09
330
1F
100
AcDbEntity
  8
WINDOW
100
AcDbLine
 10
2972.491004857875
 20
7061.086297438476
 30
0.0
 11
2372.491004857875
 21
7061.086297438484
 31
0.0
  0
LINE
  5
1F0A
330
1F
100
AcDbEntity
  8
WINDOW
100
AcDbLine
 10
2372.491004857875
 20
7136.086297438474
 30
0.0
 11
2372.491004857875
 21
6986.086297438474
 31
0.0
  0
LINE
  5
1F0B
330
1F
100
AcDbEntity
  8
WINDOW
100
AcDbLine
 10
2972.491004857875
 20
7136.086297438474
 30
0.0
 11
2972.491004857875
 21
6986.086297438474
 31
0.0
  0
LWPOLYLINE
  5
1F0C
330
1F
100
AcDbEntity
  8
WINDOW
100
AcDbPolyline
 90
        4
 70
     1
 43
0.0
 10
2322.491004857875
 20
6986.086297438474
 10
3022.491004857875
 20
6986.086297438474
 10
3022.491004857875
 20
7136.086297438474
 10
2322.491004857875
 20
7136.086297438474
  0
LINE
  5
1F0D
330
1F
100
AcDbEntity
  8
WINDOW
100
AcDbLine
 10
6697.491004857875
 20
8474.026033863749
 30
0.0
 11
6697.491004857872
 21
7674.02603386375
 31
0.0
  0
LINE
  5
1F0E
330
1F
100
AcDbEntity
  8
WINDOW
100
AcDbLine
 10
6622.491004857875
 20
7674.02603386375
 30
0.0
 11
6772.491004857875
 21
7674.02603386375
 31
0.0
  0
LINE
  5
1F0F
330
1F
100
AcDbEntity
  8
WINDOW
100
AcDbLine
 10
6622.491004857875
 20
8474.026033863749
 30
0.0
 11
6772.491004857875
 21
8474.026033863749
 31
0.0
  0
LWPOLYLINE
  5
1F10
330
1F
100
AcDbEntity
  8
WINDOW
100
AcDbPolyline
 90
        4
 70
     1
 43
0.0
 10
6772.491004857875
 20
7624.026033863749
 10
6772.491004857875
 20
8524.026033863751
 10
6622.491004857875
 20
8524.026033863751
 10
6622.491004857875
 20
7624.026033863749
  0
LINE
  5
1F11
330
1F
100
AcDbEntity
  8
WINDOW
100
AcDbLine
 10
9522.491004857874
 20
9061.086297438476
 30
0.0
 11
8822.491004857875
 21
9061.086297438478
 31
0.0
  0
LINE
  5
1F12
330
1F
100
AcDbEntity
  8
WINDOW
100
AcDbLine
 10
8822.491004857875
 20
9136.086297438474
 30
0.0
 11
8822.491004857875
 21
8986.086297438474
 31
0.0
  0
LINE
  5
1F13
330
1F
100
AcDbEntity
  8
WINDOW
100
AcDbLine
 10
9522.491004857874
 20
9136.086297438474
 30
0.0
 11
9522.491004857874
 21
8986.086297438474
 31
0.0
  0
LWPOLYLINE
  5
1F14
330
1F
100
AcDbEntity
  8
WINDOW
100
AcDbPolyline
 90
        4
 70
     1
 43
0.0
 10
8772.491004857874
 20
8986.086297438474
 10
9572.491004857877
 20
8986.086297438474
 10
9572.491004857877
 20
9136.086297438474
 10
8772.491004857874
 20
9136.086297438474
  0
LINE
  5
1F15
330
1F
100
AcDbEntity
  8
STAIRS
100
AcDbLine
 10
9772.491004857876
 20
10336.08629743847
 30
0.0
 11
7372.491004857875
 21
10336.08629743847
 31
0.0
  0
LINE
  5
1F16
330
1F
100
AcDbEntity
  8
STAIRS
100
AcDbLine
 10
9772.491004857876
 20
10636.08629743847
 30
0.0
 11
8710.966544911862
 21
10636.08629743847
 31
0.0
  0
LINE
  5
1F17
330
1F
100
AcDbEntity
  8
STAIRS
100
AcDbLine
 10
9772.491004857876
 20
10936.08629743847
 30
0.0
 11
9326.082310746013
 21
10936.08629743847
 31
0.0
  0
LINE
  5
1F18
330
1F
100
AcDbEntity
  8
STAIRS
100
AcDbLine
 10
9772.491004857876
 20
11236.08629743847
 30
0.0
 11
9233.927527213133
 21
11236.08629743847
 31
0.0
  0
LINE
  5
1F19
330
1F
100
AcDbEntity
  8
STAIRS
100
AcDbLine
 10
8272.491004857874
 20
10336.08629743847
 30
0.0
 11
8272.491004857874
 21
9136.086297438474
 31
0.0
  0
LINE
  5
1F1A
330
1F
100
AcDbEntity
  8
STAIRS
100
AcDbLine
 10
8572.491004857875
 20
10336.08629743847
 30
0.0
 11
8572.491004857875
 21
9136.086297438474
 31
0.0
  0
LINE
  5
1F1B
330
1F
100
AcDbEntity
  8
STAIRS
100
AcDbLine
 10
7372.491004857875
 20
10336.08629743847
 30
0.0
 11
7372.491004857875
 21
9136.086297438474
 31
0.0
  0
LINE
  5
1F1C
330
1F
100
AcDbEntity
  8
STAIRS
100
AcDbLine
 10
7672.491004857874
 20
10336.08629743847
 30
0.0
 11
7672.491004857874
 21
9136.086297438474
 31
0.0
  0
LINE
  5
1F1D
330
1F
100
AcDbEntity
  8
STAIRS
100
AcDbLine
 10
7972.491004857875
 20
10336.08629743847
 30
0.0
 11
7972.491004857875
 21
9136.086297438474
 31
0.0
  0
LINE
  5
1F1E
330
1F
100
AcDbEntity
  8
0
100
AcDbLine
 10
8572.491004857875
 20
10336.08629743847
 30
0.0
 11
8572.491004857875
 21
10536.08629743847
 31
0.0
  0
LWPOLYLINE
  5
1F1F
330
1F
100
AcDbEntity
  8
0
100
AcDbPolyline
 90
        6
 70
     0
 43
0.0
 10
8572.491004857875
 20
10536.08629743847
 10
9126.18650337078
 20
10935.93705685565
 10
9386.232643242335
 20
10740.2733503823
 10
9172.491004857873
 20
11436.08629743847
 10
9497.263723167002
 20
11216.29106726514
 10
9772.491004857876
 20
11436.08629743847
  0
LINE
  5
1F20
330
1F
100
AcDbEntity
  8
WALL
100
AcDbLine
 10
5272.991004857875
 20
13836.08629743848
 30
0.0
 11
5272.991004857875
 21
11436.08629743847
 31
0.0
  0
LINE
  5
1F21
330
1F
100
AcDbEntity
  8
WALL
100
AcDbLine
 10
5372.991004857874
 20
13836.08629743848
 30
0.0
 11
5372.991004857874
 21
11536.08629743847
 31
0.0
  0
LINE
  5
1F22
330
1F
100
AcDbEntity
  8
WALL
100
AcDbLine
 10
6622.491004857876
 20
11436.08629743848
 30
0.0
 11
6322.991004857875
 21
11436.08629743848
 31
0.0
  0
LINE
  5
1F23
330
1F
100
AcDbEntity
  8
WALL
100
AcDbLine
 10
5422.991004857874
 20
11436.08629743847
 30
0.0
 11
5272.991004857875
 21
11436.08629743847
 31
0.0
  0
LINE
  5
1F24
330
1F
100
AcDbEntity
  8
WALL
100
AcDbLine
 10
6622.491004857876
 20
11536.08629743848
 30
0.0
 11
6322.991004857875
 21
11536.08629743848
 31
0.0
  0
LINE
  5
1F25
330
1F
100
AcDbEntity
  8
WALL
100
AcDbLine
 10
5422.991004857874
 20
11536.08629743847
 30
0.0
 11
5372.991004857874
 21
11536.08629743847
 31
0.0
  0
LINE
  5
1F26
330
1F
100
AcDbEntity
  8
WALL
100
AcDbLine
 10
8372.991004857873
 20
11536.08629743847
 30
0.0
 11
8372.991004857873
 21
13836.08629743847
 31
0.0
  0
LINE
  5
1F27
330
1F
100
AcDbEntity
  8
WALL
100
AcDbLine
 10
8472.991004857872
 20
11536.08629743847
 30
0.0
 11
8472.991004857872
 21
13836.08629743847
 31
0.0
  0
TEXT
  5
1F28
330
1F
100
AcDbEntity
  8
ANNO-TEXTS
  6
Continuous
100
AcDbText
 10
8301.923860856602
 20
12725.15575414634
 30
0.0000000035554422
 40
136.150313021305
  1
COMMON TOILET
  7
SIMPLEX
100
AcDbText
  0
TEXT
  5
1F29
330
1F
100
AcDbEntity
  8
ANNO-TEXTS
  6
Continuous
100
AcDbText
 10
8542.360031371826
 20
12544.15968337406
 30
0.0000000035554422
 40
136.150313021305
  1
1.3MX2.3M
  7
SIMPLEX
100
AcDbText
  0
LINE
  5
1F2A
330
1F
100
AcDbEntity
  8
0
100
AcDbLine
 10
2672.491004857875
 20
11336.08629743847
 30
0.0
 11
2072.491004857875
 21
11336.08629743847
 31
0.0
  0
LINE
  5
1F2B
330
1F
100
AcDbEntity
  8
WINDOW
100
AcDbLine
 10
3672.491004857875
 20
7061.086297438476
 30
0.0
 11
3072.491004857875
 21
7061.086297438484
 31
0.0
  0
LINE
  5
1F2C
330
1F
100
AcDbEntity
  8
WINDOW
100
AcDbLine
 10
3072.491004857875
 20
7136.086297438474
 30
0.0
 11
3072.491004857875
 21
6986.086297438474
 31
0.0
  0
LINE
  5
1F2D
330
1F
100
AcDbEntity
  8
WINDOW
100
AcDbLine
 10
3672.491004857875
 20
7136.086297438474
 30
0.0
 11
3672.491004857875
 21
6986.086297438474
 31
0.0
  0
LWPOLYLINE
  5
1F2E
330
1F
100
AcDbEntity
  8
WINDOW
100
AcDbPolyline
 90
        4
 70
     1
 43
0.0
 10
3022.491004857875
 20
6986.086297438474
 10
3722.491004857875
 20
6986.086297438474
 10
3722.491004857875
 20
7136.086297438474
 10
3022.491004857875
 20
7136.086297438474
  0
LINE
  5
1F2F
330
1F
100
AcDbEntity
  8
FLOOR
100
AcDbLine
 10
6622.491004857875
 20
7136.086297438471
 30
0.0
 11
2072.491004857875
 21
7136.086297438474
 31
0.0
  0
LINE
  5
1F30
330
1F
100
AcDbEntity
  8
FLOOR
100
AcDbLine
 10
5272.991004857875
 20
13736.08629743847
 30
0.0
 11
2072.49100485788
 21
13736.08629743847
 31
0.0
  0
LINE
  5
1F47
330
1F
100
AcDbEntity
  8
FLOOR
100
AcDbLine
 10
6272.991004857875
 20
11436.08629743848
 30
0.0
 11
5472.991004857874
 21
11436.08629743847
 31
0.0
  0
LINE
  5
1F51
330
1F
100
AcDbEntity
  8
0
100
AcDbLine
 10
9672.991004857877
 20
11536.08629743847
 30
0.0
 11
9672.991004857877
 21
13836.08629743847
 31
0.0
  0
LINE
  5
1F53
330
1F
100
AcDbEntity
  8
0
100
AcDbLine
 10
9772.491004857876
 20
12736.08629743847
 30
0.0
 11
8472.991004857872
 21
12736.08629743847
 31
0.0
  0
ENDSEC
  0
SECTION
  2
OBJECTS
  0
DICTIONARY
  5
C
330
0
100
AcDbDictionary
281
     1
  3
ACAD_CIP_PREVIOUS_PRODUCT_INFO
350
216
  3
ACAD_COLOR
350
6B
  3
ACAD_DETAILVIEWSTYLE
350
21B
  3
ACAD_GROUP
350
D
  3
ACAD_LAYOUT
350
1A
  3
ACAD_MATERIAL
350
6A
  3
ACAD_MLEADERSTYLE
350
12D
  3
ACAD_MLINESTYLE
350
17
  3
ACAD_PLOTSETTINGS
350
19
  3
ACAD_PLOTSTYLENAME
350
E
  3
ACAD_SCALELIST
350
10C
  3
ACAD_SECTIONVIEWSTYLE
350
219
  3
ACAD_TABLESTYLE
350
7E
  3
ACAD_VISUALSTYLE
350
EF
  3
ACDB_RECOMPOSE_DATA
350
208B
  3
AcDbVariableDictionary
350
5E
  0
DICTIONARY
  5
1FF
330
2
100
AcDbDictionary
280
     1
281
     1
  3
ACAD_LAYERSTATES
360
200
  0
DICTIONARY
  5
13C
330
10
100
AcDbDictionary
280
     1
281
     1
  0
DICTIONARY
  5
823
330
822
100
AcDbDictionary
280
     1
281
     1
  0
DICTIONARY
  5
825
330
824
100
AcDbDictionary
280
     1
281
     1
  0
DICTIONARY
  5
829
330
828
100
AcDbDictionary
280
     1
281
     1
  0
DICTIONARY
  5
926
330
925
100
AcDbDictionary
280
     1
281
     1
  0
DICTIONARY
  5
1CE
330
1F
100
AcDbDictionary
280
     1
281
     1
  3
ACAD_SORTENTS
360
2EF
  0
DICTIONARY
  5
8FD
330
8FC
100
AcDbDictionary
280
     1
281
     1
  0
DICTIONARY
  5
1EC0
330
1EBF
100
AcDbDictionary
280
     1
281
     1
  3
ACAD_DIMASSOC
360
1EC1
  0
DICTIONARY
  5
1EC6
330
1EC5
100
AcDbDictionary
280
     1
281
     1
  3
ACAD_DIMASSOC
360
1EC7
  0
DICTIONARY
  5
1EC9
330
1EC8
100
AcDbDictionary
280
     1
281
     1
  3
ACAD_DIMASSOC
360
1ECA
  0
DICTIONARY
  5
1EDB
330
1EDA
100
AcDbDictionary
280
     1
281
     1
  3
ACAD_DIMASSOC
360
1EDC
  0
DICTIONARY
  5
1EDE
330
1EDD
100
AcDbDictionary
280
     1
281
     1
  3
ACAD_DIMASSOC
360
1EDF
  0
DICTIONARY
  5
1EE1
330
1EE0
100
AcDbDictionary
280
     1
281
     1
  3
ACAD_DIMASSOC
360
1EE2
  0
DICTIONARY
  5
1EE4
330
1EE3
100
AcDbDictionary
280
     1
281
     1
  3
ACAD_DIMASSOC
360
1EE5
  0
DICTIONARY
  5
1EE7
330
1EE6
100
AcDbDictionary
280
     1
281
     1
  3
ACAD_DIMASSOC
360
1EE8
  0
DICTIONARY
  5
1EEA
330
1EE9
100
AcDbDictionary
280
     1
281
     1
  3
ACAD_DIMASSOC
360
1EEB
  0
DICTIONARY
  5
1EF4
330
1EF3
100
AcDbDictionary
280
     1
281
     1
  3
ACAD_DIMASSOC
360
1EF5
  0
DICTIONARY
  5
1EF7
330
1EF6
100
AcDbDictionary
280
     1
281
     1
  3
ACAD_DIMASSOC
360
1EF8
  0
DICTIONARY
  5
1EFA
330
1EF9
100
AcDbDictionary
280
     1
281
     1
  3
ACAD_DIMASSOC
360
1EFB
  0
DICTIONARY
  5
1EFD
330
1EFC
100
AcDbDictionary
280
     1
281
     1
  3
ACAD_DIMASSOC
360
1EFE
  0
DICTIONARY
  5
1F00
330
1EFF
100
AcDbDictionary
280
     1
281
     1
  3
ACAD_DIMASSOC
360
1F01
  0
DICTIONARY
  5
1F03
330
1F02
100
AcDbDictionary
280
     1
281
     1
  3
ACAD_DIMASSOC
360
1F04
  0
DICTIONARY
  5
1F06
330
1F05
100
AcDbDictionary
280
     1
281
     1
  3
ACAD_DIMASSOC
360
1F07
  0
XRECORD
  5
216
102
{ACAD_REACTORS
330
C
102
}
330
C
100
AcDbXrecord
280
     1
300
ACD
300
2022
300

  0
DICTIONARY
  5
6B
102
{ACAD_REACTORS
330
C
102
}
330
C
100
AcDbDictionary
281
     1
  0
DICTIONARY
  5
21B
102
{ACAD_REACTORS
330
C
102
}
330
C
100
AcDbDictionary
281
     1
  3
Imperial24
350
2D6
  3
Metric50
350
21C
  0
DICTIONARY
  5
D
102
{ACAD_REACTORS
330
C
102
}
330
C
100
AcDbDictionary
281
     1
  0
DICTIONARY
  5
1A
102
{ACAD_REACTORS
330
C
102
}
330
C
100
AcDbDictionary
281
     1
  3
Layout1
350
D3
  3
Layout2
350
D7
  3
Model
350
22
  0
DICTIONARY
  5
6A
102
{ACAD_REACTORS
330
C
102
}
330
C
100
AcDbDictionary
281
     1
  3
ByBlock
350
ED
  3
ByLayer
350
EC
  3
Global
350
EE
  0
DICTIONARY
  5
12D
102
{ACAD_REACTORS
330
C
102
}
330
C
100
AcDbDictionary
281
     1
  3
Standard
350
12E
  0
DICTIONARY
  5
17
102
{ACAD_REACTORS
330
C
102
}
330
C
100
AcDbDictionary
281
     1
  3
Standard
350
18
  0
DICTIONARY
  5
19
102
{ACAD_REACTORS
330
C
102
}
330
C
100
AcDbDictionary
281
     1
  0
ACDBDICTIONARYWDFLT
  5
E
102
{ACAD_REACTORS
330
C
102
}
330
C
100
AcDbDictionary
281
     1
  3
Normal
350
F
  3
Style_2
350
837
  3
Style_5
350
928
100
AcDbDictionaryWithDefault
340
F
  0
DICTIONARY
  5
10C
102
{ACAD_REACTORS
330
C
102
}
330
C
100
AcDbDictionary
281
     1
  3
A0
350
10D
  3
A1
350
1BE
  3
A2
350
1BF
  3
A3
350
1C0
  3
A4
350
1C1
  3
A5
350
1C2
  3
A6
350
1C3
  3
A7
350
1C4
  3
A8
350
1C5
  3
A9
350
1C6
  3
B0
350
1C7
  3
B1
350
1C8
  3
B2
350
1C9
  3
B3
350
1CA
  3
B4
350
1CB
  3
B5
350
1CC
  3
B6
350
1CD
  0
DICTIONARY
  5
219
102
{ACAD_REACTORS
330
C
102
}
330
C
100
AcDbDictionary
281
     1
  3
Imperial24
350
2D5
  3
Metric50
350
21A
  0
DICTIONARY
  5
7E
102
{ACAD_REACTORS
330
C
102
}
330
C
100
AcDbDictionary
281
     1
  3
Standard
350
7F
  0
DICTIONARY
  5
EF
102
{ACAD_REACTORS
330
C
102
}
330
C
100
AcDbDictionary
281
     1
  3
2dWireframe
350
F5
  3
Basic
350
F4
  3
Brighten
350
FB
  3
ColorChange
350
FF
  3
Conceptual
350
F8
  3
Dim
350
FA
  3
EdgeColorOff
350
1E6
  3
Facepattern
350
FE
  3
Flat
350
F0
  3
FlatWithEdges
350
F1
  3
Gouraud
350
F2
  3
GouraudWithEdges
350
F3
  3
Hidden
350
F7
  3
JitterOff
350
1E4
  3
Linepattern
350
FD
  3
OverhangOff
350
1E5
  3
Realistic
350
F9
  3
Shaded
350
1F3
  3
Shaded with edges
350
1F2
  3
Shades of Gray
350
1EF
  3
Sketchy
350
1F0
  3
Thicken
350
FC
  3
Wireframe
350
F6
  3
X-Ray
350
1F1
  0
XRECORD
  5
208B
102
{ACAD_REACTORS
330
C
102
}
330
C
100
AcDbXrecord
280
     1
 90
        1
330
7F
  0
DICTIONARY
  5
5E
102
{ACAD_REACTORS
330
C
102
}
330
C
100
AcDbDictionary
281
     1
  3
CANNOSCALE
350
146
  3
CENTEREXE
350
259
  3
CENTERLTYPEFILE
350
25A
  3
CMLEADERSTYLE
350
145
  3
CTABLESTYLE
350
84
  3
CVIEWDETAILSTYLE
350
227
  3
CVIEWSECTIONSTYLE
350
228
  3
DIMASSOC
350
5F
  3
HIDETEXT
350
63
  3
HPCOLOR
350
4B2
  3
HPTRANSPARENCY
350
4B1
  3
LAYEREVAL
350
1AE
  3
LAYERNOTIFY
350
1AF
  0
DICTIONARY
  5
200
102
{ACAD_REACTORS
330
1FF
102
}
330
1FF
100
AcDbDictionary
281
     1
  0
SORTENTSTABLE
  5
2EF
102
{ACAD_REACTORS
330
1CE
102
}
330
1CE
100
AcDbSortentsTable
330
1F
  0
DIMASSOC
  5
1EC1
102
{ACAD_REACTORS
330
1EC0
102
}
330
1EC0
100
AcDbDimAssoc
330
1EBF
 90
        3
 70
     0
 71
     0
  1
AcDbOsnapPointRef
 72
    13
331
1EAE
 73
     2
 91
        1
 40
0.0
 10
0.0
 20
0.0
 30
2.000000000000000E+50
 75
     0
  1
AcDbOsnapPointRef
 72
     1
331
1EA0
 73
     2
 91
        1
 40
1.0
 10
0.0
 20
0.0
 30
2.000000000000000E+50
 75
     0
  0
DIMASSOC
  5
1EC7
102
{ACAD_REACTORS
330
1EC6
102
}
330
1EC6
100
AcDbDimAssoc
330
1EC5
 90
        2
 70
     0
 71
     0
  1
AcDbOsnapPointRef
 72
    10
331
1EB9
 73
     2
 91
        0
 40
0.0937704347364039
 10
0.0
 20
0.0
 30
0.0
 75
     0
  0
DIMASSOC
  5
1ECA
102
{ACAD_REACTORS
330
1EC9
102
}
330
1EC9
100
AcDbDimAssoc
330
1EC8
 90
        1
 70
     0
 71
     0
  1
AcDbOsnapPointRef
 72
    10
331
1EB9
 73
     2
 91
        0
 40
0.0937704347364039
 10
0.0
 20
0.0
 30
0.0
 75
     0
  0
DIMASSOC
  5
1EDC
102
{ACAD_REACTORS
330
1EDB
102
}
330
1EDB
100
AcDbDimAssoc
330
1EDA
 90
        3
 70
     0
 71
     0
  1
AcDbOsnapPointRef
 72
     8
331
1ECE
 73
     2
 91
        0
 40
0.0978281920663358
 10
0.0
 20
0.0
 30
0.0
 75
     1
  1
AcDbOsnapPointRef
 72
     0
 40
0.0
 10
785.5923757212657
 20
12291.8011816411
 30
0.0
 75
     0
  1
AcDbOsnapPointRef
 72
     1
331
1E8C
 73
     2
 91
        1
 40
1.0
 10
0.0
 20
0.0
 30
2.000000000000000E+50
 75
     0
  0
DIMASSOC
  5
1EDF
102
{ACAD_REACTORS
330
1EDE
102
}
330
1EDE
100
AcDbDimAssoc
330
1EDD
 90
        2
 70
     0
 71
     0
  1
AcDbOsnapPointRef
 72
     8
331
1E8B
 73
     2
 91
        0
 40
1.0
 10
0.0
 20
0.0
 30
0.0
 75
     1
  1
AcDbOsnapPointRef
 72
     0
 40
0.0
 10
785.5923757212657
 20
2291.801181641105
 30
0.0
 75
     0
  0
DIMASSOC
  5
1EE2
102
{ACAD_REACTORS
330
1EE1
102
}
330
1EE1
100
AcDbDimAssoc
330
1EE0
 90
        3
 70
     0
 71
     0
  1
AcDbOsnapPointRef
 72
     8
331
1E8B
 73
     2
 91
        0
 40
1.0
 10
0.0
 20
0.0
 30
0.0
 75
     1
  1
AcDbOsnapPointRef
 72
     0
 40
0.0
 10
785.5923757212657
 20
5291.801181641105
 30
0.0
 75
     0
  1
AcDbOsnapPointRef
 72
     1
331
1EAF
 73
     2
 91
        3
 40
1.0
 10
0.0
 20
0.0
 30
2.000000000000000E+50
 75
     0
  0
DIMASSOC
  5
1EE5
102
{ACAD_REACTORS
330
1EE4
102
}
330
1EE4
100
AcDbDimAssoc
330
1EE3
 90
        3
 70
     0
 71
     0
  1
AcDbOsnapPointRef
 72
     1
331
1EAF
 73
     2
 91
        3
 40
1.0
 10
0.0
 20
0.0
 30
2.000000000000000E+50
 75
     0
  1
AcDbOsnapPointRef
 72
     2
331
1EAD
 73
     2
 91
        4
 40
0.5
 10
0.0
 20
0.0
 30
0.0
 75
     0
  0
DIMASSOC
  5
1EE8
102
{ACAD_REACTORS
330
1EE7
102
}
330
1EE7
100
AcDbDimAssoc
330
1EE6
 90
        3
 70
     0
 71
     0
  1
AcDbOsnapPointRef
 72
     2
331
1EAD
 73
     2
 91
        4
 40
0.5
 10
0.0
 20
0.0
 30
0.0
 75
     0
  1
AcDbOsnapPointRef
 72
     2
331
1EAC
 73
     2
 91
        4
 40
0.5
 10
0.0
 20
0.0
 30
0.0
 75
     0
  0
DIMASSOC
  5
1EEB
102
{ACAD_REACTORS
330
1EEA
102
}
330
1EEA
100
AcDbDimAssoc
330
1EE9
 90
        1
 70
     0
 71
     0
  1
AcDbOsnapPointRef
 72
     2
331
1EAC
 73
     2
 91
        4
 40
0.5
 10
0.0
 20
0.0
 30
0.0
 75
     0
  0
DIMASSOC
  5
1EF5
102
{ACAD_REACTORS
330
1EF4
102
}
330
1EF4
100
AcDbDimAssoc
330
1EF3
 90
        2
 70
     0
 71
     0
  1
AcDbOsnapPointRef
 72
     8
331
1E8D
 73
     2
 91
        0
 40
0.0
 10
0.0
 20
0.0
 30
0.0
 75
     1
  1
AcDbOsnapPointRef
 72
     0
 40
0.0
 10
785.5923757212657
 20
4091.801181641105
 30
0.0
 75
     0
  0
DIMASSOC
  5
1EF8
102
{ACAD_REACTORS
330
1EF7
102
}
330
1EF7
100
AcDbDimAssoc
330
1EF6
 90
        3
 70
     0
 71
     0
  1
AcDbOsnapPointRef
 72
     8
331
1E8D
 73
     2
 91
        0
 40
0.0
 10
0.0
 20
0.0
 30
0.0
 75
     1
  1
AcDbOsnapPointRef
 72
     0
 40
0.0
 10
8785.592375721266
 20
7291.801181641105
 30
0.0
 75
     0
  1
AcDbOsnapPointRef
 72
     1
331
1E9F
 73
     2
 91
        2
 40
1.0
 10
0.0
 20
0.0
 30
2.000000000000000E+50
 75
     0
  0
DIMASSOC
  5
1EFB
102
{ACAD_REACTORS
330
1EFA
102
}
330
1EFA
100
AcDbDimAssoc
330
1EF9
 90
        1
 70
     0
 71
     0
  1
AcDbOsnapPointRef
 72
     1
331
1E8C
 73
     2
 91
        3
 40
1.0
 10
0.0
 20
0.0
 30
2.000000000000000E+50
 75
     0
  0
DIMASSOC
  5
1EFE
102
{ACAD_REACTORS
330
1EFD
102
}
330
1EFD
100
AcDbDimAssoc
330
1EFC
 90
        2
 70
     0
 71
     0
  1
AcDbOsnapPointRef
 72
     1
331
1E8C
 73
     2
 91
        2
 40
1.0
 10
0.0
 20
0.0
 30
2.000000000000000E+50
 75
     0
  0
DIMASSOC
  5
1F01
102
{ACAD_REACTORS
330
1F00
102
}
330
1F00
100
AcDbDimAssoc
330
1EFF
 90
        2
 70
     0
 71
     0
  1
AcDbOsnapPointRef
 72
     8
331
1ED1
 73
     2
 91
        0
 40
0.8770358245974614
 10
0.0
 20
0.0
 30
0.0
 75
     1
  1
AcDbOsnapPointRef
 72
     0
 40
0.0
 10
8785.592375721266
 20
12291.8011816411
 30
0.0
 75
     0
  0
DIMASSOC
  5
1F04
102
{ACAD_REACTORS
330
1F03
102
}
330
1F03
100
AcDbDimAssoc
330
1F02
 90
        3
 70
     0
 71
     0
  1
AcDbOsnapPointRef
 72
     8
331
1ED1
 73
     2
 91
        0
 40
0.8770358245974614
 10
0.0
 20
0.0
 30
0.0
 75
     1
  1
AcDbOsnapPointRef
 72
     0
 40
0.0
 10
8785.592375721266
 20
7441.801181641105
 30
0.0
 75
     0
  1
AcDbOsnapPointRef
 72
     2
331
1E9F
 73
     2
 91
        2
 40
0.5
 10
0.0
 20
0.0
 30
0.0
 75
     0
  0
DIMASSOC
  5
1F07
102
{ACAD_REACTORS
330
1F06
102
}
330
1F06
100
AcDbDimAssoc
330
1F05
 90
        1
 70
     0
 71
     0
  1
AcDbOsnapPointRef
 72
     2
331
1E9F
 73
     2
 91
        2
 40
0.5
 10
0.0
 20
0.0
 30
0.0
 75
     0
  0
ACDBDETAILVIEWSTYLE
  5
2D6
102
{ACAD_REACTORS
330
21B
102
}
330
21B
100
AcDbModelDocViewStyle
 70
     0
  3
Imperial24
290
     0
300
Imperial24
 90
        0
100
AcDbDetailViewStyle
 70
     0
 71
     0
 90
        3
 71
     1
340
11
 62
   256
 40
0.24
340
0
 62
   256
 40
0.24
300

 40
0.36
280
     3
 71
     2
340
16
 90
       25
 62
   256
 71
     3
340
11
 62
   256
 40
0.24
 90
        1
 40
0.75
 90
        1
300
%<\AcVar ViewType \f "%tc1">% %<\AcVar ViewDetailId>%\PSCALE %<\AcVar ViewScale \f "%sn">%
 71
     4
340
16
 90
       25
 62
   256
340
16
 90
       25
 62
   256
280
     0
  0
ACDBDETAILVIEWSTYLE
  5
21C
102
{ACAD_REACTORS
330
21B
102
}
330
21B
100
AcDbModelDocViewStyle
 70
     0
  3
Metric50
290
     0
300
Metric50
 90
        0
100
AcDbDetailViewStyle
 70
     0
 71
     0
 90
        3
 71
     1
340
11
 62
   256
 40
5.0
340
0
 62
   256
 40
5.0
300

 40
0.0
280
     1
 71
     2
340
16
 90
       25
 62
   256
 71
     3
340
11
 62
   256
 40
5.0
 90
        0
 40
15.0
 90
        1
300
%<\AcVar ViewDetailId>% (%<\AcVar ViewScale \f "%sn">%)
 71
     4
340
16
 90
       25
 62
   256
340
16
 90
       25
 62
   256
280
     0
  0
LAYOUT
  5
D3
102
{ACAD_REACTORS
330
1A
102
}
330
1A
100
AcDbPlotSettings
  1

  2
C:\Documents and Settings\basas\Application Data\Autodesk\AutoCAD 2005\R16.1\enu\plotters\Default Windows System Printer.pc3
  4

  6

 40
0.0
 41
0.0
 42
0.0
 43
0.0
 44
0.0
 45
0.0
 46
0.0
 47
0.0
 48
0.0
 49
0.0
140
0.0
141
0.0
142
1.0
143
1.0
 70
   688
 72
     0
 73
     0
 74
     5
  7
CICC.ctb
 75
    16
147
1.0
 76
     0
 77
     2
 78
   300
148
0.0
149
0.0
100
AcDbLayout
  1
Layout1
 70
     1
 71
     1
 10
0.0
 20
0.0
 11
12.0
 21
9.0
 12
0.0
 22
0.0
 32
0.0
 14
0.0
 24
0.0
 34
0.0
 15
0.0
 25
0.0
 35
0.0
146
0.0
 13
0.0
 23
0.0
 33
0.0
 16
1.0
 26
0.0
 36
0.0
 17
0.0
 27
1.0
 37
0.0
 76
     0
330
D2
  0
LAYOUT
  5
D7
102
{ACAD_REACTORS
330
1A
102
}
330
1A
100
AcDbPlotSettings
  1

  2
C:\Documents and Settings\basas\Application Data\Autodesk\AutoCAD 2005\R16.1\enu\plotters\Default Windows System Printer.pc3
  4

  6

 40
0.0
 41
0.0
 42
0.0
 43
0.0
 44
0.0
 45
0.0
 46
0.0
 47
0.0
 48
0.0
 49
0.0
140
0.0
141
0.0
142
1.0
143
1.0
 70
   688
 72
     0
 73
     0
 74
     5
  7
CICC.ctb
 75
    16
147
1.0
 76
     0
 77
     2
 78
   300
148
0.0
149
0.0
100
AcDbLayout
  1
Layout2
 70
     1
 71
     2
 10
0.0
 20
0.0
 11
12.0
 21
9.0
 12
0.0
 22
0.0
 32
0.0
 14
0.0
 24
0.0
 34
0.0
 15
0.0
 25
0.0
 35
0.0
146
0.0
 13
0.0
 23
0.0
 33
0.0
 16
1.0
 26
0.0
 36
0.0
 17
0.0
 27
1.0
 37
0.0
 76
     0
330
D6
  0
LAYOUT
  5
22
102
{ACAD_XDICTIONARY
360
205
102
}
102
{ACAD_REACTORS
330
1A
102
}
330
1A
100
AcDbPlotSettings
  1

  2
none_device
  4
ISO_A4_(210.00_x_297.00_MM)
  6

 40
7.5
 41
20.0
 42
7.5
 43
20.0
 44
210.0
 45
297.0
 46
11.54999923706054
 47
-13.65000009536743
 48
0.0
 49
0.0
140
0.0
141
0.0
142
1.0
143
8.704084754739808
 70
 11952
 72
     1
 73
     0
 74
     0
  7
CICC.ctb
 75
     0
147
0.1148885871608098
 76
     0
 77
     2
 78
   300
148
0.0
149
0.0
100
AcDbLayout
  1
Model
 70
     1
 71
     0
 10
0.0
 20
0.0
 11
12.0
 21
9.0
 12
0.0
 22
0.0
 32
0.0
 14
0.0
 24
0.0
 34
0.0
 15
0.0
 25
0.0
 35
0.0
146
0.0
 13
0.0
 23
0.0
 33
0.0
 16
1.0
 26
0.0
 36
0.0
 17
0.0
 27
1.0
 37
0.0
 76
     0
330
1F
331
EA
1001
ACAD_PSEXT
1000
None
1000
None
1000
Not applicable
1000
The layout will not be plotted unless a new plotter configuration name is selected.
1070
     0
  0
MATERIAL
  5
ED
102
{ACAD_XDICTIONARY
360
1F9
102
}
102
{ACAD_REACTORS
330
6A
102
}
330
6A
100
AcDbMaterial
  1
ByBlock
 94
       63
  0
MATERIAL
  5
EC
102
{ACAD_XDICTIONARY
360
1F7
102
}
102
{ACAD_REACTORS
330
6A
102
}
330
6A
100
AcDbMaterial
  1
ByLayer
 94
       63
  0
MATERIAL
  5
EE
102
{ACAD_XDICTIONARY
360
173
102
}
102
{ACAD_REACTORS
330
6A
102
}
330
6A
100
AcDbMaterial
  1
Global
 43
0.0007999999797903
 43
0.0
 43
0.0
 43
0.0
 43
0.0
 43
0.0007999999797903
 43
0.0
 43
0.0
 43
0.0
 43
0.0
 43
1.0
 43
0.0
 43
0.0
 43
0.0
 43
0.0
 43
1.0
 49
0.0007999999797903
 49
0.0
 49
0.0
 49
0.0
 49
0.0
 49
0.0007999999797903
 49
0.0
 49
0.0
 49
0.0
 49
0.0
 49
1.0
 49
0.0
 49
0.0
 49
0.0
 49
0.0
 49
1.0
142
0.0007999999797903
142
0.0
142
0.0
142
0.0
142
0.0
142
0.0007999999797903
142
0.0
142
0.0
142
0.0
142
0.0
142
1.0
142
0.0
142
0.0
142
0.0
142
0.0
142
1.0
144
0.0007999999797903
144
0.0
144
0.0
144
0.0
144
0.0
144
0.0007999999797903
144
0.0
144
0.0
144
0.0
144
0.0
144
1.0
144
0.0
144
0.0
144
0.0
144
0.0
144
1.0
 94
       63
1001
ACAD
1070
    -1
1070
     3
1070
     0
1000

1071
        0
1070
     0
  0
MLEADERSTYLE
  5
12E
102
{ACAD_REACTORS
330
12D
102
}
330
12D
100
AcDbMLeaderStyle
179
     2
170
     2
171
     1
172
     0
 90
        2
 40
0.0
 41
0.0
173
     1
 91
-1056964608
340
14
 92
       -2
290
     1
 42
2.0
291
     1
 43
8.0
  3
Standard
 44
4.0
300

342
11
174
     1
178
     1
175
     1
176
     0
 93
-1056964608
 45
4.0
292
     0
297
     0
 46
4.0
 94
-1056964608
 47
1.0
 49
1.0
140
1.0
293
     1
141
0.0
294
     1
177
     0
142
1.0
295
     0
296
     0
143
3.75
271
     0
272
     9
273
     9
298
     0
  0
MLINESTYLE
  5
18
102
{ACAD_REACTORS
330
17
102
}
330
17
100
AcDbMlineStyle
  2
STANDARD
 70
     0
  3

 62
   256
 51
90.0
 52
90.0
 71
     2
 49
0.5
 62
   256
  6
BYLAYER
 49
-0.5
 62
   256
  6
BYLAYER
  0
ACDBPLACEHOLDER
  5
F
102
{ACAD_REACTORS
330
E
102
}
330
E
  0
ACDBPLACEHOLDER
  5
837
102
{ACAD_REACTORS
330
E
102
}
330
E
  0
ACDBPLACEHOLDER
  5
928
102
{ACAD_REACTORS
330
E
102
}
330
E
  0
SCALE
  5
10D
102
{ACAD_REACTORS
330
10C
102
}
330
10C
100
AcDbScale
 70
     0
300
1:1
140
1.0
141
1.0
290
     1
  0
SCALE
  5
1BE
102
{ACAD_REACTORS
330
10C
102
}
330
10C
100
AcDbScale
 70
     0
300
1:2
140
1.0
141
2.0
290
     0
  0
SCALE
  5
1BF
102
{ACAD_REACTORS
330
10C
102
}
330
10C
100
AcDbScale
 70
     0
300
1:4
140
1.0
141
4.0
290
     0
  0
SCALE
  5
1C0
102
{ACAD_REACTORS
330
10C
102
}
330
10C
100
AcDbScale
 70
     0
300
1:5
140
1.0
141
5.0
290
     0
  0
SCALE
  5
1C1
102
{ACAD_REACTORS
330
10C
102
}
330
10C
100
AcDbScale
 70
     0
300
1:8
140
1.0
141
8.0
290
     0
  0
SCALE
  5
1C2
102
{ACAD_REACTORS
330
10C
102
}
330
10C
100
AcDbScale
 70
     0
300
1:10
140
1.0
141
10.0
290
     0
  0
SCALE
  5
1C3
102
{ACAD_REACTORS
330
10C
102
}
330
10C
100
AcDbScale
 70
     0
300
1:16
140
1.0
141
16.0
290
     0
  0
SCALE
  5
1C4
102
{ACAD_REACTORS
330
10C
102
}
330
10C
100
AcDbScale
 70
     0
300
1:20
140
1.0
141
20.0
290
     0
  0
SCALE
  5
1C5
102
{ACAD_REACTORS
330
10C
102
}
330
10C
100
AcDbScale
 70
     0
300
1:30
140
1.0
141
30.0
290
     0
  0
SCALE
  5
1C6
102
{ACAD_REACTORS
330
10C
102
}
330
10C
100
AcDbScale
 70
     0
300
1:40
140
1.0
141
40.0
290
     0
  0
SCALE
  5
1C7
102
{ACAD_REACTORS
330
10C
102
}
330
10C
100
AcDbScale
 70
     0
300
1:50
140
1.0
141
50.0
290
     0
  0
SCALE
  5
1C8
102
{ACAD_REACTORS
330
10C
102
}
330
10C
100
AcDbScale
 70
     0
300
1:100
140
1.0
141
100.0
290
     0
  0
SCALE
  5
1C9
102
{ACAD_REACTORS
330
10C
102
}
330
10C
100
AcDbScale
 70
     0
300
2:1
140
2.0
141
1.0
290
     0
  0
SCALE
  5
1CA
102
{ACAD_REACTORS
330
10C
102
}
330
10C
100
AcDbScale
 70
     0
300
4:1
140
4.0
141
1.0
290
     0
  0
SCALE
  5
1CB
102
{ACAD_REACTORS
330
10C
102
}
330
10C
100
AcDbScale
 70
     0
300
8:1
140
8.0
141
1.0
290
     0
  0
SCALE
  5
1CC
102
{ACAD_REACTORS
330
10C
102
}
330
10C
100
AcDbScale
 70
     0
300
10:1
140
10.0
141
1.0
290
     0
  0
SCALE
  5
1CD
102
{ACAD_REACTORS
330
10C
102
}
330
10C
100
AcDbScale
 70
     0
300
100:1
140
100.0
141
1.0
290
     0
  0
ACDBSECTIONVIEWSTYLE
  5
2D5
102
{ACAD_REACTORS
330
219
102
}
330
219
100
AcDbModelDocViewStyle
 70
     0
  3
Imperial24
290
     0
300
Imperial24
 90
        0
100
AcDbSectionViewStyle
 70
     0
 71
     0
 90
       78
 71
     1
340
11
 62
   256
 40
0.24
340
0
340
0
 62
   256
 40
0.24
300
I, O, Q, S, X, Z
 40
0.48
 90
        3
 40
0.18
 90
        1
 71
     2
340
16
 90
       25
 62
   256
340
16
 90
       50
 62
   256
 40
0.24
 40
0.0
 40
0.24
 71
     3
340
11
 62
   256
 40
0.24
 90
        1
 40
0.75
 90
        1
300
%<\AcVar ViewType \f "%tc1">% %<\AcVar ViewSectionStartId>%-%<\AcVar ViewSectionEndId>%\PSCALE %<\AcVar ViewScale \f "%sn">%
 71
     4
 62
   256
 62
   257
300
ANSI31
 40
1.0
 90
        0
290
     0
290
     0
 90
        6
 40
0.0
 40
1.570796326794896
 40
0.2617993877991494
 40
1.308996938995747
 40
-0.2617993877991494
 40
1.832595714594045
  0
ACDBSECTIONVIEWSTYLE
  5
21A
102
{ACAD_REACTORS
330
219
102
}
330
219
100
AcDbModelDocViewStyle
 70
     0
  3
Metric50
290
     0
300
Metric50
 90
        0
100
AcDbSectionViewStyle
 70
     0
 71
     0
 90
      102
 71
     1
340
11
 62
   256
 40
5.0
340
0
340
0
 62
   256
 40
5.0
300
I, O, Q, S, X, Z
 40
10.0
 90
        0
 40
2.5
 90
        0
 71
     2
340
16
 90
       25
 62
   256
340
16
 90
       50
 62
   256
 40
5.0
 40
2.5
 40
5.0
 71
     3
340
11
 62
   256
 40
5.0
 90
        0
 40
15.0
 90
        1
300
%<\AcVar ViewSectionStartId>%-%<\AcVar ViewSectionEndId>% (%<\AcVar ViewScale \f "%sn">%)
 71
     4
 62
   256
 62
   257
300
ANSI31
 40
1.0
 90
        0
290
     0
290
     0
 90
        6
 40
0.0
 40
1.570796326794896
 40
0.2617993877991494
 40
1.308996938995747
 40
-0.2617993877991494
 40
1.832595714594045
  0
TABLESTYLE
  5
7F
102
{ACAD_XDICTIONARY
360
162
102
}
102
{ACAD_REACTORS
330
7E
102
}
330
7E
100
AcDbTableStyle
280
     0
  3
Standard
 70
     0
 71
     0
 40
1.5
 41
1.5
280
     0
281
     0
  7
Standard
140
4.5
170
     2
 62
     0
 63
     7
283
     0
 90
      512
 91
        0
  1

274
    -2
284
     1
 64
     0
275
    -2
285
     1
 65
     0
276
    -2
286
     1
 66
     0
277
    -2
287
     1
 67
     0
278
    -2
288
     1
 68
     0
279
    -2
289
     1
 69
     0
  7
Standard
140
6.0
170
     5
 62
     0
 63
     7
283
     0
 90
      512
 91
        0
  1

274
    -2
284
     1
 64
     0
275
    -2
285
     1
 65
     0
276
    -2
286
     1
 66
     0
277
    -2
287
     1
 67
     0
278
    -2
288
     1
 68
     0
279
    -2
289
     1
 69
     0
  7
Standard
140
4.5
170
     5
 62
     0
 63
     7
283
     0
 90
      512
 91
        0
  1

274
    -2
284
     1
 64
     0
275
    -2
285
     1
 65
     0
276
    -2
286
     1
 66
     0
277
    -2
287
     1
 67
     0
278
    -2
288
     1
 68
     0
279
    -2
289
     1
 69
     0
  0
VISUALSTYLE
  5
F5
102
{ACAD_REACTORS
330
EF
102
}
330
EF
100
AcDbVisualStyle
  2
2dWireframe
 70
     4
177
     3
291
     0
 70
    58
 90
        0
176
     1
 90
        2
176
     1
 90
        1
176
     1
 90
        0
176
     1
 40
0.6
176
     1
 40
30.0
176
     1
 62
     7
420
 16777215
176
     1
 90
        1
176
     1
 90
        4
176
     1
 62
     7
176
     1
 62
   257
176
     1
 90
        1
176
     1
 90
        1
176
     1
 40
1.0
176
     1
 90
        0
176
     1
 62
   257
176
     1
 40
1.0
176
     1
 90
        1
176
     1
 90
        6
176
     1
 90
        2
176
     1
 62
     7
176
     1
 90
        5
176
     1
 90
        0
176
     1
 90
        0
176
     1
290
     0
176
     1
 90
        1
176
     1
 40
0.0
176
     1
 90
        0
176
     1
290
     1
176
     1
290
     1
176
     1
290
     0
176
     1
290
     0
176
     1
290
     0
176
     1
290
     0
176
     1
290
     0
176
     1
290
     0
176
     1
290
     0
176
     1
 90
       50
176
     1
 40
0.0
176
     1
 40
1.0
176
     1
 90
        0
176
     1
 62
    18
176
     1
 90
       50
176
     1
 90
        3
176
     1
 62
     5
420
      255
176
     1
290
     0
176
     1
 90
       50
176
     1
 90
       50
176
     1
 90
       50
176
     1
290
     0
176
     1
 90
       50
176
     1
 62
   256
176
     0
 40
1.0
176
     0
 90
        2
176
     1
  1
strokes_ogs.tif
176
     1
290
     0
176
     1
 40
1.0
176
     1
 40
1.0
176
     1
  0
VISUALSTYLE
  5
F4
102
{ACAD_REACTORS
330
EF
102
}
330
EF
100
AcDbVisualStyle
  2
Basic
 70
     7
177
     3
291
     1
 70
    58
 90
        1
176
     1
 90
        0
176
     1
 90
        1
176
     1
 90
        0
176
     1
 40
0.6
176
     1
 40
30.0
176
     1
 62
     7
420
 16777215
176
     1
 90
        0
176
     1
 90
        4
176
     1
 62
     7
176
     1
 62
   257
176
     1
 90
        1
176
     1
 90
        1
176
     1
 40
1.0
176
     1
 90
        8
176
     1
 62
     7
176
     1
 40
1.0
176
     1
 90
        1
176
     1
 90
        6
176
     1
 90
        2
176
     1
 62
     7
176
     1
 90
        5
176
     1
 90
        0
176
     1
 90
        0
176
     1
290
     0
176
     1
 90
        1
176
     1
 40
0.0
176
     1
 90
        0
176
     1
290
     0
176
     1
290
     1
176
     1
290
     1
176
     1
290
     0
176
     1
290
     0
176
     1
290
     0
176
     1
290
     0
176
     1
290
     0
176
     1
290
     0
176
     1
 90
       50
176
     1
 40
0.0
176
     1
 40
1.0
176
     1
 90
        0
176
     1
 62
    18
176
     1
 90
       50
176
     1
 90
        3
176
     1
 62
     5
420
      255
176
     1
290
     0
176
     1
 90
       50
176
     1
 90
       50
176
     1
 90
       50
176
     1
290
     0
176
     1
 90
       50
176
     1
 62
   256
176
     0
 40
1.0
176
     0
 90
        2
176
     1
  1
strokes_ogs.tif
176
     1
290
     0
176
     1
 40
1.0
176
     1
 40
1.0
176
     1
  0
VISUALSTYLE
  5
FB
102
{ACAD_REACTORS
330
EF
102
}
330
EF
100
AcDbVisualStyle
  2
Brighten
 70
    12
177
     3
291
     1
 70
    58
 90
        2
176
     1
 90
        2
176
     1
 90
        1
176
     1
 90
        0
176
     1
 40
0.6
176
     1
 40
30.0
176
     1
 62
     7
420
 16777215
176
     1
 90
        1
176
     1
 90
        4
176
     1
 62
     7
176
     1
 62
   257
176
     1
 90
        1
176
     1
 90
        1
176
     1
 40
1.0
176
     1
 90
        8
176
     1
 62
     7
176
     1
 40
1.0
176
     1
 90
        1
176
     1
 90
        6
176
     1
 90
        2
176
     1
 62
     7
176
     1
 90
        5
176
     1
 90
        0
176
     1
 90
        0
176
     1
290
     0
176
     1
 90
        1
176
     1
 40
50.0
176
     1
 90
        0
176
     1
290
     0
176
     1
290
     1
176
     1
290
     1
176
     1
290
     0
176
     1
290
     0
176
     1
290
     0
176
     1
290
     0
176
     1
290
     0
176
     1
290
     0
176
     1
 90
       50
176
     1
 40
0.0
176
     1
 40
1.0
176
     1
 90
        0
176
     1
 62
    18
176
     1
 90
       50
176
     1
 90
        3
176
     1
 62
     5
420
      255
176
     1
290
     0
176
     1
 90
       50
176
     1
 90
       50
176
     1
 90
       50
176
     1
290
     0
176
     1
 90
       50
176
     1
 62
   256
176
     0
 40
1.0
176
     0
 90
        2
176
     1
  1
strokes_ogs.tif
176
     1
290
     0
176
     1
 40
1.0
176
     1
 40
1.0
176
     1
  0
VISUALSTYLE
  5
FF
102
{ACAD_REACTORS
330
EF
102
}
330
EF
100
AcDbVisualStyle
  2
ColorChange
 70
    16
177
     3
291
     1
 70
    58
 90
        2
176
     1
 90
        2
176
     1
 90
        3
176
     1
 90
        0
176
     1
 40
0.6
176
     1
 40
30.0
176
     1
 62
     8
420
  8421504
176
     1
 90
        1
176
     1
 90
        4
176
     1
 62
     7
176
     1
 62
   257
176
     1
 90
        1
176
     1
 90
        1
176
     1
 40
1.0
176
     1
 90
        8
176
     1
 62
     8
420
  8421504
176
     1
 40
1.0
176
     1
 90
        1
176
     1
 90
        6
176
     1
 90
        2
176
     1
 62
     7
176
     1
 90
        5
176
     1
 90
        0
176
     1
 90
        0
176
     1
290
     0
176
     1
 90
        1
176
     1
 40
0.0
176
     1
 90
        0
176
     1
290
     0
176
     1
290
     1
176
     1
290
     1
176
     1
290
     0
176
     1
290
     0
176
     1
290
     0
176
     1
290
     0
176
     1
290
     0
176
     1
290
     0
176
     1
 90
       50
176
     1
 40
0.0
176
     1
 40
1.0
176
     1
 90
        0
176
     1
 62
    18
176
     1
 90
       50
176
     1
 90
        3
176
     1
 62
     5
420
      255
176
     1
290
     0
176
     1
 90
       50
176
     1
 90
       50
176
     1
 90
       50
176
     1
290
     0
176
     1
 90
       50
176
     1
 62
   256
176
     0
 40
1.0
176
     0
 90
        2
176
     1
  1
strokes_ogs.tif
176
     1
290
     0
176
     1
 40
1.0
176
     1
 40
1.0
176
     1
  0
VISUALSTYLE
  5
F8
102
{ACAD_REACTORS
330
EF
102
}
330
EF
100
AcDbVisualStyle
  2
Conceptual
 70
     9
177
     3
291
     0
 70
    58
 90
        3
176
     1
 90
        2
176
     1
 90
        1
176
     1
 90
        0
176
     1
 40
0.6
176
     1
 40
30.0
176
     1
 62
     7
420
 16777215
176
     1
 90
        2
176
     1
 90
        2
176
     1
 62
     7
176
     1
 62
   257
176
     1
 90
        1
176
     1
 90
        1
176
     1
 40
40.0
176
     1
 90
        8
176
     1
 62
     7
176
     1
 40
1.0
176
     1
 90
        1
176
     1
 90
        6
176
     1
 90
        2
176
     1
 62
     7
176
     1
 90
        3
176
     1
 90
        0
176
     1
 90
        0
176
     1
290
     0
176
     1
 90
        1
176
     1
 40
0.0
176
     1
 90
        0
176
     1
290
     0
176
     1
290
     1
176
     1
290
     1
176
     1
290
     0
176
     1
290
     0
176
     1
290
     0
176
     1
290
     0
176
     1
290
     0
176
     1
290
     0
176
     1
 90
       50
176
     1
 40
0.0
176
     1
 40
1.0
176
     1
 90
        0
176
     1
 62
    18
176
     1
 90
       50
176
     1
 90
        3
176
     1
 62
     5
420
      255
176
     1
290
     0
176
     1
 90
       50
176
     1
 90
       50
176
     1
 90
       50
176
     1
290
     0
176
     1
 90
       50
176
     1
 62
   256
176
     0
 40
1.0
176
     0
 90
        2
176
     1
  1
strokes_ogs.tif
176
     1
290
     0
176
     1
 40
1.0
176
     1
 40
1.0
176
     1
  0
VISUALSTYLE
  5
FA
102
{ACAD_REACTORS
330
EF
102
}
330
EF
100
AcDbVisualStyle
  2
Dim
 70
    11
177
     3
291
     1
 70
    58
 90
        2
176
     1
 90
        2
176
     1
 90
        1
176
     1
 90
        0
176
     1
 40
0.6
176
     1
 40
30.0
176
     1
 62
     7
420
 16777215
176
     1
 90
        1
176
     1
 90
        4
176
     1
 62
     7
176
     1
 62
   257
176
     1
 90
        1
176
     1
 90
        1
176
     1
 40
1.0
176
     1
 90
        8
176
     1
 62
     7
176
     1
 40
1.0
176
     1
 90
        1
176
     1
 90
        6
176
     1
 90
        2
176
     1
 62
     7
176
     1
 90
        5
176
     1
 90
        0
176
     1
 90
        0
176
     1
290
     0
176
     1
 90
        1
176
     1
 40
-50.0
176
     1
 90
        0
176
     1
290
     0
176
     1
290
     1
176
     1
290
     1
176
     1
290
     0
176
     1
290
     0
176
     1
290
     0
176
     1
290
     0
176
     1
290
     0
176
     1
290
     0
176
     1
 90
       50
176
     1
 40
0.0
176
     1
 40
1.0
176
     1
 90
        0
176
     1
 62
    18
176
     1
 90
       50
176
     1
 90
        3
176
     1
 62
     5
420
      255
176
     1
290
     0
176
     1
 90
       50
176
     1
 90
       50
176
     1
 90
       50
176
     1
290
     0
176
     1
 90
       50
176
     1
 62
   256
176
     0
 40
1.0
176
     0
 90
        2
176
     1
  1
strokes_ogs.tif
176
     1
290
     0
176
     1
 40
1.0
176
     1
 40
1.0
176
     1
  0
VISUALSTYLE
  5
1E6
102
{ACAD_REACTORS
330
EF
102
}
330
EF
100
AcDbVisualStyle
  2
EdgeColorOff
 70
    22
177
     3
291
     1
 70
    58
 90
        2
176
     0
 90
        2
176
     0
 90
        0
176
     0
 90
        0
176
     0
 40
0.6
176
     0
 40
30.0
176
     0
 62
     7
420
 16777215
176
     0
 90
        1
176
     0
 90
        4
176
     0
 62
     7
176
     0
 62
   257
176
     0
 90
        1
176
     0
 90
        1
176
     0
 40
1.0
176
     0
 90
        8
176
     2
 62
     7
176
     0
 40
1.0
176
     0
 90
        1
176
     0
 90
        6
176
     0
 90
        2
176
     0
 62
     7
176
     0
 90
        5
176
     0
 90
        0
176
     0
 90
        0
176
     0
290
     0
176
     0
 90
        1
176
     0
 40
0.0
176
     0
 90
        0
176
     0
290
     0
176
     1
290
     1
176
     1
290
     1
176
     1
290
     0
176
     1
290
     0
176
     1
290
     0
176
     1
290
     0
176
     1
290
     0
176
     1
290
     0
176
     1
 90
       50
176
     1
 40
0.0
176
     1
 40
1.0
176
     1
 90
        0
176
     1
 62
    18
176
     1
 90
       50
176
     1
 90
        3
176
     1
 62
     5
420
      255
176
     1
290
     0
176
     1
 90
       50
176
     1
 90
       50
176
     1
 90
       50
176
     1
290
     0
176
     1
 90
       50
176
     1
 62
   256
176
     0
 40
1.0
176
     0
 90
        2
176
     1
  1
strokes_ogs.tif
176
     1
290
     0
176
     1
 40
1.0
176
     1
 40
1.0
176
     1
  0
VISUALSTYLE
  5
FE
102
{ACAD_REACTORS
330
EF
102
}
330
EF
100
AcDbVisualStyle
  2
Facepattern
 70
    15
177
     3
291
     1
 70
    58
 90
        2
176
     1
 90
        2
176
     1
 90
        1
176
     1
 90
        0
176
     1
 40
0.6
176
     1
 40
30.0
176
     1
 62
     7
420
 16777215
176
     1
 90
        1
176
     1
 90
        4
176
     1
 62
     7
176
     1
 62
   257
176
     1
 90
        1
176
     1
 90
        1
176
     1
 40
1.0
176
     1
 90
        8
176
     1
 62
     7
176
     1
 40
1.0
176
     1
 90
        1
176
     1
 90
        6
176
     1
 90
        2
176
     1
 62
     7
176
     1
 90
        5
176
     1
 90
        0
176
     1
 90
        0
176
     1
290
     0
176
     1
 90
        1
176
     1
 40
0.0
176
     1
 90
        0
176
     1
290
     0
176
     1
290
     1
176
     1
290
     1
176
     1
290
     0
176
     1
290
     0
176
     1
290
     0
176
     1
290
     0
176
     1
290
     0
176
     1
290
     0
176
     1
 90
       50
176
     1
 40
0.0
176
     1
 40
1.0
176
     1
 90
        0
176
     1
 62
    18
176
     1
 90
       50
176
     1
 90
        3
176
     1
 62
     5
420
      255
176
     1
290
     0
176
     1
 90
       50
176
     1
 90
       50
176
     1
 90
       50
176
     1
290
     0
176
     1
 90
       50
176
     1
 62
   256
176
     0
 40
1.0
176
     0
 90
        2
176
     1
  1
strokes_ogs.tif
176
     1
290
     0
176
     1
 40
1.0
176
     1
 40
1.0
176
     1
  0
VISUALSTYLE
  5
F0
102
{ACAD_REACTORS
330
EF
102
}
330
EF
100
AcDbVisualStyle
  2
Flat
 70
     0
177
     3
291
     1
 70
    58
 90
        2
176
     1
 90
        1
176
     1
 90
        1
176
     1
 90
        2
176
     1
 40
0.6
176
     1
 40
30.0
176
     1
 62
     7
420
 16777215
176
     1
 90
        0
176
     1
 90
        0
176
     1
 62
     7
176
     1
 62
   257
176
     1
 90
        1
176
     1
 90
        1
176
     1
 40
1.0
176
     1
 90
        8
176
     1
 62
     7
176
     1
 40
1.0
176
     1
 90
        1
176
     1
 90
        6
176
     1
 90
        2
176
     1
 62
     7
176
     1
 90
        5
176
     1
 90
        0
176
     1
 90
        0
176
     1
290
     0
176
     1
 90
       13
176
     1
 40
0.0
176
     1
 90
        0
176
     1
290
     0
176
     1
290
     1
176
     1
290
     1
176
     1
290
     0
176
     1
290
     0
176
     1
290
     0
176
     1
290
     0
176
     1
290
     0
176
     1
290
     0
176
     1
 90
       50
176
     1
 40
0.0
176
     1
 40
1.0
176
     1
 90
        0
176
     1
 62
    18
176
     1
 90
       50
176
     1
 90
        3
176
     1
 62
     5
420
      255
176
     1
290
     0
176
     1
 90
       50
176
     1
 90
       50
176
     1
 90
       50
176
     1
290
     0
176
     1
 90
       50
176
     1
 62
   256
176
     0
 40
1.0
176
     0
 90
        2
176
     1
  1
strokes_ogs.tif
176
     1
290
     0
176
     1
 40
1.0
176
     1
 40
1.0
176
     1
  0
VISUALSTYLE
  5
F1
102
{ACAD_REACTORS
330
EF
102
}
330
EF
100
AcDbVisualStyle
  2
FlatWithEdges
 70
     1
177
     3
291
     1
 70
    58
 90
        2
176
     1
 90
        1
176
     1
 90
        1
176
     1
 90
        2
176
     1
 40
0.6
176
     1
 40
30.0
176
     1
 62
     7
420
 16777215
176
     1
 90
        1
176
     1
 90
        0
176
     1
 62
     7
176
     1
 62
   257
176
     1
 90
        1
176
     1
 90
        1
176
     1
 40
1.0
176
     1
 90
        0
176
     1
 62
   257
176
     1
 40
1.0
176
     1
 90
        1
176
     1
 90
        6
176
     1
 90
        2
176
     1
 62
     7
176
     1
 90
        5
176
     1
 90
        0
176
     1
 90
        0
176
     1
290
     0
176
     1
 90
       13
176
     1
 40
0.0
176
     1
 90
        0
176
     1
290
     0
176
     1
290
     1
176
     1
290
     1
176
     1
290
     0
176
     1
290
     0
176
     1
290
     0
176
     1
290
     0
176
     1
290
     0
176
     1
290
     0
176
     1
 90
       50
176
     1
 40
0.0
176
     1
 40
1.0
176
     1
 90
        0
176
     1
 62
    18
176
     1
 90
       50
176
     1
 90
        3
176
     1
 62
     5
420
      255
176
     1
290
     0
176
     1
 90
       50
176
     1
 90
       50
176
     1
 90
       50
176
     1
290
     0
176
     1
 90
       50
176
     1
 62
   256
176
     0
 40
1.0
176
     0
 90
        2
176
     1
  1
strokes_ogs.tif
176
     1
290
     0
176
     1
 40
1.0
176
     1
 40
1.0
176
     1
  0
VISUALSTYLE
  5
F2
102
{ACAD_REACTORS
330
EF
102
}
330
EF
100
AcDbVisualStyle
  2
Gouraud
 70
     2
177
     3
291
     1
 70
    58
 90
        2
176
     1
 90
        2
176
     1
 90
        1
176
     1
 90
        2
176
     1
 40
0.6
176
     1
 40
30.0
176
     1
 62
     7
420
 16777215
176
     1
 90
        0
176
     1
 90
        0
176
     1
 62
     7
176
     1
 62
   257
176
     1
 90
        1
176
     1
 90
        1
176
     1
 40
1.0
176
     1
 90
        0
176
     1
 62
     7
176
     1
 40
1.0
176
     1
 90
        1
176
     1
 90
        6
176
     1
 90
        2
176
     1
 62
     7
176
     1
 90
        5
176
     1
 90
        0
176
     1
 90
        0
176
     1
290
     0
176
     1
 90
       13
176
     1
 40
0.0
176
     1
 90
        0
176
     1
290
     0
176
     1
290
     1
176
     1
290
     1
176
     1
290
     0
176
     1
290
     0
176
     1
290
     0
176
     1
290
     0
176
     1
290
     0
176
     1
290
     0
176
     1
 90
       50
176
     1
 40
0.0
176
     1
 40
1.0
176
     1
 90
        0
176
     1
 62
    18
176
     1
 90
       50
176
     1
 90
        3
176
     1
 62
     5
420
      255
176
     1
290
     0
176
     1
 90
       50
176
     1
 90
       50
176
     1
 90
       50
176
     1
290
     0
176
     1
 90
       50
176
     1
 62
   256
176
     0
 40
1.0
176
     0
 90
        2
176
     1
  1
strokes_ogs.tif
176
     1
290
     0
176
     1
 40
1.0
176
     1
 40
1.0
176
     1
  0
VISUALSTYLE
  5
F3
102
{ACAD_REACTORS
330
EF
102
}
330
EF
100
AcDbVisualStyle
  2
GouraudWithEdges
 70
     3
177
     3
291
     1
 70
    58
 90
        2
176
     1
 90
        2
176
     1
 90
        1
176
     1
 90
        2
176
     1
 40
0.6
176
     1
 40
30.0
176
     1
 62
     7
420
 16777215
176
     1
 90
        1
176
     1
 90
        0
176
     1
 62
     7
176
     1
 62
   257
176
     1
 90
        1
176
     1
 90
        1
176
     1
 40
1.0
176
     1
 90
        0
176
     1
 62
   257
176
     1
 40
1.0
176
     1
 90
        1
176
     1
 90
        6
176
     1
 90
        2
176
     1
 62
     7
176
     1
 90
        5
176
     1
 90
        0
176
     1
 90
        0
176
     1
290
     0
176
     1
 90
       13
176
     1
 40
0.0
176
     1
 90
        0
176
     1
290
     0
176
     1
290
     1
176
     1
290
     1
176
     1
290
     0
176
     1
290
     0
176
     1
290
     0
176
     1
290
     0
176
     1
290
     0
176
     1
290
     0
176
     1
 90
       50
176
     1
 40
0.0
176
     1
 40
1.0
176
     1
 90
        0
176
     1
 62
    18
176
     1
 90
       50
176
     1
 90
        3
176
     1
 62
     5
420
      255
176
     1
290
     0
176
     1
 90
       50
176
     1
 90
       50
176
     1
 90
       50
176
     1
290
     0
176
     1
 90
       50
176
     1
 62
   256
176
     0
 40
1.0
176
     0
 90
        2
176
     1
  1
strokes_ogs.tif
176
     1
290
     0
176
     1
 40
1.0
176
     1
 40
1.0
176
     1
  0
VISUALSTYLE
  5
F7
102
{ACAD_REACTORS
330
EF
102
}
330
EF
100
AcDbVisualStyle
  2
Hidden
 70
     6
177
     3
291
     0
 70
    58
 90
        1
176
     1
 90
        2
176
     1
 90
        2
176
     1
 90
        0
176
     1
 40
0.6
176
     1
 40
30.0
176
     1
 62
     7
420
 16777215
176
     1
 90
        2
176
     1
 90
        2
176
     1
 62
     7
176
     1
 62
   257
176
     1
 90
        2
176
     1
 90
        1
176
     1
 40
40.0
176
     1
 90
        0
176
     1
 62
   257
176
     1
 40
1.0
176
     1
 90
        1
176
     1
 90
        6
176
     1
 90
        2
176
     1
 62
     7
176
     1
 90
        3
176
     1
 90
        0
176
     1
 90
        0
176
     1
290
     0
176
     1
 90
        1
176
     1
 40
0.0
176
     1
 90
        0
176
     1
290
     0
176
     1
290
     1
176
     1
290
     1
176
     1
290
     0
176
     1
290
     0
176
     1
290
     0
176
     1
290
     0
176
     1
290
     0
176
     1
290
     0
176
     1
 90
       50
176
     1
 40
0.0
176
     1
 40
1.0
176
     1
 90
        0
176
     1
 62
    18
176
     1
 90
       50
176
     1
 90
        3
176
     1
 62
     5
420
      255
176
     1
290
     0
176
     1
 90
       50
176
     1
 90
       50
176
     1
 90
       50
176
     1
290
     0
176
     1
 90
       50
176
     1
 62
   256
176
     0
 40
1.0
176
     0
 90
        2
176
     1
  1
strokes_ogs.tif
176
     1
290
     0
176
     1
 40
1.0
176
     1
 40
1.0
176
     1
  0
VISUALSTYLE
  5
1E4
102
{ACAD_REACTORS
330
EF
102
}
330
EF
100
AcDbVisualStyle
  2
JitterOff
 70
    20
177
     3
291
     1
 70
    58
 90
        2
176
     0
 90
        2
176
     0
 90
        0
176
     0
 90
        0
176
     0
 40
0.6
176
     0
 40
30.0
176
     0
 62
     7
420
 16777215
176
     0
 90
        1
176
     0
 90
        4
176
     0
 62
     7
176
     0
 62
   257
176
     0
 90
        1
176
     0
 90
        1
176
     0
 40
1.0
176
     0
 90
       10
176
     2
 62
     7
176
     0
 40
1.0
176
     0
 90
        1
176
     0
 90
        6
176
     0
 90
        2
176
     0
 62
     7
176
     0
 90
        5
176
     0
 90
        0
176
     0
 90
        0
176
     0
290
     0
176
     0
 90
        1
176
     0
 40
0.0
176
     0
 90
        0
176
     0
290
     0
176
     1
290
     1
176
     1
290
     1
176
     1
290
     0
176
     1
290
     0
176
     1
290
     0
176
     1
290
     0
176
     1
290
     0
176
     1
290
     0
176
     1
 90
       50
176
     1
 40
0.0
176
     1
 40
1.0
176
     1
 90
        0
176
     1
 62
    18
176
     1
 90
       50
176
     1
 90
        3
176
     1
 62
     5
420
      255
176
     1
290
     0
176
     1
 90
       50
176
     1
 90
       50
176
     1
 90
       50
176
     1
290
     0
176
     1
 90
       50
176
     1
 62
   256
176
     0
 40
1.0
176
     0
 90
        2
176
     1
  1
strokes_ogs.tif
176
     1
290
     0
176
     1
 40
1.0
176
     1
 40
1.0
176
     1
  0
VISUALSTYLE
  5
FD
102
{ACAD_REACTORS
330
EF
102
}
330
EF
100
AcDbVisualStyle
  2
Linepattern
 70
    14
177
     3
291
     1
 70
    58
 90
        2
176
     1
 90
        2
176
     1
 90
        1
176
     1
 90
        0
176
     1
 40
0.6
176
     1
 40
30.0
176
     1
 62
     7
420
 16777215
176
     1
 90
        1
176
     1
 90
        4
176
     1
 62
     7
176
     1
 62
   257
176
     1
 90
        7
176
     1
 90
        7
176
     1
 40
1.0
176
     1
 90
        8
176
     1
 62
     7
176
     1
 40
1.0
176
     1
 90
        1
176
     1
 90
        6
176
     1
 90
        2
176
     1
 62
     7
176
     1
 90
        5
176
     1
 90
        0
176
     1
 90
        0
176
     1
290
     0
176
     1
 90
        1
176
     1
 40
0.0
176
     1
 90
        0
176
     1
290
     0
176
     1
290
     1
176
     1
290
     1
176
     1
290
     0
176
     1
290
     0
176
     1
290
     0
176
     1
290
     0
176
     1
290
     0
176
     1
290
     0
176
     1
 90
       50
176
     1
 40
0.0
176
     1
 40
1.0
176
     1
 90
        0
176
     1
 62
    18
176
     1
 90
       50
176
     1
 90
        3
176
     1
 62
     5
420
      255
176
     1
290
     0
176
     1
 90
       50
176
     1
 90
       50
176
     1
 90
       50
176
     1
290
     0
176
     1
 90
       50
176
     1
 62
   256
176
     0
 40
1.0
176
     0
 90
        2
176
     1
  1
strokes_ogs.tif
176
     1
290
     0
176
     1
 40
1.0
176
     1
 40
1.0
176
     1
  0
VISUALSTYLE
  5
1E5
102
{ACAD_REACTORS
330
EF
102
}
330
EF
100
AcDbVisualStyle
  2
OverhangOff
 70
    21
177
     3
291
     1
 70
    58
 90
        2
176
     0
 90
        2
176
     0
 90
        0
176
     0
 90
        0
176
     0
 40
0.6
176
     0
 40
30.0
176
     0
 62
     7
420
 16777215
176
     0
 90
        1
176
     0
 90
        4
176
     0
 62
     7
176
     0
 62
   257
176
     0
 90
        1
176
     0
 90
        1
176
     0
 40
1.0
176
     0
 90
        9
176
     2
 62
     7
176
     0
 40
1.0
176
     0
 90
        1
176
     0
 90
        6
176
     0
 90
        2
176
     0
 62
     7
176
     0
 90
        5
176
     0
 90
        0
176
     0
 90
        0
176
     0
290
     0
176
     0
 90
        1
176
     0
 40
0.0
176
     0
 90
        0
176
     0
290
     0
176
     1
290
     1
176
     1
290
     1
176
     1
290
     0
176
     1
290
     0
176
     1
290
     0
176
     1
290
     0
176
     1
290
     0
176
     1
290
     0
176
     1
 90
       50
176
     1
 40
0.0
176
     1
 40
1.0
176
     1
 90
        0
176
     1
 62
    18
176
     1
 90
       50
176
     1
 90
        3
176
     1
 62
     5
420
      255
176
     1
290
     0
176
     1
 90
       50
176
     1
 90
       50
176
     1
 90
       50
176
     1
290
     0
176
     1
 90
       50
176
     1
 62
   256
176
     0
 40
1.0
176
     0
 90
        2
176
     1
  1
strokes_ogs.tif
176
     1
290
     0
176
     1
 40
1.0
176
     1
 40
1.0
176
     1
  0
VISUALSTYLE
  5
F9
102
{ACAD_REACTORS
330
EF
102
}
330
EF
100
AcDbVisualStyle
  2
Realistic
 70
     8
177
     3
291
     0
 70
    58
 90
        2
176
     1
 90
        3
176
     1
 90
        0
176
     1
 90
        2
176
     1
 40
0.6
176
     1
 40
30.0
176
     1
 62
     7
420
 16777215
176
     1
 90
        0
176
     1
 90
        0
176
     1
 62
     7
176
     1
 62
   257
176
     1
 90
        1
176
     1
 90
        1
176
     1
 40
1.0
176
     1
 90
        8
176
     1
 62
   257
176
     1
 40
1.0
176
     1
 90
        1
176
     1
 90
        6
176
     1
 90
        2
176
     1
 62
     7
176
     1
 90
        3
176
     1
 90
        0
176
     1
 90
        0
176
     1
290
     0
176
     1
 90
       13
176
     1
 40
0.0
176
     1
 90
        0
176
     1
290
     0
176
     1
290
     1
176
     1
290
     1
176
     1
290
     0
176
     1
290
     0
176
     1
290
     0
176
     1
290
     0
176
     1
290
     0
176
     1
290
     0
176
     1
 90
       50
176
     1
 40
0.0
176
     1
 40
1.0
176
     1
 90
        0
176
     1
 62
    18
176
     1
 90
       50
176
     1
 90
        3
176
     1
 62
     5
420
      255
176
     1
290
     0
176
     1
 90
       50
176
     1
 90
       50
176
     1
 90
       50
176
     1
290
     0
176
     1
 90
       50
176
     1
 62
   256
176
     0
 40
1.0
176
     0
 90
        2
176
     1
  1
strokes_ogs.tif
176
     1
290
     0
176
     1
 40
1.0
176
     1
 40
1.0
176
     1
  0
VISUALSTYLE
  5
1F3
102
{ACAD_REACTORS
330
EF
102
}
330
EF
100
AcDbVisualStyle
  2
Shaded
 70
    27
177
     3
291
     0
 70
    58
 90
        2
176
     1
 90
        2
176
     1
 90
        1
176
     1
 90
        2
176
     1
 40
0.6
176
     1
 40
30.0
176
     1
 62
     7
420
 16777215
176
     1
 90
        0
176
     1
 90
        4
176
     1
 62
     7
176
     1
 62
   257
176
     1
 90
        1
176
     1
 90
        1
176
     1
 40
1.0
176
     1
 90
        8
176
     1
 62
   257
176
     1
 40
1.0
176
     1
 90
        1
176
     1
 90
        6
176
     1
 90
        2
176
     1
 62
     8
420
  7895160
176
     1
 90
        3
176
     1
 90
        0
176
     1
 90
        0
176
     1
290
     0
176
     1
 90
        5
176
     1
 40
0.0
176
     1
 90
        0
176
     1
290
     0
176
     1
290
     1
176
     1
290
     1
176
     1
290
     0
176
     1
290
     0
176
     1
290
     0
176
     1
290
     0
176
     1
290
     0
176
     1
290
     0
176
     1
 90
       50
176
     1
 40
0.0
176
     1
 40
1.0
176
     1
 90
        0
176
     1
 62
    18
176
     1
 90
       50
176
     1
 90
        3
176
     1
 62
     5
420
      255
176
     1
290
     0
176
     1
 90
       50
176
     1
 90
       50
176
     1
 90
       50
176
     1
290
     0
176
     1
 90
       50
176
     1
 62
   256
176
     0
 40
1.0
176
     0
 90
        2
176
     1
  1
strokes_ogs.tif
176
     1
290
     0
176
     1
 40
1.0
176
     1
 40
1.0
176
     1
  0
VISUALSTYLE
  5
1F2
102
{ACAD_REACTORS
330
EF
102
}
330
EF
100
AcDbVisualStyle
  2
Shaded with edges
 70
    26
177
     3
291
     0
 70
    58
 90
        2
176
     1
 90
        2
176
     1
 90
        1
176
     1
 90
        2
176
     1
 40
0.6
176
     1
 40
30.0
176
     1
 62
     7
420
 16777215
176
     1
 90
        1
176
     1
 90
        2
176
     1
 62
     7
176
     1
 62
   257
176
     1
 90
        2
176
     1
 90
        1
176
     1
 40
1.0
176
     1
 90
        8
176
     1
 62
   257
176
     1
 40
1.0
176
     1
 90
        1
176
     1
 90
        6
176
     1
 90
        2
176
     1
 62
     7
176
     1
 90
        3
176
     1
 90
        0
176
     1
 90
        0
176
     1
290
     0
176
     1
 90
        5
176
     1
 40
0.0
176
     1
 90
        0
176
     1
290
     0
176
     1
290
     1
176
     1
290
     1
176
     1
290
     0
176
     1
290
     0
176
     1
290
     0
176
     1
290
     0
176
     1
290
     0
176
     1
290
     0
176
     1
 90
       50
176
     1
 40
0.0
176
     1
 40
1.0
176
     1
 90
        0
176
     1
 62
    18
176
     1
 90
       50
176
     1
 90
        3
176
     1
 62
     5
420
      255
176
     1
290
     0
176
     1
 90
       50
176
     1
 90
       50
176
     1
 90
       50
176
     1
290
     0
176
     1
 90
       50
176
     1
 62
   256
176
     0
 40
1.0
176
     0
 90
        2
176
     1
  1
strokes_ogs.tif
176
     1
290
     0
176
     1
 40
1.0
176
     1
 40
1.0
176
     1
  0
VISUALSTYLE
  5
1EF
102
{ACAD_REACTORS
330
EF
102
}
330
EF
100
AcDbVisualStyle
  2
Shades of Gray
 70
    23
177
     3
291
     0
 70
    58
 90
        2
176
     1
 90
        2
176
     1
 90
        3
176
     1
 90
        0
176
     1
 40
0.6
176
     1
 40
30.0
176
     1
 62
     7
420
 16777215
176
     1
 90
        2
176
     1
 90
        2
176
     1
 62
     7
176
     1
 62
     7
176
     1
 90
        1
176
     1
 90
        1
176
     1
 40
40.0
176
     1
 90
        8
176
     1
 62
     7
176
     1
 40
1.0
176
     1
 90
        1
176
     1
 90
        6
176
     1
 90
        2
176
     1
 62
     7
176
     1
 90
        3
176
     1
 90
        0
176
     1
 90
        0
176
     1
290
     0
176
     1
 90
        1
176
     1
 40
0.0
176
     1
 90
        0
176
     1
290
     0
176
     1
290
     1
176
     1
290
     1
176
     1
290
     0
176
     1
290
     0
176
     1
290
     0
176
     1
290
     0
176
     1
290
     0
176
     1
290
     0
176
     1
 90
       50
176
     1
 40
0.0
176
     1
 40
1.0
176
     1
 90
        0
176
     1
 62
    18
176
     1
 90
       50
176
     1
 90
        3
176
     1
 62
     5
420
      255
176
     1
290
     0
176
     1
 90
       50
176
     1
 90
       50
176
     1
 90
       50
176
     1
290
     0
176
     1
 90
       50
176
     1
 62
   256
176
     0
 40
1.0
176
     0
 90
        2
176
     1
  1
strokes_ogs.tif
176
     1
290
     0
176
     1
 40
1.0
176
     1
 40
1.0
176
     1
  0
VISUALSTYLE
  5
1F0
102
{ACAD_REACTORS
330
EF
102
}
330
EF
100
AcDbVisualStyle
  2
Sketchy
 70
    24
177
     3
291
     0
 70
    58
 90
        1
176
     1
 90
        2
176
     1
 90
        2
176
     1
 90
        0
176
     1
 40
0.6
176
     1
 40
30.0
176
     1
 62
     7
420
 16777215
176
     1
 90
        2
176
     1
 90
        2
176
     1
 62
     7
176
     1
 62
     7
176
     1
 90
        1
176
     1
 90
        1
176
     1
 40
40.0
176
     1
 90
       11
176
     1
 62
     7
176
     1
 40
1.0
176
     1
 90
        1
176
     1
 90
        6
176
     1
 90
        2
176
     1
 62
     7
176
     1
 90
        6
176
     1
 90
        0
176
     1
 90
        0
176
     1
290
     0
176
     1
 90
        1
176
     1
 40
0.0
176
     1
 90
        0
176
     1
290
     0
176
     1
290
     1
176
     1
290
     1
176
     1
290
     0
176
     1
290
     0
176
     1
290
     0
176
     1
290
     0
176
     1
290
     0
176
     1
290
     0
176
     1
 90
       50
176
     1
 40
0.0
176
     1
 40
1.0
176
     1
 90
        0
176
     1
 62
    18
176
     1
 90
       50
176
     1
 90
        3
176
     1
 62
     5
420
      255
176
     1
290
     0
176
     1
 90
       50
176
     1
 90
       50
176
     1
 90
       50
176
     1
290
     0
176
     1
 90
       50
176
     1
 62
   256
176
     0
 40
1.0
176
     0
 90
        2
176
     1
  1
strokes_ogs.tif
176
     1
290
     0
176
     1
 40
1.0
176
     1
 40
1.0
176
     1
  0
VISUALSTYLE
  5
FC
102
{ACAD_REACTORS
330
EF
102
}
330
EF
100
AcDbVisualStyle
  2
Thicken
 70
    13
177
     3
291
     1
 70
    58
 90
        2
176
     1
 90
        2
176
     1
 90
        1
176
     1
 90
        0
176
     1
 40
0.6
176
     1
 40
30.0
176
     1
 62
     7
420
 16777215
176
     1
 90
        1
176
     1
 90
        4
176
     1
 62
     7
176
     1
 62
   257
176
     1
 90
        1
176
     1
 90
        1
176
     1
 40
1.0
176
     1
 90
       12
176
     1
 62
     7
176
     1
 40
1.0
176
     1
 90
        1
176
     1
 90
        6
176
     1
 90
        2
176
     1
 62
     7
176
     1
 90
        5
176
     1
 90
        0
176
     1
 90
        0
176
     1
290
     0
176
     1
 90
        1
176
     1
 40
0.0
176
     1
 90
        0
176
     1
290
     0
176
     1
290
     1
176
     1
290
     1
176
     1
290
     0
176
     1
290
     0
176
     1
290
     0
176
     1
290
     0
176
     1
290
     0
176
     1
290
     0
176
     1
 90
       50
176
     1
 40
0.0
176
     1
 40
1.0
176
     1
 90
        0
176
     1
 62
    18
176
     1
 90
       50
176
     1
 90
        3
176
     1
 62
     5
420
      255
176
     1
290
     0
176
     1
 90
       50
176
     1
 90
       50
176
     1
 90
       50
176
     1
290
     0
176
     1
 90
       50
176
     1
 62
   256
176
     0
 40
1.0
176
     0
 90
        2
176
     1
  1
strokes_ogs.tif
176
     1
290
     0
176
     1
 40
1.0
176
     1
 40
1.0
176
     1
  0
VISUALSTYLE
  5
F6
102
{ACAD_REACTORS
330
EF
102
}
330
EF
100
AcDbVisualStyle
  2
Wireframe
 70
     5
177
     3
291
     0
 70
    58
 90
        0
176
     1
 90
        2
176
     1
 90
        0
176
     1
 90
        0
176
     1
 40
0.6
176
     1
 40
30.0
176
     1
 62
     7
420
 16777215
176
     1
 90
        1
176
     1
 90
        4
176
     1
 62
     7
176
     1
 62
   257
176
     1
 90
        1
176
     1
 90
        1
176
     1
 40
1.0
176
     1
 90
        0
176
     1
 62
   257
176
     1
 40
1.0
176
     1
 90
        1
176
     1
 90
        6
176
     1
 90
        2
176
     1
 62
     7
176
     1
 90
        3
176
     1
 90
        0
176
     1
 90
        0
176
     1
290
     0
176
     1
 90
        1
176
     1
 40
0.0
176
     1
 90
        0
176
     1
290
     0
176
     1
290
     1
176
     1
290
     1
176
     1
290
     0
176
     1
290
     0
176
     1
290
     0
176
     1
290
     0
176
     1
290
     0
176
     1
290
     0
176
     1
 90
       50
176
     1
 40
0.0
176
     1
 40
1.0
176
     1
 90
        0
176
     1
 62
    18
176
     1
 90
       50
176
     1
 90
        3
176
     1
 62
     5
420
      255
176
     1
290
     0
176
     1
 90
       50
176
     1
 90
       50
176
     1
 90
       50
176
     1
290
     0
176
     1
 90
       50
176
     1
 62
   256
176
     0
 40
1.0
176
     0
 90
        2
176
     1
  1
strokes_ogs.tif
176
     1
290
     0
176
     1
 40
1.0
176
     1
 40
1.0
176
     1
  0
VISUALSTYLE
  5
1F1
102
{ACAD_REACTORS
330
EF
102
}
330
EF
100
AcDbVisualStyle
  2
X-Ray
 70
    25
177
     3
291
     0
 70
    58
 90
        2
176
     1
 90
        2
176
     1
 90
        1
176
     1
 90
        1
176
     1
 40
0.5
176
     1
 40
30.0
176
     1
 62
     7
420
 16777215
176
     1
 90
        1
176
     1
 90
        0
176
     1
 62
     7
176
     1
 62
   257
176
     1
 90
        1
176
     1
 90
        1
176
     1
 40
1.0
176
     1
 90
        8
176
     1
 62
     7
176
     1
 40
1.0
176
     1
 90
        1
176
     1
 90
        6
176
     1
 90
        2
176
     1
 62
     7
176
     1
 90
        3
176
     1
 90
        0
176
     1
 90
        0
176
     1
290
     0
176
     1
 90
       13
176
     1
 40
0.0
176
     1
 90
        0
176
     1
290
     0
176
     1
290
     1
176
     1
290
     1
176
     1
290
     0
176
     1
290
     0
176
     1
290
     0
176
     1
290
     0
176
     1
290
     0
176
     1
290
     0
176
     1
 90
       50
176
     1
 40
0.0
176
     1
 40
1.0
176
     1
 90
        0
176
     1
 62
    18
176
     1
 90
       50
176
     1
 90
        3
176
     1
 62
     5
420
      255
176
     1
290
     0
176
     1
 90
       50
176
     1
 90
       50
176
     1
 90
       50
176
     1
290
     0
176
     1
 90
       50
176
     1
 62
   256
176
     0
 40
1.0
176
     0
 90
        2
176
     1
  1
strokes_ogs.tif
176
     1
290
     0
176
     1
 40
1.0
176
     1
 40
1.0
176
     1
  0
DICTIONARYVAR
  5
146
102
{ACAD_REACTORS
330
5E
102
}
330
5E
100
DictionaryVariables
280
     0
  1
1:100
  0
DICTIONARYVAR
  5
259
102
{ACAD_REACTORS
330
5E
102
}
330
5E
100
DictionaryVariables
280
     0
  1
3.500000
  0
DICTIONARYVAR
  5
25A
102
{ACAD_REACTORS
330
5E
102
}
330
5E
100
DictionaryVariables
280
     0
  1
acadiso.lin
  0
DICTIONARYVAR
  5
145
102
{ACAD_REACTORS
330
5E
102
}
330
5E
100
DictionaryVariables
280
     0
  1
STANDARD
  0
DICTIONARYVAR
  5
84
102
{ACAD_REACTORS
330
5E
102
}
330
5E
100
DictionaryVariables
280
     0
  1
STANDARD
  0
DICTIONARYVAR
  5
227
102
{ACAD_REACTORS
330
5E
102
}
330
5E
100
DictionaryVariables
280
     0
  1
Metric50
  0
DICTIONARYVAR
  5
228
102
{ACAD_REACTORS
330
5E
102
}
330
5E
100
DictionaryVariables
280
     0
  1
Metric50
  0
DICTIONARYVAR
  5
5F
102
{ACAD_REACTORS
330
5E
102
}
330
5E
100
DictionaryVariables
280
     0
  1
2
  0
DICTIONARYVAR
  5
63
102
{ACAD_REACTORS
330
5E
102
}
330
5E
100
DictionaryVariables
280
     0
  1
1
  0
DICTIONARYVAR
  5
4B2
102
{ACAD_REACTORS
330
5E
102
}
330
5E
100
DictionaryVariables
280
     0
  1
BYLAYER
  0
DICTIONARYVAR
  5
4B1
102
{ACAD_REACTORS
330
5E
102
}
330
5E
100
DictionaryVariables
280
     0
  1
ByLayer
  0
DICTIONARYVAR
  5
1AE
102
{ACAD_REACTORS
330
5E
102
}
330
5E
100
DictionaryVariables
280
     0
  1
0
  0
DICTIONARYVAR
  5
1AF
102
{ACAD_REACTORS
330
5E
102
}
330
5E
100
DictionaryVariables
280
     0
  1
0
  0
DICTIONARY
  5
205
330
22
100
AcDbDictionary
280
     1
281
     1
  0
DICTIONARY
  5
1F9
330
ED
100
AcDbDictionary
280
     1
281
     1
  3
FBXASSET
360
1FA
  0
DICTIONARY
  5
1F7
330
EC
100
AcDbDictionary
280
     1
281
     1
  3
FBXASSET
360
1F8
  0
DICTIONARY
  5
173
330
EE
100
AcDbDictionary
280
     1
281
     1
  3
BUMPTILE
360
175
  3
DIFFUSETILE
360
174
  3
FBXASSET
360
1FB
  3
OPACITYTILE
360
176
  3
REFLECTIONTILE
360
177
  0
DICTIONARY
  5
162
330
7F
100
AcDbDictionary
280
     1
281
     1
  3
ACAD_ROUNDTRIP_2008_TABLESTYLE_CELLSTYLEMAP
360
208A
  0
XRECORD
  5
1FA
102
{ACAD_REACTORS
330
1F9
102
}
330
1F9
100
AcDbXrecord
280
     1
 70
     1
 90
429727718
  1
D62C5603-E3A1-4AEA-B7FB-FE5D8D0755AF
310
504B03040A0000080000CC70623B3DEE336E79000000790000001B0000006175746F6465736B2D64657369676E2D7061636B6167652E786D6C3C3F786D6C2076657273696F6E3D22312E302220656E636F64696E673D227574662D3822203F3E3C666F726D6174733E3C666F726D61743E687474703A2F2F736368656D612E
310
6175746F6465736B2E636F6D2F64657369676E2D7061636B6167652F323030393C2F666F726D61743E3C2F666F726D6174733E504B0304140006080800CC70623BD486FD9CA0000000F4000000130000005B436F6E74656E745F54797065735D2E786D6C7D8EC10E82300C865F65E91D8A1E8C310C0EEA1BF002731658846E
310
D98AC1B77784ABF1D8FE5FBFBF75BBCE937A534CCEB38643598122B6FEE978D0B0485F9C41B54DDD7D022595594E1A469170414C76A4D9A4D207E29CF43ECE46F218070CC6BECC4078ACAA135ACF422C856C0E68EA1BF5669944DDD7BCDE7B1F8E415D77AECB980613C2E4AC91FC167A2B244592486606FC29C8FD7F045B9A
310
EF7053A7E60B504B0304140006080800CC70623B853B8169EB0000007C01000008000000636F72652E786D6C8D90416EC3201045AF62CDB6C206821CC7C244919D9CA01740401C94182C03558F5F9C3852BBEB6A467FFE9B197D7EFC9E1EC5975982F5AE035262288C535E5B377690E21535501C055FBC8FBF6C503839990E
310
5619041F179FE64D52DE45E362569DD7661365082642A11EB9E920A89B99642953CC8E702F67A9EE7234257977194EC9EAE275C4EABCCF5EAD5940D4AC6F0E35A568B8F43562CD7046CD199FD07E60174276A7BE677B5EADB0E0D14EEFFB6A31321A0D82627C4084204C3F096B71DD52F6819B16635EADF63F509AF53FA164
310
5DDCD1EDDD17164090FCC8732078B56691CB33A85CD7DCC40F504B0304140006080800CC70623B55019EA25F0000007C00000007000000636E782E786D6C4DCB3B0E80201045D1AD90E915ED2CF8AC45050C11660C8261F98AB1B07AC9C97D42D718D865D3E909258CFD00CCE24AC6E326A164D74DC0B4128928FF32603847
310
2BA13128B1252AC747C6BAB984FC68F0B87FE8960A5C09FE86CFB69FBA01504B0304140006080800CC70623BDBABAAF470010000D40300000C0000006662782F636F72652E786D6CC553D16E823014FD95A6AF4B694182CC941A83FA05FB810A9511A125A5257EFE2E82712ECEB8A7F100CD39F7F69E734AF9FADC366850B6
310
AF8DCE7018308C942E4C59EB2AC3DE1D498AD15A706B8CFB56869196ADCAF00863C12B6B7C374385D14E6907A836A59A41D9F7CA615434B0C8705F7CAA5606D23BA8E84F41278B93AC54100640439DE0BDB320004D43C63716C7C399D30917DCFBBA9CD9BA8469F5B156168B24CED3F7248AC8769F27244EB73B92EED8862C
310
B7F13E0C179B3C8F979C8ECD82BBBABDAA2BAC924E9558448CBD9330242CFA08E3154B5651FCC6D215639C8EE5774DBE2B5F6CF2B5768B68963BB5F5588420E442FC700B1139D4CB01F450C1E918227C2E09DF070D8140C84E1E9AAB8F1340832A9CB13130A5F1376A908D57309505ECF2A0DF179C4E9D30F5B239B87E3823
310
7A79C6F31DE1A8A5AEC08474B03C7837EAE4938639B44E5932B833D2C6B6B279CDC613877FA26EE21F4A2A4C63EC7F29A2F301D1F9F7A0E37D145F504B0304140006080800CC70623B9C113CC27E0000009D0000000B0000006662782F636E782E786D6C4DCCDF0A83201C86E15B91DFB94BFB330DD428C8FB886521330DA7
310
6397BF1A1DECE883878F57749FCDA1B7892F1BBC047A23808C7F84D9FA55424E0BE6803A256208E9EF06C84F9B91703228B1C690F78B66B34CD9A5439DF5CF0BFBF65E35BCA1B8D6A5C6F540381E886698B5741C695F9503EBA150A2F8958E3DC3EA0B504B0304140006080800CC70623B7DF2F77C2A010000120200003100
310
00006662782F41393633353835312D344632462D344230382D423046372D3739314545314133324237412F636F72652E786D6C8D51DB8EC22014FC15C2939B0D2DB4B45643319AE817EC0F6041255A68B86CFCFC856D4D76DF7CE190393373060EDB3DC707F856CE6B6B7A480A0C81328395DA5C7B18C3057510EC3873D686
310
3F34088C18550F330C39BB3A1BA7051AAC09CA84841A2BD5020AEF55806078A44B0FFD7053A328440C89E1EFC52486BBB8AA8214A99D789CF9E05200300FC927E4FB4D5B375D43103D5527440FB843077C5AA3F5861C8F645F5787F59E95B390B318B55CE45AA638FAA2957BD7248B390B7A7CC51F9C124149C82B8C378810
310
84AB2F42B7B8DD56F413775B8C5999E9FF4471926F8AA236A1AE96B8B3CC434E5839373893369E1FAF30EA395917409EB7F26AF8801C171837A4A6AC9C89E9F9C9B1A58BA30FD6A5EF5DDDCF894B9AD9B6A59C957943A9FCAE2FD5BC4DFE03504B0304140006080800CC70623BAD7543B64E01000033030000300000006662
310
782F41393633353835312D344632462D344230382D423046372D3739314545314133324237412F636E782E786D6CD593CD6EC32010845F0571AD6CE3D48AD20813A9873E410FBD12D82434182C7EAAE6EDBB2424CD25871E7B41D6EC30B3FA84F9E67BB2E40B4234DE8DB46F1925E094D7C6ED479AD3AE5951B2113C789FEE
310
6C943839C1488B4C05DF079FE72A69D8C96C13AAD6B8631503449F83828872B949AC57D26200B826A308D316B4064D6E46FCDA41C05550DC9E483A00797BFD207EFB092A45DE9514C1BBD22178396BD39D891265658C238DEA00936C654E5E433CB65A26D9F6EDB5EBC14EBF49A45CB856E66048291F6939A9A81BB5C89177
310
38143CA680F4AA299D66A042CEB3354A2684DC9D8D178FE0D9B8B41CAAD720F880EE7EF93C0C18769E099ECC04D5A102C8049A8A05632F4DDF376CF1DE0F6BB65C2F8627B65A33C6BB62177CEBBDAD973006829F89F22E814B54F4BC2BE347F8AA8F681390B50FA73F804400B5F542E796F19FF974E7F78DB802FE05E20750
310
4B0304140006080800CC70623BE75B7789680500003C100000340000006662782F41393633353835312D344632462D344230382D423046372D3739314545314133324237412F6F626A656374732E786D6CAD575B8F9B3818FD2B887D06C22499CB8AA1CA655245D5B455A356FB305264C061D8018C6C3393D95FBFC7600890
310
A4CD5EF210B0B1BFEBF98E3F7B1FF6596ABC522E1296DF9BAE3D320D9A872C4AF2F8DE2CE5CEBA358D0FBEC719939D65A691938CDE9B6ADAF4BD98B3B2D05311DD91329583D9D5FC0F438434A7A611A644887B5384CF34233629258BA878B12322891DEFF6B66BD70BFB62634E8AE781D082709A4B588AF91C528CDA28B73F
310
1C998EEF39EABBEFA97FBD6A7C7E9553F9D3D79FE442923C3C523610337627CB87ABE99D359D4CC6D6E4FACAB5E6ABF9D2726FC6A3C5F56271377BB88362213924694B38DD99FE47C48627A1E7D49F5A8BB5E1A74C0A599ED3B0F21F1E56366B89112D681E218F0915D0D6F17AD41FBA2A369DCF6335D62ABBD39779D5DDD1
310
11D4D8DE3CBB96B2E04FB8202E41051754A1AA8E8F76B4C6DFE810B580B1547F4B84911149794252234D024EF8BBE963A95AE27B3D310A9D5C215C7960FAEE415ED75694C6AFB17BCACA5D99A60A9AA65F217B0BFC53292ACB92BF283FAD0D3621576592CB5BED907C2FA8E9DF794E35E97BEA31BED21FEB401ABB94C44839
310
DCACBF0E1C5DA8DA5B2F4DFFD32AD86F543D9E565E7056502E157C00AD2671CD534549AB752FCA9CDA00677A313F04E51B22FF19E57B300579E3C97EB29F682D92935CEC18CF901B7B54FD8C51F362B56FC72FE0B3C1EAE335EDCCBF5AEC39ADB17DC238973F804BA5E6F6BFE7AF1FB32E523BE9F3BD571418E3631DCA4D48
310
5250CF639223210A9446CA30052EDF057BD35F8329C1ECD84552BF0DC8D18BE7BCE23BFE6BD960AB4A7DE79923A103BEBD80F911CBAA2C60DB19B01CF164A5583B772EE6D3FFA56666CBCDA74DC97724A48F9A58967497E489C4D979006FD7A05E227A1EBDD0F737C623387A9C844D3709995625106D157315F8B8392CD4E0
310
A0B9A720C4BE9829CEF37EA1E13111214D53925356365ADA634861B52519DD27A00AEB808EAF0628E6F435519D446F45CF2C9CF5214F0A15B2F6D06B79DA3EE3CBF7F56780D2F4E7EF73A0F5E5B02A38D07DC852C6B7C1FBB6664213E0C39E3EBA7FF4E1AD23EA2829407C85E586727488B751B2DB9502BC7B228A3FD68B6E
310
A65A22397E690AA8D158D7E404EC8CDA235CC3B7D1898680131CEC2CDF2638C65196279577750F15884AEE19F94199155B92B13297978469D4F8D358DF0AEF7631E28DC8F0D9F437D5D39A83B2231A1D52D543813A824EF8D44BCFF2FA6A31BD1E8DAD87F1CCB526B3879935BF59CDADD5C37479BB1CDD4CA7B3556B516589
310
EF352754B706114D9C885EC9131DE6EFEB43D99AFE2391C2F958179413D7CFEF6B1B6DB1E7600F00DE6E5C67454A339A4BA2E0FBA85ED26F045D454F463DBFCE484C2F90F2E5E3666003662ED8F755951A7D1BECD5B30B550B2785C8E7320B7292A4838DDA71BBC863ED7613CAF659337A3354231D4FF4A182A54904C2898C
310
98B28C4AD0CE056CCF332A80986E571EE9DBC305BB5FEB7E509220A58D25CF042D712A806AC0AD0C657FDEF80D2D9CEAA2EE4D1C76F60BFE74219A06527D6F82DF6412526107381E55E353090704D085B52408A8913C4ED159D79BDA71BB4BC506F4831350EB6F975CD22D69BF7AC49B91A2C0A9DDA3D5CA36AD20FC478E37
310
E61844E2352865EBCB61A275A65283CAAA9DD27703B4102F5AF51EF5F573B75CBB5AD38BC845F7A49F82A0966A49C2E3EA5EA0ECD326CD965F1DB402C6FA8B51A4658C5C5E2EC9E214602E55810345408596591009A82E7E7FFACA19EEA299B14A0081A705CB3296EBC14CDF658DCD336EA6D1136881AAEB87B81AB9EE53D5
310
F5EB8BC8362082DA24122F98680A4E7930C01A0079749CEA14382A0783E5EBA5A10F8C098456A03D6A4AEB6BB881E2513747552A5DB22C7EDAF83BD5528081A365F7FF06504B0304140006080000CC70623B000000000000000000000000350000006662782F41393633353835312D344632462D344230382D423046372D37
310
39314545314133324237412F76657274696365732E62696E504B0304140006080800CC70623BF270F1330600000004000000360000006662782F41393633353835312D344632462D344230382D423046372D3739314545314133324237412F747269616E676C65732E62696E636660600000504B0304140006080000CC7062
310
3B000000000000000000000000370000006662782F41393633353835312D344632462D344230382D423046372D3739314545314133324237412F617474726962757465732E62696E504B0304140006080800CC70623B08DA0BD19000000041010000360000006662782F41393633353835312D344632462D344230382D4230
310
46372D3739314545314133324237412F6469726563746F72792E786D6C858F410AC3201045AF22B36F53E9A60B35CBEEBAE80D244E44489C6234F4F835464A48035D0DF398FF9F8AF63D0E6CC63039F212F8F9020C7D47C6792B21C5FE7403D62A1188E2E60C98D7234A5830286103A55745067B9D86B8A3CF9C7F90C11DE6
310
07FB144396D7B6A82D282E9A152AD114D5EF2CB866EEE831B8EEA07A7BB5A8D7D61A2BAAEB7FD5F70921FF497D00504B0304140006080800CC70623BEDD1DC58FD000000A00100003B0000006662782F41393633353835312D344632462D344230382D423046372D3739314545314133324237412F7265736F75726365732F
310
636F72652E786D6C8D504B6E833010BD0A9A6D65B00922041947112427E8052C33A156828DFCA97AFC9A40A576D7CDCCE87D344F8F9FBFE667F689CE6B6B3A6039850C8DB2A336530731DC4903D95970676DF82583CCC8193B5861107C72362E3BA4AC096842428D1D7107A5F7182053CF7474E0D507CE32973124857FE48B
310
540F3961CEF244279DE03EB81420DB9EAC1384436FA353E879B1B182C7A8C75DA3C7F453DF353A1075D537A7BA6464B8F535A99AE14A9A2BBD90E350DD183B5CFABE3AF262350B1EF4FC9351399401471025A527C218A1E53BAB5A5AB765F5469B96525EACF23FA6B88CFF34456DC2A1DCE36E360F82A5202F42F062ED2BAD
310
579969AFDD8A6F504B010214000A0000080000CC70623B3DEE336E79000000790000001B00000000000000000000000000000000006175746F6465736B2D64657369676E2D7061636B6167652E786D6C504B01021400140006080800CC70623BD486FD9CA0000000F40000001300000000000000000000000000B20000005B
310
436F6E74656E745F54797065735D2E786D6C504B01021400140006080800CC70623B853B8169EB0000007C010000080000000000000000000000000083010000636F72652E786D6C504B01021400140006080800CC70623B55019EA25F0000007C000000070000000000000000000000000094020000636E782E786D6C504B
310
01021400140006080800CC70623BDBABAAF470010000D40300000C00000000000000000000000000180300006662782F636F72652E786D6C504B01021400140006080800CC70623B9C113CC27E0000009D0000000B00000000000000000000000000B20400006662782F636E782E786D6C504B01021400140006080800CC70
310
623B7DF2F77C2A010000120200003100000000000000000000000000590500006662782F41393633353835312D344632462D344230382D423046372D3739314545314133324237412F636F72652E786D6C504B01021400140006080800CC70623BAD7543B64E010000330300003000000000000000000000000000D2060000
310
6662782F41393633353835312D344632462D344230382D423046372D3739314545314133324237412F636E782E786D6C504B01021400140006080800CC70623BE75B7789680500003C10000034000000000000000000000000006E0800006662782F41393633353835312D344632462D344230382D423046372D3739314545
310
314133324237412F6F626A656374732E786D6C504B01021400140006080000CC70623B0000000000000000000000003500000000000000000000000000280E00006662782F41393633353835312D344632462D344230382D423046372D3739314545314133324237412F76657274696365732E62696E504B01021400140006
310
080800CC70623BF270F133060000000400000036000000000000000000000000007B0E00006662782F41393633353835312D344632462D344230382D423046372D3739314545314133324237412F747269616E676C65732E62696E504B01021400140006080000CC70623B0000000000000000000000003700000000000000
310
000000000000D50E00006662782F41393633353835312D344632462D344230382D423046372D3739314545314133324237412F617474726962757465732E62696E504B01021400140006080800CC70623B08DA0BD1900000004101000036000000000000000000000000002A0F00006662782F41393633353835312D344632
310
462D344230382D423046372D3739314545314133324237412F6469726563746F72792E786D6C504B01021400140006080800CC70623BEDD1DC58FD000000A00100003B000000000000000000000000000E1000006662782F41393633353835312D344632462D344230382D423046372D3739314545314133324237412F7265
310
736F75726365732F636F72652E786D6C504B0506000000000E000E0080040000641100000000
  0
XRECORD
  5
1F8
102
{ACAD_REACTORS
330
1F7
102
}
330
1F7
100
AcDbXrecord
280
     1
 70
     1
 90
429727718
  1
30362254-06B7-45E0-A893-8CFA70E3D6BC
310
504B03040A0000080000CC70623B3DEE336E79000000790000001B0000006175746F6465736B2D64657369676E2D7061636B6167652E786D6C3C3F786D6C2076657273696F6E3D22312E302220656E636F64696E673D227574662D3822203F3E3C666F726D6174733E3C666F726D61743E687474703A2F2F736368656D612E
310
6175746F6465736B2E636F6D2F64657369676E2D7061636B6167652F323030393C2F666F726D61743E3C2F666F726D6174733E504B0304140006080800CC70623BD486FD9CA0000000F4000000130000005B436F6E74656E745F54797065735D2E786D6C7D8EC10E82300C865F65E91D8A1E8C310C0EEA1BF002731658846E
310
D98AC1B77784ABF1D8FE5FBFBF75BBCE937A534CCEB38643598122B6FEE978D0B0485F9C41B54DDD7D022595594E1A469170414C76A4D9A4D207E29CF43ECE46F218070CC6BECC4078ACAA135ACF422C856C0E68EA1BF5669944DDD7BCDE7B1F8E415D77AECB980613C2E4AC91FC167A2B244592486606FC29C8FD7F045B9A
310
EF7053A7E60B504B0304140006080800CC70623B1EC5D7A3EB0000007C01000008000000636F72652E786D6C8D90416EC3201045AF82665B6103C6756C6122AB4D4ED00B204C5C94182C03558F5F9C3852BBEB6A467FFE9B197D71FC9E6FE8CBACC17AD7032D0820E3B41FAD9B7A48F1820F808E52ACDEC75F36404ECDA687
310
4D0629A6D5A76597B477D1B89855E747B38B2A041301E95B6E7A08FAD3CCAA50296647B8168BD2573599823EBB0CA76447F43862C7BCCF5EAC59410E4DDD9C7973C2755553CCCFA4C603E3040F1565ED3B1FDE4E432BCA0D9622DAF9795FAF464533826484B498524CD807E51D79ED187F21878E10516EF63F505AC67F42C9
310
BA58B1FDDD071640D2FCC87D2045B96591CB3DA85CB7DCE40F504B0304140006080800CC70623B55019EA25F0000007C00000007000000636E782E786D6C4DCB3B0E80201045D1AD90E915ED2CF8AC45050C11660C8261F98AB1B07AC9C97D42D718D865D3E909258CFD00CCE24AC6E326A164D74DC0B4128928FF32603847
310
2BA13128B1252AC747C6BAB984FC68F0B87FE8960A5C09FE86CFB69FBA01504B0304140006080800CC70623B8C9102E971010000D40300000C0000006662782F636F72652E786D6CC5535B6E833010BC8AE5DF0A6C08340F1947A84D4ED00B38C6A128602363A31CBFCB234A53A551FA553EC09AD9F5CE8C31DB9E9B1AF5CA
310
7695D1198E428A91D2D214952E33ECDD315861B4E5CC1AE3BE9561A445A3323CC098B3D21ADFCE9034DA29ED00D5A6503328BA4E398C640D8B0C77F253352214DE4145770A5B214FA2546114020D759C75CE8200340D19DE981F0F6746269C33EFAB6266AB02A655C74A59CCF365BADC27CB5D902ED22848F6340DF238A141
310
BE88E2F57B92BFEDF23523433367AE6A2EEAA455C2A902F398D2751045018D3FA264435F3771F242571B4A1919CA6F9A7C5B3CD9E42BED16F12C776AEB308F40C848FC700B1139D4891EF410CEC810227CC6846F8386402064270EF5C5C709A05E49676C024C61FC95EA45ED154CA5211D1FF4FB8291A913A68E9B83EBBB33
310
E2A7673CDE118E5AE8124C0807CB8377834E366998436B950D7A7746DAD846D4CFD978E0F04FD455FC5D49D2D4C6FE9722321F10997F0F32DC47FE05504B0304140006080800CC70623BFFEA85907E0000009D0000000B0000006662782F636E782E786D6C4DCCD10A83201886E15B91FFDC95D95A811AB6F23E625948A6C3
310
E9D8E5AF46073BFAE0E1E365ED67B3E8ADC3CB78C7815C7240DA3DFC64DCC221C519D7805AC182F7F1EF06C88D9BE6703008B6049F9E274D7A1E938DBB5AE3D6131B2589BA0D3D965551E0B2EA732C9B9A624AAEB41E3A557677029960D9AFB4EF11165F504B0304140006080800CC70623B4FEEA4082C0100001202000031
310
0000006662782F39464131463745442D413632322D343644302D413938332D3331353338454246344243312F636F72652E786D6C8D515B6EC32010BC0AE2AB55850DD871ED0813254D72825EC00192A2C460F1A872FC42ED48ED5F7E00CDCECCCEB26C731F6FE05B39AFADE921293004CA082BB5B9F43086336A21D870E6AC
310
0D7F68109861543DCC30E4ECE26C9C164858139409093556AA051CBC570102714B8F1E7AF1A5C6A11862480C7F2DA6415C878B2A4891CA89C7990F2E050073937C42DE1DB7E4F87ED8A36D4329AA9B3D46DBAEAD504556557BD81DEBDD0761E52CE42C462D17B996298E3E6BE59E35C962CE821E1FF18553435012728A7187
310
0841987E927A8D9B35ADDF70BBC6989599FE4F1427F9A4286A132ABAC49D651EF234CD5CE04CDA78BA3DC2A8FB645D00B9DF8B57E215725C60BCA2A463E54C4CE327C7A65E1C7DB02E7DEFCBF594B864C5CA6CDBD49C957943E9FA5D5FBAF336F90F504B0304140006080800CC70623BAD7543B64E01000033030000300000
310
006662782F39464131463745442D413632322D343644302D413938332D3331353338454246344243312F636E782E786D6CD593CD6EC32010845F0571AD6CE3D48AD20813A9873E410FBD12D82434182C7EAAE6EDBB2424CD25871E7B41D6EC30B3FA84F9E67BB2E40B4234DE8DB46F1925E094D7C6ED479AD3AE5951B2113C
310
789FEE6C943839C1488B4C05DF079FE72A69D8C96C13AAD6B8631503449F83828872B949AC57D26200B826A308D316B4064D6E46FCDA41C05550DC9E483A00797BFD207EFB092A45DE9514C1BBD22178396BD39D891265658C238DEA00936C654E5E433CB65A26D9F6EDB5EBC14EBF49A45CB856E66048291F6939A9A81BB5
310
C8917738143CA680F4AA299D66A042CEB3354A2684DC9D8D178FE0D9B8B41CAAD720F880EE7EF93C0C18769E099ECC04D5A102C8049A8A05632F4DDF376CF1DE0F6BB65C2F8627B65A33C6BB62177CEBBDAD973006829F89F22E814B54F4BC2BE347F8AA8F681390B50FA73F804400B5F542E796F19FF974E7F78DB802FE05
310
E207504B0304140006080800CC70623B16AB87BA640500003C100000340000006662782F39464131463745442D413632322D343644302D413938332D3331353338454246344243312F6F626A656374732E786D6CAD575B6FA33818FD2B887DE6924B3BED8A326A92B68A663B534DD4D13E548A0C38942D60649B369D5FBFC7
310
600890A493BDE42160637FD7F31D7FF63E6FB3D478A55C242CBF3247B66B1A340F5994E4F19559CA8D75611A9F7D8F33263BCB4C232719BD32D5B4E97B316765A1A722BA21652A07B3B7B33F0D11D29C9A46981221AE4C113ED38CD8A4942CA2E2C58E882476BCD9DA23BB5ED8171B73523C0F841684D35CC252CCE79062D4
310
468DFA43D7747CCF51DF7D4FFDEB5593E3AB9CCA9FBEFE241792E4E19EB28198C968BAB8199F5D5A67D3E9C49A9E8F47D6EC76B6B0469F26EEFC7C3EBFBCBEB98462213924694B38DD98FE1D62C393D073EA4FADC5DAF04326852CCF6958F90F0F2B9BB5C48816348F90C7840A68EB78EDF68723159BCEE7891A6B95DDE9D3
310
BCEAEEE8086A6C6F9E5D4B59F0175C10A7A0820BAA5055C7473B5AE3CFDD452D602CD5DF12616444529E90D448938013FE6EFA58AA96F85E4F8C42275708571E98FE6827AF6B2B4AE3D7D83D64E5A64C53054DD3AF90BD06FEA9149565C94FCA0F6B834DC85599E4F2423B24DF0B6AFA979E534DFA9E7A4CC6FA631D486393
310
921829879BF5D781A373557BCB85E97FB90DB62B558F8795179C15944B051F40AB495CF35451D26A4727654E6D8033BD98EF82F21D91FF8AF2DD9982BCF1643BDD4EB516C9492E368C67C88DED563FC36D5EACF66DFF057C3658BDBFA69DF9578B3DA735B64F18C7F20770A9D45CFCF7FCF563D6456A277DBEF78A02637CA2
310
43B90A490AEAB94F72244481D24819A6C0E59B606BFA4B3025981DBB48EAB701D97BF19C577CC77F2D1B6C55A9EF3C732474C0B727303F625995056C3B02963D9EAC146BE78EC5FCEC7FA999EBC5EACBAAE41B12D27B4D2C0BBA49F244E2ECDC81B76B502F113D8F5EE8FB1BE3111CDD4FC2AA9B844CAB1288B68AB90A7CDC
310
1C166AB0D3DC5310625FCC14E779BFD0709F8890A629C9292B1B2DED31A4B0DA928CEE135085754027E3018A397D4D5427D15BD1330B677DC8934285AC3DF45A9EB68FF8F2B8FC0A509AFEECFD0FF2DE25CC6047F7214B195F07EFEB9A094D800F7BFAE8FED187B78EA8A3A400F115961BCAD1215E47C966530AF0EE8128FE
310
58CEBB996A8964FFA529A046635D9353B0336A8F700DDF46271A024E70B0B37C9DE01847591E54DED53D54202AB947E4076556AC49C6CA5C9E1226B7F1A7B1BE15DEED62C41B91E1B3E9AFAAA735036547343A925075041DF0A9979E893B391F8FCFA6967B3EFB644DCF6E5CEBFAE272625DCC6FAF3FB93793C5F90CE1EF57
310
407342756B10D1C489E8953CD1617E5CEECAD6F4EF8914CE5D5D504E5C3F1F9736DA62CFC11E00BCDDB8CC8A9466349744C1F75EBDA4DF09BA8A9E8C7A7E9991989E20E5DBDD6A6003664ED8F7A04A8DBE0DF6EAD9B9AA858342E47399053949D2C146EDB85DE4B176BB0965FBAC19BD19AA918E27FA50C1D22402E144464C
310
59462568E704B6E71915404CB72B8FF4EDE184DDAF753F284990D2C6926782963815403548A70C657FDEF80D2D9CEAA2AE4C1C76F60BFE74219A06527D6582DF6412526107381E55E353090704D085B52408D0933C4ED159D79BDA71BB4BC506F4831350EB6F979CD22D69BF7AC49B91A2C0A9DDA3D5CA36AD20FC478E37E6
310
1844E2352865EBCB6EA275A652E3836BE04EFB400BF1A2556F515F1FBB35B2AB35BD889C744FFA1004B5544B121E57F70215746DD2F5E2C1412B602CBF19455AC6C8E5E9922C4E01E65215385004546899059180EAFCF7A707CE7017CD8CDB0410789AB32C63B91E5CEBBBACB17AC6CD347A022D5075FD106377347AAABA7E
310
7D11590744509B44E205134DC1290F06580320F78E537D3D73540E06CB970B431F185308AD40BBD794D6D77003C5A36E8EAA54BA64597CD8F83BD552A080A365F7FF06504B0304140006080000CC70623B000000000000000000000000350000006662782F39464131463745442D413632322D343644302D413938332D3331
310
353338454246344243312F76657274696365732E62696E504B0304140006080800CC70623BF270F1330600000004000000360000006662782F39464131463745442D413632322D343644302D413938332D3331353338454246344243312F747269616E676C65732E62696E636660600000504B0304140006080000CC70623B
310
000000000000000000000000370000006662782F39464131463745442D413632322D343644302D413938332D3331353338454246344243312F617474726962757465732E62696E504B0304140006080800CC70623B08DA0BD19000000041010000360000006662782F39464131463745442D413632322D343644302D413938
310
332D3331353338454246344243312F6469726563746F72792E786D6C858F410AC3201045AF22B36F53E9A60B35CBEEBAE80D244E44489C6234F4F835464A48035D0DF398FF9F8AF63D0E6CC63039F212F8F9020C7D47C6792B21C5FE7403D62A1188E2E60C98D7234A5830286103A55745067B9D86B8A3CF9C7F90C11DE607
310
FB144396D7B6A82D282E9A152AD114D5EF2CB866EEE831B8EEA07A7BB5A8D7D61A2BAAEB7FD5F70921FF497D00504B0304140006080800CC70623B0D6EF93BFE000000A00100003B0000006662782F39464131463745442D413632322D343644302D413938332D3331353338454246344243312F7265736F75726365732F63
310
6F72652E786D6C8D50596E833010BD0A9ADFCA60B334011947A8694ED00B586642AC041B79A97AFC9A40A5F6AF3F33A3B7689E1E3F7DCD8FEC139DD7D6F4C0720A191A65476DA61E62B892236427C19DB5E1970C322367EC618541F0C9D9B8EC90B226A009093576C41D94DE63804C3DD2D18357379C652E63480A7FCF17A9
310
EE72C29CE5894E3AC17D702940B63D59270887DE46A7D0F36263058F518FBB468FE9A7BE6A7420864373B8D4873369AA8691FA421B3294352543C5CAF65C0F6FEF43CB8BD52C78D0F34F46E550061C419494B6843142CB0F5677F4B52BEB177AEC28E5C52AFF638ACBF84F53D42654E51E77B379102C05791282176B5F693D
310
CB4C7BED567C03504B010214000A0000080000CC70623B3DEE336E79000000790000001B00000000000000000000000000000000006175746F6465736B2D64657369676E2D7061636B6167652E786D6C504B01021400140006080800CC70623BD486FD9CA0000000F40000001300000000000000000000000000B20000005B
310
436F6E74656E745F54797065735D2E786D6C504B01021400140006080800CC70623B1EC5D7A3EB0000007C010000080000000000000000000000000083010000636F72652E786D6C504B01021400140006080800CC70623B55019EA25F0000007C000000070000000000000000000000000094020000636E782E786D6C504B
310
01021400140006080800CC70623B8C9102E971010000D40300000C00000000000000000000000000180300006662782F636F72652E786D6C504B01021400140006080800CC70623BFFEA85907E0000009D0000000B00000000000000000000000000B30400006662782F636E782E786D6C504B01021400140006080800CC70
310
623B4FEEA4082C0100001202000031000000000000000000000000005A0500006662782F39464131463745442D413632322D343644302D413938332D3331353338454246344243312F636F72652E786D6C504B01021400140006080800CC70623BAD7543B64E010000330300003000000000000000000000000000D5060000
310
6662782F39464131463745442D413632322D343644302D413938332D3331353338454246344243312F636E782E786D6C504B01021400140006080800CC70623B16AB87BA640500003C1000003400000000000000000000000000710800006662782F39464131463745442D413632322D343644302D413938332D3331353338
310
454246344243312F6F626A656374732E786D6C504B01021400140006080000CC70623B0000000000000000000000003500000000000000000000000000270E00006662782F39464131463745442D413632322D343644302D413938332D3331353338454246344243312F76657274696365732E62696E504B01021400140006
310
080800CC70623BF270F133060000000400000036000000000000000000000000007A0E00006662782F39464131463745442D413632322D343644302D413938332D3331353338454246344243312F747269616E676C65732E62696E504B01021400140006080000CC70623B0000000000000000000000003700000000000000
310
000000000000D40E00006662782F39464131463745442D413632322D343644302D413938332D3331353338454246344243312F617474726962757465732E62696E504B01021400140006080800CC70623B08DA0BD190000000410100003600000000000000000000000000290F00006662782F39464131463745442D413632
310
322D343644302D413938332D3331353338454246344243312F6469726563746F72792E786D6C504B01021400140006080800CC70623B0D6EF93BFE000000A00100003B000000000000000000000000000D1000006662782F39464131463745442D413632322D343644302D413938332D3331353338454246344243312F7265
310
736F75726365732F636F72652E786D6C504B0506000000000E000E0080040000641100000000
  0
XRECORD
  5
175
102
{ACAD_REACTORS
330
173
102
}
330
173
100
AcDbXrecord
280
     1
270
     1
271
     1
  0
XRECORD
  5
174
102
{ACAD_REACTORS
330
173
102
}
330
173
100
AcDbXrecord
280
     1
270
     1
271
     1
  0
XRECORD
  5
1FB
102
{ACAD_REACTORS
330
173
102
}
330
173
100
AcDbXrecord
280
     1
 70
     0
 90
1673772943
  1
ECE7A1D2-D628-4531-984C-D00F80459256
310
504B03040A0000080000CC70623B3DEE336E79000000790000001B0000006175746F6465736B2D64657369676E2D7061636B6167652E786D6C3C3F786D6C2076657273696F6E3D22312E302220656E636F64696E673D227574662D3822203F3E3C666F726D6174733E3C666F726D61743E687474703A2F2F736368656D612E
310
6175746F6465736B2E636F6D2F64657369676E2D7061636B6167652F323030393C2F666F726D61743E3C2F666F726D6174733E504B0304140006080800CC70623BD486FD9CA0000000F4000000130000005B436F6E74656E745F54797065735D2E786D6C7D8EC10E82300C865F65E91D8A1E8C310C0EEA1BF002731658846E
310
D98AC1B77784ABF1D8FE5FBFBF75BBCE937A534CCEB38643598122B6FEE978D0B0485F9C41B54DDD7D022595594E1A469170414C76A4D9A4D207E29CF43ECE46F218070CC6BECC4078ACAA135ACF422C856C0E68EA1BF5669944DDD7BCDE7B1F8E415D77AECB980613C2E4AC91FC167A2B244592486606FC29C8FD7F045B9A
310
EF7053A7E60B504B0304140006080800CC70623BD9DDAED0EC0000007C01000008000000636F72652E786D6C8D90416EC3201045AF82665B61836D9CD8C2444DD39CA01740405C94182C03558F5F9C3852BBEB6A467FFE9B197D7EF89E6EE8CB2CC17A37002D0820E394D7D68D03A478C17B4007C117EFE32F1B20272733C0
310
2A83E0E3E2D3BC49CABB685CCCAAF3DA6CA20CC14440EA969B0182FA34932C648AD911AEC52CD5558EA6A0CF2EC329598D1E47ACCEFBECC59A050463A7EA5833865FEBDD0E37353BE3EE8DBDE3F6786A48D375FBF6CC78B9C282473B3DEFABC5C86834888A900E538A49F5419B9EB47DD5BC907D4F082F57FB1F28CDFA9F50
310
B22ED6D5F6EE030B20687EE43E10BC5CB3C8E51E54AE6B6EE207504B0304140006080800CC70623B55019EA25F0000007C00000007000000636E782E786D6C4DCB3B0E80201045D1AD90E915ED2CF8AC45050C11660C8261F98AB1B07AC9C97D42D718D865D3E909258CFD00CCE24AC6E326A164D74DC0B4128928FF326038
310
472BA13128B1252AC747C6BAB984FC68F0B87FE8960A5C09FE86CFB69FBA01504B0304140006080800CC70623BA24EB22D72010000D40300000C0000006662782F636F72652E786D6CC5535B6E833010BC8AE5DF0A6C5E49888CA3A6694ED00B38E05014B091B1518EDFE511A5A9D228FD2A1F60CDEC7A67C6986DCE4D8D7A
310
69BA4AAB0C073EC548AA5C17952A33ECECD15B61B4E1CC686DBF9561A44423333CC098B3D268D7CE50AE9595CA02AA74216750749DB418E5352C32DCE59FB211BE70162ABA93DF8AFC244AE9073ED050C759670D0840D390E18DF9F1706664C23973AE2A66B62A605A75ACA4C13C4976E1364A12EF355A2EBD384AF65EFA96
310
BC7B8BED2EA6719AAE16FB8491A199335B351775B991C2CA02F390D2D40B028F861F41BCA68B7518BFD0D59A524686F29B26D7164F36B94AD9289CE54E6D1DE6010819891F6E21228B3AD1831EC219194284CF98F06DD01008846CC5A1BEF83801D4CBDC6A1303536877A57A513B0953A94FC707FDBE6064EA84A9E3E6E0FA
310
EE8CF0E9198F7784A316AA0413C2C2F2E0ECA0934D1AE6D05A69BCDE9E91D2A611F573361E38FC1375157F5752AE6B6DFE4B11990F88CCBF0719EE23FF02504B0304140006080800CC70623B408A7D3B7C0000009D0000000B0000006662782F636E782E786D6C4DCCD10A83201886E15B91FFDC552A92A0064DBC8F581632
310
D3703A76F9ABD1C18E3E78F878E5F0D9027ABBFCF2292AE86E2D20171F69F6715550CB827B40839639A5F2770314A7CD293819B45C73AAFB45B35BA61ACAA1C1C7E7855C58C15BC331339661262CC762340413D68D77DA5B42298546CBE6573AF60CEB2F504B0304140006080800CC70623B449FB9BD290100001202000031
310
0000006662782F36394639363044362D344446342D343946362D394244322D3234314243333846323333332F636F72652E786D6C8D515B6EC32010BC0AE22B55850D98B871848994463E412FE002495162B07854397EA176A4F62F3F2C9A9D991D587EB84F37F0AD7D30CEF6905418026DA553C65E7A98E219ED203808EE9D
310
8B7F6810D871D23D2C3014FCE25D9A57483A1BB58D19B54EE9151C43D0110279CB971E06F9A5A7B11A53CC8C70ADE6515EC78BAE4895DB992778883E0700CB907242D17643D7E2538BD869608875438BBAE38922CAC8F1BDD90DB4691A5E2F42C153326A951B95E398B3D1FE599322163C9AE9115F7A3D46ADA0A018778810
310
84E907617BDCEE297BC5BB3DC6BC2EF47FA234AB2745C9D8D8D035EE220B50105E2F0DC1954B9FB747187D9F9D8FA0CCDB042D5FA0C015C65B42DF78BD10F3F3B363CB56C7109DCFDFBBB97E662ED92EB62D13BC2E1BCAE5777DB9966D8A1F504B0304140006080800CC70623BAD7543B64E01000033030000300000006662
310
782F36394639363044362D344446342D343946362D394244322D3234314243333846323333332F636E782E786D6CD593CD6EC32010845F0571AD6CE3D48AD20813A9873E410FBD12D82434182C7EAAE6EDBB2424CD25871E7B41D6EC30B3FA84F9E67BB2E40B4234DE8DB46F1925E094D7C6ED479AD3AE5951B2113C789FEE
310
6C943839C1488B4C05DF079FE72A69D8C96C13AAD6B8631503449F83828872B949AC57D26200B826A308D316B4064D6E46FCDA41C05550DC9E483A00797BFD207EFB092A45DE9514C1BBD22178396BD39D891265658C238DEA00936C654E5E433CB65A26D9F6EDB5EBC14EBF49A45CB856E66048291F6939A9A81BB5C89177
310
38143CA680F4AA299D66A042CEB3354A2684DC9D8D178FE0D9B8B41CAAD720F880EE7EF93C0C18769E099ECC04D5A102C8049A8A05632F4DDF376CF1DE0F6BB65C2F8627B65A33C6BB62177CEBBDAD973006829F89F22E814B54F4BC2BE347F8AA8F681390B50FA73F804400B5F542E796F19FF974E7F78DB802FE05E20750
310
4B0304140006080800CC70623B8D05915C650500003B100000340000006662782F36394639363044362D344446342D343946362D394244322D3234314243333846323333332F6F626A656374732E786D6CAD575B6FA33814FE2B887D06429276DA1565D4266D158D3A339A6846FB502932E050B66023DB74D2FDF5FB190C01
310
9276B2973C046C8ECFF53B17071F77456EBD502133CEAE6CDF9DD81665314F32965ED995DA3A17B6F5310C04E7AA47665B8C14F4CAD6DB7618A48257A5D94AE89654B91AEDDEDDFC61C998326A5B714EA4BCB265FC440BE2924AF184CA6737218AB8E976E7FA6E4338649B0A523E8D98964450A6A029F619B8588D52FE7039
310
B1BD30F0F4F730D0FF866AF6369557DB33949F31A9088B0F848DD8CCFCF9F2767A76E99CCDE733677E3EF59D9BBB9BA5E37F984D16E78BC5E5F5ED25044B25C0C96822E8D60EEFE11B91C581D77CEA34368A1F5329E68CD1B8B61F16D63A1B8E092D294B10C78C4A48EB593D192E7DED9BDEE7995E1B91FDEDD3ACEA9FE831
310
6A756F9F7D4D79F4274C90A7A04248AA51D5F8C718DAE06FB2F75AC4796EBE65D22A88A22223B995679120E2D50E41AA49C260C046A35368846B0BECD0DFF3EBEB8AD4F835768F69B9ADF25C43D30E6B646F807FAA64AD59F61715C7A54127C4AACA98BA3006A9D792DAE165E0D59B61A01FB3A9F9D838D2DAE62445C86166
310
F37564E842E7DE6A69879FEEA2DD5AE7E371E1A5E025154AC307D06A03D73EB5978C58FFA4C8E9033066E0F3BD53BEC1F39F91BE7B55103791EDE6BBB991A2046172CB4581D8B893FA674DDA17A77B3B7C413D1B511FD2743BFF8A38F03A658705E3ADF8015C3A3417FF3D7E439FF591DA0B5F18BC20C1B8981957AE6392A3
310
F43C640C01D1A0B4728E2DD4F26DB4B3C3152A252A3B4E913CEC1C72F012782FF88EFF8637AA552DBEF76408E8A8DE9E50F9E1CB3A2DA0DB1B6039A893B56063DC5B3E3FFB5F72E67AB9FEB4AEC496C4F4C1149625DD662C53E89D7BF0F6151A046260D1337DFDC94502430F83B0EE07A130A224BCAD7DAE1D9FB6CD422FF6
310
920702629C4BB9AE79C12F243C6432A6794E18E5552BA56B431AAB5D91317302B2B071E86C3A42B1A02F999E24061403B5D0EB639195DA655DD3EBEAB4FB862DDF579F014AD0E73C22F99E28DA57FB98E75C6CA2D74D53086D600F4786E0FE3144B771A8A7B900F03594DB8A633CBC49B2EDB69228BB479CF863B5E807AAAB
310
23872F6DFEB4129B949CA33823F58830E86D65621E10047D9DB34D862E8EAC3C2ABC2F7B2C40D67CDFE01F5545B92105AF983AC54D93D69E56FB8E797F88913F898A9FEC705D3F9D1B54EC8426FB500D40A03BD0119B06E1B95DDC7EB8F6975367793EBD70E66733DFB9BC982F9CE564727731999F5D4ECFCE3B8D6A4DC2A0
310
6D50FD148437D110834A64C6CDDF57FBACB5C307A2A477DFE4939736CFEF2B175371E0E10CF0DD1D5C15654E0BCA14D1E87DD02FF93782A162C0A3D95F1524A52770F972BF1EE9809D13CE7DD599467F8ECE9ADD85CE85A34CD45355448C64F9E8A031DC2D596ACC6E5DD93D9B82DE2EF5CAF81363A8E47996A0DE24564A79
310
4115AACE09C55E14540231FDA13C319787134EBF34E3A022514E5B4D9E0826E25C02D5805B15ABE1BEF51B26383D445DD9E875EE33FE4C22DA16427D65A3BCA92CA6D28DD01DF5DC53330704308475351050232CCD31583787BA75774AFB06E5070DD0C8EF484E19968C5D83BA5B90B244D31E54D55A372320FE4786B7EA58
310
44E135AA5467CB7EA333A61683CC6A8C3257034C10CF46F40EF9F5BE59BE5BD30C3C72D235E95D10345C1D45445A5F0BB47E46A5EBE5570F9380B5FA629579952296A773720405982B9DE04011506178964401AA8BDF1FBF0A8EAB6861DD6580C0E38217056766716DAEB2D6FA0917D3E4116581EADB879C4E7CFFB11EFACD
310
3D641311495D92C8676CB409A72D18610D803CE8A626049E8EC1887CB5B44CC39883690DDA8399B4B9855B481E7D71D4A9D22F96E5BB73BF5793020C02137BF837504B0304140006080000CC70623B000000000000000000000000350000006662782F36394639363044362D344446342D343946362D394244322D32343142
310
43333846323333332F76657274696365732E62696E504B0304140006080800CC70623BF270F1330600000004000000360000006662782F36394639363044362D344446342D343946362D394244322D3234314243333846323333332F747269616E676C65732E62696E636660600000504B0304140006080000CC70623B0000
310
00000000000000000000370000006662782F36394639363044362D344446342D343946362D394244322D3234314243333846323333332F617474726962757465732E62696E504B0304140006080800CC70623B08DA0BD19000000041010000360000006662782F36394639363044362D344446342D343946362D394244322D
310
3234314243333846323333332F6469726563746F72792E786D6C858F410AC3201045AF22B36F53E9A60B35CBEEBAE80D244E44489C6234F4F835464A48035D0DF398FF9F8AF63D0E6CC63039F212F8F9020C7D47C6792B21C5FE7403D62A1188E2E60C98D7234A5830286103A55745067B9D86B8A3CF9C7F90C11DE607FB14
310
4396D7B6A82D282E9A152AD114D5EF2CB866EEE831B8EEA07A7BB5A8D7D61A2BAAEB7FD5F70921FF497D00504B0304140006080800CC70623BCA768048FE000000A00100003B0000006662782F36394639363044362D344446342D343946362D394244322D3234314243333846323333332F7265736F75726365732F636F72
310
652E786D6C8D50596E833010BD0A9ADFCA60D600328E9AA639412F609909B1126CE4A5EAF16B0295DABFFECC8CDEA2797AECF8353F924FB44E193D409E5248504B332A3D0D10FC95B4901C39B3C6F85F3248B49871801506CE266BC2B243D2688FDA47549B11775038871E12F988C7004EDE7016A9083E2ADC3D5D84BC8B09
310
D33C8D74D471E6BC8D0192EDC93A815B742658898E651BCB59086ADC356A8C3FD555A1055ED7E7E254D615792D0F075295F585746FF53B694EE78A565DD736979A65AB9933AFE69F8CD2A2F038022F28ED489E135A7CE4554F9BBEA85E68DB53CAB255FEC71496F19FA6A0B42F8B3DEE6673C0F318E4497096AD7DC5F52C33
310
EEB55BFE0D504B010214000A0000080000CC70623B3DEE336E79000000790000001B00000000000000000000000000000000006175746F6465736B2D64657369676E2D7061636B6167652E786D6C504B01021400140006080800CC70623BD486FD9CA0000000F40000001300000000000000000000000000B20000005B436F
310
6E74656E745F54797065735D2E786D6C504B01021400140006080800CC70623BD9DDAED0EC0000007C010000080000000000000000000000000083010000636F72652E786D6C504B01021400140006080800CC70623B55019EA25F0000007C000000070000000000000000000000000095020000636E782E786D6C504B0102
310
1400140006080800CC70623BA24EB22D72010000D40300000C00000000000000000000000000190300006662782F636F72652E786D6C504B01021400140006080800CC70623B408A7D3B7C0000009D0000000B00000000000000000000000000B50400006662782F636E782E786D6C504B01021400140006080800CC70623B
310
449FB9BD290100001202000031000000000000000000000000005A0500006662782F36394639363044362D344446342D343946362D394244322D3234314243333846323333332F636F72652E786D6C504B01021400140006080800CC70623BAD7543B64E010000330300003000000000000000000000000000D20600006662
310
782F36394639363044362D344446342D343946362D394244322D3234314243333846323333332F636E782E786D6C504B01021400140006080800CC70623B8D05915C650500003B10000034000000000000000000000000006E0800006662782F36394639363044362D344446342D343946362D394244322D32343142433338
310
46323333332F6F626A656374732E786D6C504B01021400140006080000CC70623B0000000000000000000000003500000000000000000000000000250E00006662782F36394639363044362D344446342D343946362D394244322D3234314243333846323333332F76657274696365732E62696E504B010214001400060808
310
00CC70623BF270F13306000000040000003600000000000000000000000000780E00006662782F36394639363044362D344446342D343946362D394244322D3234314243333846323333332F747269616E676C65732E62696E504B01021400140006080000CC70623B00000000000000000000000037000000000000000000
310
00000000D20E00006662782F36394639363044362D344446342D343946362D394244322D3234314243333846323333332F617474726962757465732E62696E504B01021400140006080800CC70623B08DA0BD190000000410100003600000000000000000000000000270F00006662782F36394639363044362D344446342D
310
343946362D394244322D3234314243333846323333332F6469726563746F72792E786D6C504B01021400140006080800CC70623BCA768048FE000000A00100003B000000000000000000000000000B1000006662782F36394639363044362D344446342D343946362D394244322D3234314243333846323333332F7265736F
310
75726365732F636F72652E786D6C504B0506000000000E000E0080040000621100000000
  0
XRECORD
  5
176
102
{ACAD_REACTORS
330
173
102
}
330
173
100
AcDbXrecord
280
     1
270
     1
271
     1
  0
XRECORD
  5
177
102
{ACAD_REACTORS
330
173
102
}
330
173
100
AcDbXrecord
280
     1
270
     1
271
     1
  0
CELLSTYLEMAP
  5
208A
102
{ACAD_REACTORS
330
162
102
}
330
162
100
AcDbCellStyleMap
 90
        3
300
CELLSTYLE
  1
TABLEFORMAT_BEGIN
 90
        5
170
     1
 91
        0
 92
    32768
 62
   257
 93
        1
300
CONTENTFORMAT
  1
CONTENTFORMAT_BEGIN
 90
        0
 91
        0
 92
      512
 93
        0
300

 40
0.0
140
1.0
 94
        5
 62
     0
340
11
144
6.0
309
CONTENTFORMAT_END
171
     1
301
MARGIN
  1
CELLMARGIN_BEGIN
 40
1.5
 40
1.5
 40
1.5
 40
1.5
 40
0.18
 40
0.18
309
CELLMARGIN_END
 94
        6
 95
        1
302
GRIDFORMAT
  1
GRIDFORMAT_BEGIN
 90
        0
 91
        1
 62
     0
 92
       -2
340
14
 93
        0
 40
1.125
309
GRIDFORMAT_END
 95
        2
302
GRIDFORMAT
  1
GRIDFORMAT_BEGIN
 90
        0
 91
        1
 62
     0
 92
       -2
340
14
 93
        0
 40
1.125
309
GRIDFORMAT_END
 95
        4
302
GRIDFORMAT
  1
GRIDFORMAT_BEGIN
 90
        0
 91
        1
 62
     0
 92
       -2
340
14
 93
        0
 40
1.125
309
GRIDFORMAT_END
 95
        8
302
GRIDFORMAT
  1
GRIDFORMAT_BEGIN
 90
        0
 91
        1
 62
     0
 92
       -2
340
14
 93
        0
 40
1.125
309
GRIDFORMAT_END
 95
       16
302
GRIDFORMAT
  1
GRIDFORMAT_BEGIN
 90
        0
 91
        1
 62
     0
 92
       -2
340
14
 93
        0
 40
1.125
309
GRIDFORMAT_END
 95
       32
302
GRIDFORMAT
  1
GRIDFORMAT_BEGIN
 90
        0
 91
        1
 62
     0
 92
       -2
340
14
 93
        0
 40
1.125
309
GRIDFORMAT_END
309
TABLEFORMAT_END
  1
CELLSTYLE_BEGIN
 90
        1
 91
        1
300
_TITLE
309
CELLSTYLE_END
300
CELLSTYLE
  1
TABLEFORMAT_BEGIN
 90
        5
170
     1
 91
        0
 92
        0
 62
   257
 93
        1
300
CONTENTFORMAT
  1
CONTENTFORMAT_BEGIN
 90
        0
 91
        0
 92
      512
 93
        0
300

 40
0.0
140
1.0
 94
        5
 62
     0
340
11
144
4.5
309
CONTENTFORMAT_END
171
     1
301
MARGIN
  1
CELLMARGIN_BEGIN
 40
1.5
 40
1.5
 40
1.5
 40
1.5
 40
0.18
 40
0.18
309
CELLMARGIN_END
 94
        6
 95
        1
302
GRIDFORMAT
  1
GRIDFORMAT_BEGIN
 90
        0
 91
        1
 62
     0
 92
       -2
340
14
 93
        0
 40
1.125
309
GRIDFORMAT_END
 95
        2
302
GRIDFORMAT
  1
GRIDFORMAT_BEGIN
 90
        0
 91
        1
 62
     0
 92
       -2
340
14
 93
        0
 40
1.125
309
GRIDFORMAT_END
 95
        4
302
GRIDFORMAT
  1
GRIDFORMAT_BEGIN
 90
        0
 91
        1
 62
     0
 92
       -2
340
14
 93
        0
 40
1.125
309
GRIDFORMAT_END
 95
        8
302
GRIDFORMAT
  1
GRIDFORMAT_BEGIN
 90
        0
 91
        1
 62
     0
 92
       -2
340
14
 93
        0
 40
1.125
309
GRIDFORMAT_END
 95
       16
302
GRIDFORMAT
  1
GRIDFORMAT_BEGIN
 90
        0
 91
        1
 62
     0
 92
       -2
340
14
 93
        0
 40
1.125
309
GRIDFORMAT_END
 95
       32
302
GRIDFORMAT
  1
GRIDFORMAT_BEGIN
 90
        0
 91
        1
 62
     0
 92
       -2
340
14
 93
        0
 40
1.125
309
GRIDFORMAT_END
309
TABLEFORMAT_END
  1
CELLSTYLE_BEGIN
 90
        2
 91
        1
300
_HEADER
309
CELLSTYLE_END
300
CELLSTYLE
  1
TABLEFORMAT_BEGIN
 90
        5
170
     1
 91
        0
 92
        0
 62
   257
 93
        1
300
CONTENTFORMAT
  1
CONTENTFORMAT_BEGIN
 90
        0
 91
        0
 92
      512
 93
        0
300

 40
0.0
140
1.0
 94
        2
 62
     0
340
11
144
4.5
309
CONTENTFORMAT_END
171
     1
301
MARGIN
  1
CELLMARGIN_BEGIN
 40
1.5
 40
1.5
 40
1.5
 40
1.5
 40
0.18
 40
0.18
309
CELLMARGIN_END
 94
        6
 95
        1
302
GRIDFORMAT
  1
GRIDFORMAT_BEGIN
 90
        0
 91
        1
 62
     0
 92
       -2
340
14
 93
        0
 40
1.125
309
GRIDFORMAT_END
 95
        2
302
GRIDFORMAT
  1
GRIDFORMAT_BEGIN
 90
        0
 91
        1
 62
     0
 92
       -2
340
14
 93
        0
 40
1.125
309
GRIDFORMAT_END
 95
        4
302
GRIDFORMAT
  1
GRIDFORMAT_BEGIN
 90
        0
 91
        1
 62
     0
 92
       -2
340
14
 93
        0
 40
1.125
309
GRIDFORMAT_END
 95
        8
302
GRIDFORMAT
  1
GRIDFORMAT_BEGIN
 90
        0
 91
        1
 62
     0
 92
       -2
340
14
 93
        0
 40
1.125
309
GRIDFORMAT_END
 95
       16
302
GRIDFORMAT
  1
GRIDFORMAT_BEGIN
 90
        0
 91
        1
 62
     0
 92
       -2
340
14
 93
        0
 40
1.125
309
GRIDFORMAT_END
 95
       32
302
GRIDFORMAT
  1
GRIDFORMAT_BEGIN
 90
        0
 91
        1
 62
     0
 92
       -2
340
14
 93
        0
 40
1.125
309
GRIDFORMAT_END
309
TABLEFORMAT_END
  1
CELLSTYLE_BEGIN
 90
        3
 91
        2
300
_DATA
309
CELLSTYLE_END
  0
ENDSEC
  0
SECTION
  2
ACDSDATA
 70
     2
 71
     8
  0
ACDSSCHEMA
 90
        0
  1
AcDb_Thumbnail_Schema
  2
AcDbDs::ID
280
    10
 91
        8
  2
Thumbnail_Data
280
    15
 91
        0
101
ACDSRECORD
 95
        0
 90
        1
  2
AcDbDs::TreatedAsObjectData
280
     1
291
     1
101
ACDSRECORD
 95
        0
 90
        2
  2
AcDbDs::Legacy
280
     1
291
     1
101
ACDSRECORD
  1
AcDbDs::ID
 90
        3
  2
AcDs:Indexable
280
     1
291
     1
101
ACDSRECORD
  1
AcDbDs::ID
 90
        4
  2
AcDbDs::HandleAttribute
280
     7
282
     1
  0
ACDSSCHEMA
 90
        1
  1
AcDbDs::TreatedAsObjectDataSchema
  2
AcDbDs::TreatedAsObjectData
280
     1
 91
        0
  0
ACDSSCHEMA
 90
        2
  1
AcDbDs::LegacySchema
  2
AcDbDs::Legacy
280
     1
 91
        0
  0
ACDSSCHEMA
 90
        3
  1
AcDbDs::IndexedPropertySchema
  2
AcDs:Indexable
280
     1
 91
        0
  0
ACDSSCHEMA
 90
        4
  1
AcDbDs::HandleAttributeSchema
  2
AcDbDs::HandleAttribute
280
     7
 91
        1
284
     1
  0
ACDSRECORD
 90
        0
  2
AcDbDs::ID
280
    10
320
22
  2
Thumbnail_Data
280
    15
 94
     1769
310
89504E470D0A1A0A0000000D4948445200000100000000790803000000E1F60FE900000300504C5445212830FFFFFF2128300000000000000000000000000000000000000000000000000000330000660000990000CC0000FF0033000033330033660033990033CC0033FF0066000066330066660066990066CC0066FF0099
310
000099330099660099990099CC0099FF00CC0000CC3300CC6600CC9900CCCC00CCFF00FF0000FF3300FF6600FF9900FFCC00FFFF3300003300333300663300993300CC3300FF3333003333333333663333993333CC3333FF3366003366333366663366993366CC3366FF3399003399333399663399993399CC3399FF33CC00
310
33CC3333CC6633CC9933CCCC33CCFF33FF0033FF3333FF6633FF9933FFCC33FFFF6600006600336600666600996600CC6600FF6633006633336633666633996633CC6633FF6666006666336666666666996666CC6666FF6699006699336699666699996699CC6699FF66CC0066CC3366CC6666CC9966CCCC66CCFF66FF0066
310
FF3366FF6666FF9966FFCC66FFFF9900009900339900669900999900CC9900FF9933009933339933669933999933CC9933FF9966009966339966669966999966CC9966FF9999009999339999669999999999CC9999FF99CC0099CC3399CC6699CC9999CCCC99CCFF99FF0099FF3399FF6699FF9999FFCC99FFFFCC0000CC00
310
33CC0066CC0099CC00CCCC00FFCC3300CC3333CC3366CC3399CC33CCCC33FFCC6600CC6633CC6666CC6699CC66CCCC66FFCC9900CC9933CC9966CC9999CC99CCCC99FFCCCC00CCCC33CCCC66CCCC99CCCCCCCCCCFFCCFF00CCFF33CCFF66CCFF99CCFFCCCCFFFFFF0000FF0033FF0066FF0099FF00CCFF00FFFF3300FF3333
310
FF3366FF3399FF33CCFF33FFFF6600FF6633FF6666FF6699FF66CCFF66FFFF9900FF9933FF9966FF9999FF99CCFF99FFFFCC00FFCC33FFCC66FFCC99FFCCCCFFCCFFFFFF00FFFF33FFFF66FFFF99FFFFCCFFFFFF0000000D0D0D1A1A1A2828283535354343435050505D5D5D6B6B6B787878868686939393A1A1A1AEAEAEBB
310
BBBBC9C9C9D6D6D6E4E4E4F1F1F1FFFFFF0000000000000000000000000000000000000000000000000000000000002E4550F10000037D4944415478DAED9C4D92B4200C86B9415F838DF7DF65C33538C250954DF60308FE2082ED547D5F11F276D125D8564D1E430CD151299148241289FE9110DBFDDA486B7838FB894E7D
310
A2D22E2A7E71FBC3412500A8D56D01E012033AFDDA486B7838B97B0140632F170F702F3DC0395E1E7039D9B5B37F1A63EA019513EB987B40D75CF7EC4001306806DC077033D9C78E013E03461FC7422CC352C6EB66E3284AC170D07CC027722E7E10BC71666B10FAB11344A1F9114ADB8751C0D55F469D093B803B99E4E621
310
E7A7ECF2263BFFF000D21FEF019835D539B6F0653A008C00E000005C3414C3E296F616BE62D4A3A2C59D49860B806E0C50750F304CA640F280C614600E003B002CA1B5647DF37D1B456B1B1F001400AC37D5B74610B487181048C1F0007C3A870D5D82206E1E60180028A680AD7A409E024CF300D588015AEB6B1EA0F3E80C
310
00BC99BA0050C4000E00CC773140AB8485C9655035F28060A6D2451EC00F00C03B00E13806CB616F6B1B40590F48EB80540F70C30288152174D58A502C98615E0C995811C263A8F0C78655D15A0F1ABC22A414BE11D1B2F0BA0C5EEB017B2BF7620C07862780980DC64541034038FF7C3CC05C01D83380C22508E3AD713E79
310
C0D701C09FFDE00286A507A8EC01774161BB1D629802A80441BE00E08BAB40887AA1C5F8B7E420081C003C945AD2277B008F82C8730FA802500240008C0FE02F31403C605C00DEAC633D606BEE2980C16F8FDFD503601DC4638BF580257F3EABF2132203D703E235DCB56F8C242AE6A004C000EDB9C4C8008E3120DD18B195
310
29500D21430350950724DE00E0FB84C8DE3ECC0174F5110FE00A009E00D0AC01400F80D69AF514E800D0CC3D4082602706E8D50B5000F006007700B4E20C202D879FC4009600F27298C272F8B32B3E239B37552E18A95AE5C8AD5FC3DF1EEF9FC16CA14DE231055E005027FB9904C112C0C9C43E000E77864A00780FE01A04
310
B901488F06140858E70102E0F57F8FF300E09E5485692E0FB8B1540008803900D84A263419009C08C0C3446822006A7A00D5B467B2ABC0F400240F9029F00580B0961817407A0DCCCF591140DCCA1B6E1B39291E4EE3BF51EB6F419081048000100002606E000FDE24597FC9E8341E80BC3D80DEBE55563C800980E95FAC3C
310
3D0091482412894E5A60991B002CB03D14688BA7036730DFDBBF0068AD6153EC4C3405163F05BCCDFBC8A9338313481C14894422914824FA1FFA057BFFD79923EEE1FB0000000049454E44AE42608272CE0000000049454E44AE42608282B600FE01B27D3AD72A6AA5ED0000000049454E44AE426082
  0
ENDSEC
  0
EOF
