  0
SECTION
  2
HEADER
  9
$ACADVER
  1
AC1032
  9
$ACADMAINTVER
 90
4
  9
$DWGCODEPAGE
  3
ANSI_1252
  9
$LASTSAVEDBY
  1
CICC_2024
  9
$REQUIREDVERSIONS
160
0
  9
$INSBASE
 10
0.0
 20
0.0
 30
0.0
  9
$EXTMIN
 10
1812.976143262595
 20
664.197258793184
 30
0.0
  9
$EXTMAX
 10
46471.61158397715
 20
15916.86334019608
 30
1.558245e-10
  9
$LIMMIN
 10
0.0
 20
0.0
  9
$LIMMAX
 10
12.0
 20
9.0
  9
$ORTHOMODE
 70
1
  9
$REGENMODE
 70
1
  9
$FILLMODE
 70
1
  9
$QTEXTMODE
 70
0
  9
$MIRRTEXT
 70
0
  9
$LTSCALE
 40
1.0
  9
$ATTMODE
 70
1
  9
$TEXTSIZE
 40
2.5
  9
$TRACEWID
 40
1.0
  9
$TEXTSTYLE
  7
Standard
  9
$CLAYER
  8
0
  9
$CELTYPE
  6
ByLayer
  9
$CECOLOR
 62
256
  9
$CELTSCALE
 40
1.0
  9
$DISPSILH
 70
0
  9
$DIMSCALE
 40
1.0
  9
$DIMASZ
 40
2.5
  9
$DIMEXO
 40
0.625
  9
$DIMDLI
 40
3.75
  9
$DIMRND
 40
0.0
  9
$DIMDLE
 40
0.0
  9
$DIMEXE
 40
1.25
  9
$DIMTP
 40
0.0
  9
$DIMTM
 40
0.0
  9
$DIMTXT
 40
2.5
  9
$DIMCEN
 40
2.5
  9
$DIMTSZ
 40
0.0
  9
$DIMTOL
 70
0
  9
$DIMLIM
 70
0
  9
$DIMTIH
 70
0
  9
$DIMTOH
 70
0
  9
$DIMSE1
 70
0
  9
$DIMSE2
 70
0
  9
$DIMTAD
 70
1
  9
$DIMZIN
 70
8
  9
$DIMBLK
  1

  9
$DIMASO
 70
1
  9
$DIMSHO
 70
1
  9
$DIMPOST
  1

  9
$DIMAPOST
  1

  9
$DIMALT
 70
0
  9
$DIMALTD
 70
3
  9
$DIMALTF
 40
0.03937007874016
  9
$DIMLFAC
 40
1.0
  9
$DIMTOFL
 70
1
  9
$DIMTVP
 40
0.0
  9
$DIMTIX
 70
0
  9
$DIMSOXD
 70
0
  9
$DIMSAH
 70
0
  9
$DIMBLK1
  1

  9
$DIMBLK2
  1

  9
$DIMSTYLE
  2
ISO-25
  9
$DIMCLRD
 70
0
  9
$DIMCLRE
 70
0
  9
$DIMCLRT
 70
0
  9
$DIMTFAC
 40
1.0
  9
$DIMGAP
 40
0.625
  9
$DIMJUST
 70
0
  9
$DIMSD1
 70
0
  9
$DIMSD2
 70
0
  9
$DIMTOLJ
 70
0
  9
$DIMTZIN
 70
8
  9
$DIMALTZ
 70
0
  9
$DIMALTTZ
 70
0
  9
$DIMUPT
 70
0
  9
$DIMDEC
 70
2
  9
$DIMTDEC
 70
2
  9
$DIMALTU
 70
2
  9
$DIMALTTD
 70
3
  9
$DIMTXSTY
  7
Standard
  9
$DIMAUNIT
 70
0
  9
$DIMADEC
 70
0
  9
$DIMALTRND
 40
0.0
  9
$DIMAZIN
 70
0
  9
$DIMDSEP
 70
44
  9
$DIMATFIT
 70
3
  9
$DIMFRAC
 70
0
  9
$DIMLDRBLK
  1

  9
$DIMLUNIT
 70
2
  9
$DIMLWD
 70
-2
  9
$DIMLWE
 70
-2
  9
$DIMTMOVE
 70
0
  9
$DIMFXL
 40
1.0
  9
$DIMFXLON
 70
0
  9
$DIMJOGANG
 40
0.7853981633974483
  9
$DIMTFILL
 70
0
  9
$DIMTFILLCLR
 70
0
  9
$DIMARCSYM
 70
0
  9
$DIMLTYPE
  6

  9
$DIMLTEX1
  6

  9
$DIMLTEX2
  6

  9
$DIMTXTDIRECTION
 70
0
  9
$LUNITS
 70
2
  9
$LUPREC
 70
4
  9
$SKETCHINC
 40
1.0
  9
$FILLETRAD
 40
0.0
  9
$AUNITS
 70
0
  9
$AUPREC
 70
0
  9
$MENU
  1
.
  9
$ELEVATION
 40
0.0
  9
$PELEVATION
 40
0.0
  9
$THICKNESS
 40
0.0
  9
$LIMCHECK
 70
0
  9
$CHAMFERA
 40
0.0
  9
$CHAMFERB
 40
0.0
  9
$CHAMFERC
 40
0.0
  9
$CHAMFERD
 40
0.0
  9
$SKPOLY
 70
0
  9
$TDCREATE
 40
2461261.6375810187
  9
$TDUCREATE
 40
2461202.599293982
  9
$TDUPDATE
 40
2461261.6375810187
  9
$TDUUPDATE
 40
2461203.059016204
  9
$TDINDWG
 40
0.0377777778
  9
$TDUSRTIMER
 40
0.0377777778
  9
$USRTIMER
 70
1
  9
$ANGBASE
 50
0.0
  9
$ANGDIR
 70
0
  9
$PDMODE
 70
0
  9
$PDSIZE
 40
0.0
  9
$PLINEWID
 40
0.0
  9
$SPLFRAME
 70
0
  9
$SPLINETYPE
 70
6
  9
$SPLINESEGS
 70
8
  9
$HANDSEED
  5
D75
  9
$SURFTAB1
 70
6
  9
$SURFTAB2
 70
6
  9
$SURFTYPE
 70
6
  9
$SURFU
 70
6
  9
$SURFV
 70
6
  9
$UCSBASE
  2

  9
$UCSNAME
  2

  9
$UCSORG
 10
0.0
 20
0.0
 30
0.0
  9
$UCSXDIR
 10
1.0
 20
0.0
 30
0.0
  9
$UCSYDIR
 10
0.0
 20
1.0
 30
0.0
  9
$UCSORTHOREF
  2

  9
$UCSORTHOVIEW
 70
0
  9
$UCSORGTOP
 10
0.0
 20
0.0
 30
0.0
  9
$UCSORGBOTTOM
 10
0.0
 20
0.0
 30
0.0
  9
$UCSORGLEFT
 10
0.0
 20
0.0
 30
0.0
  9
$UCSORGRIGHT
 10
0.0
 20
0.0
 30
0.0
  9
$UCSORGFRONT
 10
0.0
 20
0.0
 30
0.0
  9
$UCSORGBACK
 10
0.0
 20
0.0
 30
0.0
  9
$PUCSBASE
  2

  9
$PUCSNAME
  2

  9
$PUCSORG
 10
0.0
 20
0.0
 30
0.0
  9
$PUCSXDIR
 10
1.0
 20
0.0
 30
0.0
  9
$PUCSYDIR
 10
0.0
 20
1.0
 30
0.0
  9
$PUCSORTHOREF
  2

  9
$PUCSORTHOVIEW
 70
0
  9
$PUCSORGTOP
 10
0.0
 20
0.0
 30
0.0
  9
$PUCSORGBOTTOM
 10
0.0
 20
0.0
 30
0.0
  9
$PUCSORGLEFT
 10
0.0
 20
0.0
 30
0.0
  9
$PUCSORGRIGHT
 10
0.0
 20
0.0
 30
0.0
  9
$PUCSORGFRONT
 10
0.0
 20
0.0
 30
0.0
  9
$PUCSORGBACK
 10
0.0
 20
0.0
 30
0.0
  9
$USERI1
 70
0
  9
$USERI2
 70
0
  9
$USERI3
 70
0
  9
$USERI4
 70
0
  9
$USERI5
 70
0
  9
$USERR1
 40
0.0
  9
$USERR2
 40
0.0
  9
$USERR3
 40
0.0
  9
$USERR4
 40
0.0
  9
$USERR5
 40
0.0
  9
$WORLDVIEW
 70
1
  9
$SHADEDGE
 70
3
  9
$SHADEDIF
 70
70
  9
$TILEMODE
 70
1
  9
$MAXACTVP
 70
64
  9
$PINSBASE
 10
0.0
 20
0.0
 30
0.0
  9
$PLIMCHECK
 70
0
  9
$PEXTMIN
 10
0.0
 20
0.0
 30
0.0
  9
$PEXTMAX
 10
0.0
 20
0.0
 30
0.0
  9
$PLIMMIN
 10
0.0
 20
0.0
  9
$PLIMMAX
 10
12.0
 20
9.0
  9
$UNITMODE
 70
0
  9
$VISRETAIN
 70
1
  9
$PLINEGEN
 70
0
  9
$PSLTSCALE
 70
1
  9
$TREEDEPTH
 70
3020
  9
$CMLSTYLE
  2
Standard
  9
$CMLJUST
 70
0
  9
$CMLSCALE
 40
20.0
  9
$PROXYGRAPHICS
 70
1
  9
$MEASUREMENT
 70
1
  9
$CELWEIGHT
370
-1
  9
$ENDCAPS
280
0
  9
$JOINSTYLE
280
0
  9
$LWDISPLAY
290
0
  9
$INSUNITS
 70
4
  9
$HYPERLINKBASE
  1

  9
$STYLESHEET
  1

  9
$XEDIT
290
1
  9
$CEPSNTYPE
380
0
  9
$PSTYLEMODE
290
1
  9
$FINGERPRINTGUID
  2
{0798C53C-52BC-B04B-A6C8-A720BAC84E58}
  9
$VERSIONGUID
  2
{5DA996E2-39DD-436D-A09C-60E4578FEB69}
  9
$EXTNAMES
290
1
  9
$PSVPSCALE
 40
0.0
  9
$OLESTARTUP
290
0
  9
$SORTENTS
280
127
  9
$INDEXCTL
280
0
  9
$HIDETEXT
280
1
  9
$XCLIPFRAME
280
2
  9
$HALOGAP
280
0
  9
$OBSCOLOR
 70
257
  9
$OBSLTYPE
280
0
  9
$INTERSECTIONDISPLAY
280
0
  9
$INTERSECTIONCOLOR
 70
257
  9
$DIMASSOC
280
2
  9
$PROJECTNAME
  1

  9
$CAMERADISPLAY
290
0
  9
$LENSLENGTH
 40
50.0
  9
$CAMERAHEIGHT
 40
0.0
  9
$STEPSPERSEC
 40
2.0
  9
$STEPSIZE
 40
6.0
  9
$3DDWFPREC
 40
2.0
  9
$PSOLWIDTH
 40
5.0
  9
$PSOLHEIGHT
 40
80.0
  9
$LOFTANG1
 40
1.570796326794896
  9
$LOFTANG2
 40
1.570796326794896
  9
$LOFTMAG1
 40
0.0
  9
$LOFTMAG2
 40
0.0
  9
$LOFTPARAM
 70
7
  9
$LOFTNORMALS
280
1
  9
$LATITUDE
 40
37.795
  9
$LONGITUDE
 40
-122.394
  9
$NORTHDIRECTION
 40
0.0
  9
$TIMEZONE
 70
-8000
  9
$LIGHTGLYPHDISPLAY
280
1
  9
$TILEMODELIGHTSYNCH
280
1
  9
$CMATERIAL
347
EC
  9
$SOLIDHIST
280
0
  9
$SHOWHIST
280
1
  9
$DWFFRAME
280
2
  9
$DGNFRAME
280
0
  9
$REALWORLDSCALE
290
1
  9
$INTERFERECOLOR
 62
1
  9
$INTERFEREOBJVS
345
F9
  9
$INTERFEREVPVS
346
F6
  9
$CSHADOW
280
0
  9
$SHADOWPLANELOCATION
 40
0.0
  0
ENDSEC
  0
SECTION
  2
CLASSES
  0
CLASS
  1
ACDBDICTIONARYWDFLT
  2
AcDbDictionaryWithDefault
  3
ObjectDBX Classes
 90
0
 91
1
280
0
281
0
  0
CLASS
  1
DICTIONARYVAR
  2
AcDbDictionaryVar
  3
ObjectDBX Classes
 90
0
 91
11
280
0
281
0
  0
CLASS
  1
TABLESTYLE
  2
AcDbTableStyle
  3
ObjectDBX Classes
 90
4095
 91
1
280
0
281
0
  0
CLASS
  1
MATERIAL
  2
AcDbMaterial
  3
ObjectDBX Classes
 90
1153
 91
3
280
0
281
0
  0
CLASS
  1
VISUALSTYLE
  2
AcDbVisualStyle
  3
ObjectDBX Classes
 90
4095
 91
24
280
0
281
0
  0
CLASS
  1
SCALE
  2
AcDbScale
  3
ObjectDBX Classes
 90
1153
 91
17
280
0
281
0
  0
CLASS
  1
MLEADERSTYLE
  2
AcDbMLeaderStyle
  3
ACDB_MLEADERSTYLE_CLASS
 90
4095
 91
2
280
0
281
0
  0
CLASS
  1
CELLSTYLEMAP
  2
AcDbCellStyleMap
  3
ObjectDBX Classes
 90
1152
 91
1
280
0
281
0
  0
CLASS
  1
EXACXREFPANELOBJECT
  2
ExAcXREFPanelObject
  3
EXAC_ESW
 90
1025
 91
0
280
0
281
0
  0
CLASS
  1
NPOCOLLECTION
  2
AcDbImpNonPersistentObjectsCollection
  3
ObjectDBX Classes
 90
1153
 91
0
280
0
281
0
  0
CLASS
  1
LAYER_INDEX
  2
AcDbLayerIndex
  3
ObjectDBX Classes
 90
0
 91
0
280
0
281
0
  0
CLASS
  1
SPATIAL_INDEX
  2
AcDbSpatialIndex
  3
ObjectDBX Classes
 90
0
 91
0
280
0
281
0
  0
CLASS
  1
IDBUFFER
  2
AcDbIdBuffer
  3
ObjectDBX Classes
 90
0
 91
0
280
0
281
0
  0
CLASS
  1
ACDBSECTIONVIEWSTYLE
  2
AcDbSectionViewStyle
  3
ObjectDBX Classes
 90
1025
 91
1
280
0
281
0
  0
CLASS
  1
ACDBDETAILVIEWSTYLE
  2
AcDbDetailViewStyle
  3
ObjectDBX Classes
 90
1025
 91
1
280
0
281
0
  0
CLASS
  1
DIMASSOC
  2
AcDbDimAssoc
  3
"AcDbDimAssoc|Product Desc:     AcDim ARX App For Dimension|Company:          Autodesk, Inc.|WEB Address:      www.autodesk.com"
 90
0
 91
43
280
0
281
0
  0
CLASS
  1
SORTENTSTABLE
  2
AcDbSortentsTable
  3
ObjectDBX Classes
 90
0
 91
1
280
0
281
0
  0
CLASS
  1
SUN
  2
AcDbSun
  3
SCENEOE
 90
1153
 91
0
280
0
281
0
  0
CLASS
  1
MENTALRAYRENDERSETTINGS
  2
AcDbMentalRayRenderSettings
  3
SCENEOE
 90
1024
 91
0
280
0
281
0
  0
CLASS
  1
RASTERVARIABLES
  2
AcDbRasterVariables
  3
ISM
 90
0
 91
0
280
0
281
0
  0
CLASS
  1
LAYOUT
  2
AcDbLayout
  3
ObjectDBX Classes
 90
0
 91
0
280
0
281
0
  0
CLASS
  1
ACDBPLACEHOLDER
  2
AcDbPlaceHolder
  3
ObjectDBX Classes
 90
0
 91
0
280
0
281
0
  0
ENDSEC
  0
SECTION
  2
TABLES
  0
TABLE
  2
VPORT
  5
8
330
0
100
AcDbSymbolTable
 70
1
  0
VPORT
  5
EA
330
8
100
AcDbSymbolTableRecord
100
AcDbViewportTableRecord
  2
*Active
 70
0
 10
0.0
 20
0.0
 11
1.0
 21
1.0
 12
26342.49111703033
 22
8000.80067320521
 13
0.0
 23
0.0
 14
10.0
 24
10.0
 15
10.0
 25
10.0
 16
0.0
 26
0.0
 36
1.0
 17
0.0
 27
0.0
 37
0.0
 40
4245.566791046996
 41
2.56986301369863
 42
50.0
 43
0.0
 44
0.0
 50
0.0
 51
0.0
 71
0
 72
1000
 73
1
 74
3
 75
0
 76
1
 77
0
 78
0
281
0
 65
1
110
0.0
120
0.0
130
0.0
111
1.0
121
0.0
131
0.0
112
0.0
122
1.0
132
0.0
 79
0
146
0.0
 60
3
 61
5
348
F5
292
1
282
1
141
0.0
142
0.0
 63
250
421
3355443
1001
ACAD_NAV_VCDISPLAY
1070
3
  0
ENDTAB
  0
TABLE
  2
LTYPE
  5
5
330
0
100
AcDbSymbolTable
 70
4
  0
LTYPE
  5
14
330
5
100
AcDbSymbolTableRecord
100
AcDbLinetypeTableRecord
  2
ByBlock
 70
0
  3

 72
65
 73
0
 40
0.0
  0
LTYPE
  5
15
330
5
100
AcDbSymbolTableRecord
100
AcDbLinetypeTableRecord
  2
ByLayer
 70
0
  3

 72
65
 73
0
 40
0.0
  0
LTYPE
  5
16
330
5
100
AcDbSymbolTableRecord
100
AcDbLinetypeTableRecord
  2
Continuous
 70
0
  3
Solid line
 72
65
 73
0
 40
0.0
  0
LTYPE
  5
514
330
5
100
AcDbSymbolTableRecord
100
AcDbLinetypeTableRecord
  2
PHANTOM
 70
0
  3
Phantom ______  __  __  ______  __  __  ______
 72
65
 73
6
 40
63.5
 49
31.75
 74
0
 49
-6.349999999999999
 74
0
 49
6.349999999999999
 74
0
 49
-6.349999999999999
 74
0
 49
6.349999999999999
 74
0
 49
-6.349999999999999
 74
0
  0
ENDTAB
  0
TABLE
  2
LAYER
  5
2
102
{ACAD_XDICTIONARY
360
1FF
102
}
330
0
100
AcDbSymbolTable
 70
11
  0
LAYER
  5
10
102
{ACAD_XDICTIONARY
360
13C
102
}
330
2
100
AcDbSymbolTableRecord
100
AcDbLayerTableRecord
  2
0
 70
0
 62
7
  6
Continuous
370
-3
390
F
347
EE
348
0
  0
LAYER
  5
516
330
2
100
AcDbSymbolTableRecord
100
AcDbLayerTableRecord
  2
DOOR
 70
0
 62
7
  6
Continuous
370
9
390
F
347
EE
348
0
1001
AcAecLayerStandard
1000

1000

1001
AcCmTransparency
1071
0
  0
LAYER
  5
517
330
2
100
AcDbSymbolTableRecord
100
AcDbLayerTableRecord
  2
WINDOW
 70
0
 62
7
  6
Continuous
370
9
390
F
347
EE
348
0
1001
AcAecLayerStandard
1000

1000

1001
AcCmTransparency
1071
0
  0
LAYER
  5
518
330
2
100
AcDbSymbolTableRecord
100
AcDbLayerTableRecord
  2
FLOOR
 70
0
 62
7
  6
Continuous
370
5
390
F
347
EE
348
0
1001
AcAecLayerStandard
1000

1000

1001
AcCmTransparency
1071
0
  0
LAYER
  5
519
330
2
100
AcDbSymbolTableRecord
100
AcDbLayerTableRecord
  2
ANNO-TEXTS
 70
0
 62
7
  6
Continuous
370
-3
390
F
347
EE
348
0
1001
AcAecLayerStandard
1000

1000

  0
LAYER
  5
51A
330
2
100
AcDbSymbolTableRecord
100
AcDbLayerTableRecord
  2
P-BG
 70
0
 62
7
  6
Continuous
370
-3
390
F
347
EE
348
0
1001
AcAecLayerStandard
1000

1000

1001
AcCmTransparency
1071
0
  0
LAYER
  5
51B
330
2
100
AcDbSymbolTableRecord
100
AcDbLayerTableRecord
  2
Defpoints
 70
0
 62
7
  6
Continuous
290
0
370
-3
390
F
347
EE
348
0
  0
LAYER
  5
51E
330
2
100
AcDbSymbolTableRecord
100
AcDbLayerTableRecord
  2
ROOF
 70
0
 62
7
  6
Continuous
370
-3
390
F
347
EE
348
0
1001
AcAecLayerStandard
1000

1000

1001
AcCmTransparency
1071
0
  0
LAYER
  5
D6C
330
2
100
AcDbSymbolTableRecord
100
AcDbLayerTableRecord
  2
WALL
 70
0
 62
7
  6
Continuous
370
-3
390
F
347
EE
  0
LAYER
  5
D6D
330
2
100
AcDbSymbolTableRecord
100
AcDbLayerTableRecord
  2
COLUMN
 70
0
 62
7
  6
Continuous
370
-3
390
F
347
EE
  0
LAYER
  5
D6E
330
2
100
AcDbSymbolTableRecord
100
AcDbLayerTableRecord
  2
STAIR
 70
0
 62
7
  6
Continuous
370
-3
390
F
347
EE
  0
ENDTAB
  0
TABLE
  2
STYLE
  5
3
330
0
100
AcDbSymbolTable
 70
4
  0
STYLE
  5
11
330
3
100
AcDbSymbolTableRecord
100
AcDbTextStyleTableRecord
  2
Standard
 70
0
 40
0.0
 41
1.0
 50
0.0
 71
0
 42
2.5
  3
arial.ttf
  4

1001
ACAD
1000
Arial
1071
34
  0
STYLE
  5
132
330
3
100
AcDbSymbolTableRecord
100
AcDbTextStyleTableRecord
  2
Annotative
 70
0
 40
0.0
 41
1.0
 50
0.0
 71
0
 42
2.5
  3
arial.ttf
  4

1001
AcadAnnotative
1000
AnnotativeData
1002
{
1070
1
1070
1
1002
}
1001
ACAD
1000
Arial
1071
34
  0
STYLE
  5
51F
330
3
100
AcDbSymbolTableRecord
100
AcDbTextStyleTableRecord
  2
ROMANS
 70
0
 40
0.0
 41
0.8
 50
0.0
 71
0
 42
200.0
  3
romans.shx
  4

  0
STYLE
  5
520
330
3
100
AcDbSymbolTableRecord
100
AcDbTextStyleTableRecord
  2
SIMPLEX
 70
0
 40
0.7
 41
0.9
 50
0.0
 71
0
 42
0.7
  3
simplex.shx
  4

  0
ENDTAB
  0
TABLE
  2
VIEW
  5
6
330
0
100
AcDbSymbolTable
 70
0
  0
ENDTAB
  0
TABLE
  2
UCS
  5
7
330
0
100
AcDbSymbolTable
 70
0
  0
ENDTAB
  0
TABLE
  2
APPID
  5
9
330
0
100
AcDbSymbolTable
 70
16
  0
APPID
  5
12
330
9
100
AcDbSymbolTableRecord
100
AcDbRegAppTableRecord
  2
ACAD
 70
0
  0
APPID
  5
9E
330
9
100
AcDbSymbolTableRecord
100
AcDbRegAppTableRecord
  2
ACAD_PSEXT
 70
0
  0
APPID
  5
133
330
9
100
AcDbSymbolTableRecord
100
AcDbRegAppTableRecord
  2
AcadAnnoPO
 70
0
  0
APPID
  5
134
330
9
100
AcDbSymbolTableRecord
100
AcDbRegAppTableRecord
  2
AcadAnnotative
 70
0
  0
APPID
  5
135
330
9
100
AcDbSymbolTableRecord
100
AcDbRegAppTableRecord
  2
ACAD_DSTYLE_DIMJAG
 70
0
  0
APPID
  5
136
330
9
100
AcDbSymbolTableRecord
100
AcDbRegAppTableRecord
  2
ACAD_DSTYLE_DIMTALN
 70
0
  0
APPID
  5
165
330
9
100
AcDbSymbolTableRecord
100
AcDbRegAppTableRecord
  2
ACAD_MLEADERVER
 70
0
  0
APPID
  5
217
330
9
100
AcDbSymbolTableRecord
100
AcDbRegAppTableRecord
  2
ACAD_NAV_VCDISPLAY
 70
0
  0
APPID
  5
522
330
9
100
AcDbSymbolTableRecord
100
AcDbRegAppTableRecord
  2
AcAecLayerStandard
 70
0
  0
APPID
  5
523
330
9
100
AcDbSymbolTableRecord
100
AcDbRegAppTableRecord
  2
AcCmTransparency
 70
0
  0
APPID
  5
524
330
9
100
AcDbSymbolTableRecord
100
AcDbRegAppTableRecord
  2
GradientColor1ACI
 70
0
  0
APPID
  5
525
330
9
100
AcDbSymbolTableRecord
100
AcDbRegAppTableRecord
  2
GradientColor2ACI
 70
0
  0
APPID
  5
526
330
9
100
AcDbSymbolTableRecord
100
AcDbRegAppTableRecord
  2
Acad_TC
 70
0
  0
APPID
  5
C61
330
9
100
AcDbSymbolTableRecord
100
AcDbRegAppTableRecord
  2
AcDbDynamicBlockGUID
 70
0
  0
APPID
  5
D71
330
9
100
AcDbSymbolTableRecord
100
AcDbRegAppTableRecord
  2
HATCHBACKGROUNDCOLOR
 70
0
  0
APPID
  5
D72
330
9
100
AcDbSymbolTableRecord
100
AcDbRegAppTableRecord
  2
EZDXF
 70
0
  0
ENDTAB
  0
TABLE
  2
DIMSTYLE
  5
A
330
0
100
AcDbSymbolTable
 70
4
100
AcDbDimStyleTable
  0
DIMSTYLE
105
1B0
330
A
100
AcDbSymbolTableRecord
100
AcDbDimStyleTableRecord
  2
Standard
 70
0
 40
1.0
 41
2.5
 42
0.625
 43
3.75
 44
1.25
 45
0.0
 46
0.0
 47
0.0
 48
0.0
 49
2.5
140
2.5
141
2.5
142
0.0
143
0.03937007874
144
1.0
145
0.0
146
1.0
147
0.625
148
0.0
 69
0
 70
0
 71
0
 72
0
 73
0
 74
0
 75
0
 76
0
 77
1
 78
8
 79
3
170
0
171
3
172
1
173
0
174
0
175
0
176
0
177
0
178
0
179
2
271
2
272
2
273
2
274
3
275
0
276
0
277
2
278
44
279
0
280
0
281
0
282
0
283
0
284
8
285
0
286
0
288
0
289
3
290
0
340
11
371
-2
372
-2
  0
DIMSTYLE
105
137
330
A
100
AcDbSymbolTableRecord
100
AcDbDimStyleTableRecord
  2
Annotative
 70
0
 40
0.0
 41
2.5
 42
0.625
 43
3.75
 44
1.25
 45
0.0
 46
0.0
 47
0.0
 48
0.0
 49
2.5
140
2.5
141
2.5
142
0.0
143
0.03937007874016
144
1.0
145
0.0
146
1.0
147
0.625
148
0.0
 69
0
 70
0
 71
0
 72
0
 73
0
 74
0
 75
0
 76
0
 77
1
 78
8
 79
3
170
0
171
3
172
1
173
0
174
0
175
0
176
0
177
0
178
0
179
2
271
2
272
2
273
2
274
3
275
0
276
0
277
2
278
44
279
0
280
0
281
0
282
0
283
0
284
8
285
0
286
0
288
0
289
3
290
0
340
11
371
-2
372
-2
1001
AcadAnnotative
1000
AnnotativeData
1002
{
1070
1
1070
1
1002
}
1001
ACAD_DSTYLE_DIMJAG
1070
388
1040
1.5
1001
ACAD_DSTYLE_DIMTALN
1070
392
1070
0
  0
DIMSTYLE
105
27
330
A
100
AcDbSymbolTableRecord
100
AcDbDimStyleTableRecord
  2
ISO-25
 70
0
 40
1.0
 41
2.5
 42
0.625
 43
3.75
 44
1.25
 45
0.0
 46
0.0
 47
0.0
 48
0.0
 49
2.5
140
2.5
141
2.5
142
0.0
143
0.03937007874016
144
1.0
145
0.0
146
1.0
147
0.625
148
0.0
 69
0
 70
0
 71
0
 72
0
 73
0
 74
0
 75
0
 76
0
 77
1
 78
8
 79
3
170
0
171
3
172
1
173
0
174
0
175
0
176
0
177
0
178
0
179
2
271
2
272
2
273
2
274
3
275
0
276
0
277
2
278
44
279
0
280
0
281
0
282
0
283
0
284
8
285
0
286
0
288
0
289
3
290
0
340
11
371
-2
372
-2
  0
DIMSTYLE
105
521
102
{ACAD_REACTORS
330
741
330
744
330
745
330
748
330
75A
330
75D
330
760
330
763
330
766
330
769
330
76C
330
770
330
773
330
776
330
779
330
77C
330
77F
330
782
330
785
330
7C6
330
7D3
330
7D6
330
7D9
330
7DC
330
7DF
330
7E2
330
7E5
330
7E8
330
7EB
330
7EE
330
7EF
330
839
330
83C
330
83D
330
840
330
84F
330
852
330
853
330
856
330
859
330
85C
330
85F
330
860
330
866
330
867
330
86A
330
86D
330
870
330
873
330
876
330
BC3
330
BDB
102
}
330
A
100
AcDbSymbolTableRecord
100
AcDbDimStyleTableRecord
  2
2
 70
0
 40
1.0
 41
80.0
 42
80.0
 43
80.0
 44
80.0
 45
0.0
 46
80.0
 47
0.0
 48
0.0
 49
2.5
140
100.0
141
2.5
142
0.0
143
0.03937007874
144
1.0
145
0.0
146
1.0
147
20.0
148
0.0
 69
0
 70
0
 71
0
 72
0
 73
0
 74
0
 75
0
 76
0
 77
1
 78
8
 79
3
170
0
171
3
172
1
173
0
174
0
175
0
176
253
177
253
178
1
179
2
271
0
272
0
273
2
274
3
275
0
276
0
277
2
278
44
279
0
280
0
281
0
282
0
283
0
284
8
285
0
286
0
288
0
289
3
290
0
340
11
342
2A0
371
-2
372
-2
1001
ACAD_DSTYLE_DIMJAG
1070
388
1040
1.5
1001
ACAD_DSTYLE_DIMTALN
1070
392
1070
0
  0
ENDTAB
  0
TABLE
  2
BLOCK_RECORD
  5
1
330
0
100
AcDbSymbolTable
 70
58
  0
BLOCK_RECORD
  5
1F
102
{ACAD_XDICTIONARY
360
1CE
102
}
330
1
100
AcDbSymbolTableRecord
100
AcDbBlockTableRecord
  2
*Model_Space
340
22
 70
0
280
1
281
0
  0
BLOCK_RECORD
  5
D2
330
1
100
AcDbSymbolTableRecord
100
AcDbBlockTableRecord
  2
*Paper_Space
340
D3
 70
0
280
1
281
0
  0
BLOCK_RECORD
  5
D6
330
1
100
AcDbSymbolTableRecord
100
AcDbBlockTableRecord
  2
*Paper_Space0
340
D7
 70
0
280
1
281
0
  0
BLOCK_RECORD
  5
2A0
330
1
100
AcDbSymbolTableRecord
100
AcDbBlockTableRecord
  2
_ArchTick
340
0
 70
0
280
1
281
0
  0
BLOCK_RECORD
  5
8C7
330
1
100
AcDbSymbolTableRecord
100
AcDbBlockTableRecord
  2
*D2
340
0
 70
0
280
1
281
0
  0
BLOCK_RECORD
  5
8D3
330
1
100
AcDbSymbolTableRecord
100
AcDbBlockTableRecord
  2
*D3
340
0
 70
0
280
1
281
0
  0
BLOCK_RECORD
  5
8DF
330
1
100
AcDbSymbolTableRecord
100
AcDbBlockTableRecord
  2
*D4
340
0
 70
0
280
1
281
0
  0
BLOCK_RECORD
  5
8EB
330
1
100
AcDbSymbolTableRecord
100
AcDbBlockTableRecord
  2
*D5
340
0
 70
0
280
1
281
0
  0
BLOCK_RECORD
  5
8F7
330
1
100
AcDbSymbolTableRecord
100
AcDbBlockTableRecord
  2
*D6
340
0
 70
0
280
1
281
0
  0
BLOCK_RECORD
  5
903
330
1
100
AcDbSymbolTableRecord
100
AcDbBlockTableRecord
  2
*D7
340
0
 70
0
280
1
281
0
  0
BLOCK_RECORD
  5
90F
330
1
100
AcDbSymbolTableRecord
100
AcDbBlockTableRecord
  2
*D8
340
0
 70
0
280
1
281
0
  0
BLOCK_RECORD
  5
91B
330
1
100
AcDbSymbolTableRecord
100
AcDbBlockTableRecord
  2
*D9
340
0
 70
0
280
1
281
0
  0
BLOCK_RECORD
  5
927
330
1
100
AcDbSymbolTableRecord
100
AcDbBlockTableRecord
  2
*D10
340
0
 70
0
280
1
281
0
  0
BLOCK_RECORD
  5
933
330
1
100
AcDbSymbolTableRecord
100
AcDbBlockTableRecord
  2
*D11
340
0
 70
0
280
1
281
0
  0
BLOCK_RECORD
  5
948
330
1
100
AcDbSymbolTableRecord
100
AcDbBlockTableRecord
  2
*D12
340
0
 70
0
280
1
281
0
  0
BLOCK_RECORD
  5
954
330
1
100
AcDbSymbolTableRecord
100
AcDbBlockTableRecord
  2
*D13
340
0
 70
0
280
1
281
0
  0
BLOCK_RECORD
  5
960
330
1
100
AcDbSymbolTableRecord
100
AcDbBlockTableRecord
  2
*D14
340
0
 70
0
280
1
281
0
  0
BLOCK_RECORD
  5
96C
330
1
100
AcDbSymbolTableRecord
100
AcDbBlockTableRecord
  2
*D15
340
0
 70
0
280
1
281
0
  0
BLOCK_RECORD
  5
978
330
1
100
AcDbSymbolTableRecord
100
AcDbBlockTableRecord
  2
*D16
340
0
 70
0
280
1
281
0
  0
BLOCK_RECORD
  5
984
330
1
100
AcDbSymbolTableRecord
100
AcDbBlockTableRecord
  2
*D17
340
0
 70
0
280
1
281
0
  0
BLOCK_RECORD
  5
990
330
1
100
AcDbSymbolTableRecord
100
AcDbBlockTableRecord
  2
*D18
340
0
 70
0
280
1
281
0
  0
BLOCK_RECORD
  5
99C
330
1
100
AcDbSymbolTableRecord
100
AcDbBlockTableRecord
  2
*D19
340
0
 70
0
280
1
281
0
  0
BLOCK_RECORD
  5
9BD
330
1
100
AcDbSymbolTableRecord
100
AcDbBlockTableRecord
  2
*D20
340
0
 70
0
280
1
281
0
  0
BLOCK_RECORD
  5
9C9
330
1
100
AcDbSymbolTableRecord
100
AcDbBlockTableRecord
  2
*D21
340
0
 70
0
280
1
281
0
  0
BLOCK_RECORD
  5
9D5
330
1
100
AcDbSymbolTableRecord
100
AcDbBlockTableRecord
  2
*D22
340
0
 70
0
280
1
281
0
  0
BLOCK_RECORD
  5
9E1
330
1
100
AcDbSymbolTableRecord
100
AcDbBlockTableRecord
  2
*D23
340
0
 70
0
280
1
281
0
  0
BLOCK_RECORD
  5
9ED
330
1
100
AcDbSymbolTableRecord
100
AcDbBlockTableRecord
  2
*D24
340
0
 70
0
280
1
281
0
  0
BLOCK_RECORD
  5
9F9
330
1
100
AcDbSymbolTableRecord
100
AcDbBlockTableRecord
  2
*D25
340
0
 70
0
280
1
281
0
  0
BLOCK_RECORD
  5
A05
330
1
100
AcDbSymbolTableRecord
100
AcDbBlockTableRecord
  2
*D26
340
0
 70
0
280
1
281
0
  0
BLOCK_RECORD
  5
A11
330
1
100
AcDbSymbolTableRecord
100
AcDbBlockTableRecord
  2
*D27
340
0
 70
0
280
1
281
0
  0
BLOCK_RECORD
  5
A26
330
1
100
AcDbSymbolTableRecord
100
AcDbBlockTableRecord
  2
*D28
340
0
 70
0
280
1
281
0
  0
BLOCK_RECORD
  5
A32
330
1
100
AcDbSymbolTableRecord
100
AcDbBlockTableRecord
  2
*D29
340
0
 70
0
280
1
281
0
  0
BLOCK_RECORD
  5
A3E
330
1
100
AcDbSymbolTableRecord
100
AcDbBlockTableRecord
  2
*D30
340
0
 70
0
280
1
281
0
  0
BLOCK_RECORD
  5
A4A
330
1
100
AcDbSymbolTableRecord
100
AcDbBlockTableRecord
  2
*D31
340
0
 70
0
280
1
281
0
  0
BLOCK_RECORD
  5
A56
330
1
100
AcDbSymbolTableRecord
100
AcDbBlockTableRecord
  2
*D32
340
0
 70
0
280
1
281
0
  0
BLOCK_RECORD
  5
A62
330
1
100
AcDbSymbolTableRecord
100
AcDbBlockTableRecord
  2
*D33
340
0
 70
0
280
1
281
0
  0
BLOCK_RECORD
  5
A6E
330
1
100
AcDbSymbolTableRecord
100
AcDbBlockTableRecord
  2
*D34
340
0
 70
0
280
1
281
0
  0
BLOCK_RECORD
  5
A7A
330
1
100
AcDbSymbolTableRecord
100
AcDbBlockTableRecord
  2
*D35
340
0
 70
0
280
1
281
0
  0
BLOCK_RECORD
  5
A86
330
1
100
AcDbSymbolTableRecord
100
AcDbBlockTableRecord
  2
*D36
340
0
 70
0
280
1
281
0
  0
BLOCK_RECORD
  5
AA4
330
1
100
AcDbSymbolTableRecord
100
AcDbBlockTableRecord
  2
*D37
340
0
 70
0
280
1
281
0
  0
BLOCK_RECORD
  5
AB9
330
1
100
AcDbSymbolTableRecord
100
AcDbBlockTableRecord
  2
*D38
340
0
 70
0
280
1
281
0
  0
BLOCK_RECORD
  5
AC5
330
1
100
AcDbSymbolTableRecord
100
AcDbBlockTableRecord
  2
*D39
340
0
 70
0
280
1
281
0
  0
BLOCK_RECORD
  5
AD1
330
1
100
AcDbSymbolTableRecord
100
AcDbBlockTableRecord
  2
*D40
340
0
 70
0
280
1
281
0
  0
BLOCK_RECORD
  5
AE6
330
1
100
AcDbSymbolTableRecord
100
AcDbBlockTableRecord
  2
*D41
340
0
 70
0
280
1
281
0
  0
BLOCK_RECORD
  5
AF2
330
1
100
AcDbSymbolTableRecord
100
AcDbBlockTableRecord
  2
*D42
340
0
 70
0
280
1
281
0
  0
BLOCK_RECORD
  5
AFE
330
1
100
AcDbSymbolTableRecord
100
AcDbBlockTableRecord
  2
*D43
340
0
 70
0
280
1
281
0
  0
BLOCK_RECORD
  5
B0A
330
1
100
AcDbSymbolTableRecord
100
AcDbBlockTableRecord
  2
*D44
340
0
 70
0
280
1
281
0
  0
BLOCK_RECORD
  5
B1F
330
1
100
AcDbSymbolTableRecord
100
AcDbBlockTableRecord
  2
*D45
340
0
 70
0
280
1
281
0
  0
BLOCK_RECORD
  5
B40
330
1
100
AcDbSymbolTableRecord
100
AcDbBlockTableRecord
  2
*D46
340
0
 70
0
280
1
281
0
  0
BLOCK_RECORD
  5
B4C
330
1
100
AcDbSymbolTableRecord
100
AcDbBlockTableRecord
  2
*D47
340
0
 70
0
280
1
281
0
  0
BLOCK_RECORD
  5
B58
330
1
100
AcDbSymbolTableRecord
100
AcDbBlockTableRecord
  2
*D48
340
0
 70
0
280
1
281
0
  0
BLOCK_RECORD
  5
B64
330
1
100
AcDbSymbolTableRecord
100
AcDbBlockTableRecord
  2
*D49
340
0
 70
0
280
1
281
0
  0
BLOCK_RECORD
  5
B70
330
1
100
AcDbSymbolTableRecord
100
AcDbBlockTableRecord
  2
*D50
340
0
 70
0
280
1
281
0
  0
BLOCK_RECORD
  5
B7C
330
1
100
AcDbSymbolTableRecord
100
AcDbBlockTableRecord
  2
*D51
340
0
 70
0
280
1
281
0
  0
BLOCK_RECORD
  5
BC4
330
1
100
AcDbSymbolTableRecord
100
AcDbBlockTableRecord
  2
*D52
340
0
 70
0
280
1
281
0
  0
BLOCK_RECORD
  5
BDC
330
1
100
AcDbSymbolTableRecord
100
AcDbBlockTableRecord
  2
*D53
340
0
 70
0
280
1
281
0
  0
BLOCK_RECORD
  5
C53
102
{ACAD_XDICTIONARY
360
C54
102
}
330
1
100
AcDbSymbolTableRecord
100
AcDbBlockTableRecord
  2
DOOR ATTRIBUTE
340
0
 70
4
280
1
281
0
1001
AcDbDynamicBlockGUID
1000
{647D9F55-E427-3B49-9E52-94B700CB652D}
  0
BLOCK_RECORD
  5
C5A
102
{ACAD_XDICTIONARY
360
C5B
102
}
330
1
100
AcDbSymbolTableRecord
100
AcDbBlockTableRecord
  2
WINDOW
340
0
 70
4
280
1
281
0
1001
AcDbDynamicBlockGUID
1000
{840F4825-C10B-5448-A622-DB6429A1F0CE}
  0
ENDTAB
  0
ENDSEC
  0
SECTION
  2
BLOCKS
  0
BLOCK
  5
20
330
1F
100
AcDbEntity
  8
0
100
AcDbBlockBegin
  2
*Model_Space
 70
0
 10
0.0
 20
0.0
 30
0.0
  3
*Model_Space
  1

  0
ENDBLK
  5
21
330
1F
100
AcDbEntity
  8
0
100
AcDbBlockEnd
  0
BLOCK
  5
D4
330
D2
100
AcDbEntity
 67
1
  8
0
100
AcDbBlockBegin
  2
*Paper_Space
 70
0
 10
0.0
 20
0.0
 30
0.0
  3
*Paper_Space
  1

  0
ENDBLK
  5
D5
330
D2
100
AcDbEntity
 67
1
  8
0
100
AcDbBlockEnd
  0
BLOCK
  5
D8
330
D6
100
AcDbEntity
 67
1
  8
0
100
AcDbBlockBegin
  2
*Paper_Space0
 70
0
 10
0.0
 20
0.0
 30
0.0
  3
*Paper_Space0
  1

  0
ENDBLK
  5
D9
330
D6
100
AcDbEntity
 67
1
  8
0
100
AcDbBlockEnd
  0
BLOCK
  5
2A1
330
2A0
100
AcDbEntity
  8
0
100
AcDbBlockBegin
  2
_ArchTick
 70
0
 10
0.0
 20
0.0
 30
0.0
  3
_ArchTick
  1

  0
LWPOLYLINE
  5
2A2
330
2A0
100
AcDbEntity
  8
0
  6
ByBlock
 62
0
100
AcDbPolyline
 90
2
 70
0
 43
0.15
 10
-0.5
 20
-0.5
 10
0.5
 20
0.5
  0
ENDBLK
  5
2A3
330
2A0
100
AcDbEntity
  8
0
100
AcDbBlockEnd
  0
BLOCK
  5
8C8
330
8C7
100
AcDbEntity
  8
0
100
AcDbBlockBegin
  2
*D2
 70
1
 10
0.0
 20
0.0
 30
0.0
  3
*D2
  1

  0
LINE
  5
93F
330
8C7
100
AcDbEntity
  8
0
 62
253
370
-2
440
16777216
100
AcDbLine
 10
3317.362527400617
 20
14191.25488955151
 30
0.0
 11
3317.362527400617
 21
14893.4339439021
 31
0.0
  0
LINE
  5
940
330
8C7
100
AcDbEntity
  8
0
 62
253
370
-2
440
16777216
100
AcDbLine
 10
5517.362527400617
 20
14191.25488955151
 30
0.0
 11
5517.362527400617
 21
14893.4339439021
 31
0.0
  0
LINE
  5
941
330
8C7
100
AcDbEntity
  8
0
 62
253
370
-2
440
16777216
100
AcDbLine
 10
3237.362527400617
 20
14813.4339439021
 30
0.0
 11
5597.362527400617
 21
14813.4339439021
 31
0.0
  0
INSERT
  5
942
330
8C7
100
AcDbEntity
  8
0
 62
253
370
-2
440
16777216
100
AcDbBlockReference
  2
_ArchTick
 10
3317.362527400617
 20
14813.4339439021
 30
0.0
 41
80.0
 42
80.0
 43
80.0
 50
180.0
  0
INSERT
  5
943
330
8C7
100
AcDbEntity
  8
0
 62
253
370
-2
440
16777216
100
AcDbBlockReference
  2
_ArchTick
 10
5517.362527400617
 20
14813.4339439021
 30
0.0
 41
80.0
 42
80.0
 43
80.0
  0
MTEXT
  5
944
330
8C7
100
AcDbEntity
  8
0
 62
1
440
16777216
100
AcDbMText
 10
4417.362527400617
 20
14884.49124267427
 30
0.0
 40
100.0
 41
0.0
 46
0.0
 71
5
  1
\A1;2200
  0
POINT
  5
945
330
8C7
100
AcDbEntity
  8
Defpoints
 62
0
440
16777216
100
AcDbPoint
 10
3317.362527400617
 20
14111.25488955151
 30
0.0
  0
POINT
  5
946
330
8C7
100
AcDbEntity
  8
Defpoints
 62
0
440
16777216
100
AcDbPoint
 10
5517.362527400617
 20
14111.25488955151
 30
0.0
  0
POINT
  5
947
330
8C7
100
AcDbEntity
  8
Defpoints
 62
0
440
16777216
100
AcDbPoint
 10
5517.362527400617
 20
14813.4339439021
 30
0.0
  0
ENDBLK
  5
8C9
330
8C7
100
AcDbEntity
  8
0
100
AcDbBlockEnd
  0
BLOCK
  5
8D4
330
8D3
100
AcDbEntity
  8
0
100
AcDbBlockBegin
  2
*D3
 70
1
 10
0.0
 20
0.0
 30
0.0
  3
*D3
  1

  0
LINE
  5
9A8
330
8D3
100
AcDbEntity
  8
0
 62
253
370
-2
440
16777216
100
AcDbLine
 10
3237.362527400619
 20
14111.25488955152
 30
0.0
 11
2930.3748310335
 21
14111.25488955152
 31
0.0
  0
LINE
  5
9A9
330
8D3
100
AcDbEntity
  8
0
 62
253
370
-2
440
16777216
100
AcDbLine
 10
5387.362527400621
 20
12661.25488955152
 30
0.0
 11
2930.374831033501
 21
12661.25488955151
 31
0.0
  0
LINE
  5
9AA
330
8D3
100
AcDbEntity
  8
0
 62
253
370
-2
440
16777216
100
AcDbLine
 10
3010.3748310335
 20
14191.25488955152
 30
0.0
 11
3010.3748310335
 21
12581.25488955151
 31
0.0
  0
INSERT
  5
9AB
330
8D3
100
AcDbEntity
  8
0
 62
253
370
-2
440
16777216
100
AcDbBlockReference
  2
_ArchTick
 10
3010.3748310335
 20
14111.25488955152
 30
0.0
 41
80.0
 42
80.0
 43
80.0
 50
90.0
  0
INSERT
  5
9AC
330
8D3
100
AcDbEntity
  8
0
 62
253
370
-2
440
16777216
100
AcDbBlockReference
  2
_ArchTick
 10
3010.3748310335
 20
12661.25488955151
 30
0.0
 41
80.0
 42
80.0
 43
80.0
 50
270.0
  0
MTEXT
  5
9AD
330
8D3
100
AcDbEntity
  8
0
 62
1
440
16777216
100
AcDbMText
 10
2939.317532261334
 20
13386.25488955151
 30
0.0
 40
100.0
 41
0.0
 46
0.0
 71
5
  1
\A1;1450
 11
1e-16
 21
1.0
 31
0.0
  0
POINT
  5
9AE
330
8D3
100
AcDbEntity
  8
Defpoints
 62
0
440
16777216
100
AcDbPoint
 10
3317.362527400619
 20
14111.25488955152
 30
0.0
  0
POINT
  5
9AF
330
8D3
100
AcDbEntity
  8
Defpoints
 62
0
440
16777216
100
AcDbPoint
 10
5467.362527400621
 20
12661.25488955152
 30
0.0
  0
POINT
  5
9B0
330
8D3
100
AcDbEntity
  8
Defpoints
 62
0
440
16777216
100
AcDbPoint
 10
3010.3748310335
 20
12661.25488955151
 30
0.0
  0
ENDBLK
  5
8D5
330
8D3
100
AcDbEntity
  8
0
100
AcDbBlockEnd
  0
BLOCK
  5
8E0
330
8DF
100
AcDbEntity
  8
0
100
AcDbBlockBegin
  2
*D4
 70
1
 10
0.0
 20
0.0
 30
0.0
  3
*D4
  1

  0
LINE
  5
A1D
330
8DF
100
AcDbEntity
  8
0
 62
253
370
-2
440
16777216
100
AcDbLine
 10
37209.15808358615
 20
14191.25488955151
 30
0.0
 11
37209.15808358615
 21
15175.09317653929
 31
0.0
  0
LINE
  5
A1E
330
8DF
100
AcDbEntity
  8
0
 62
253
370
-2
440
16777216
100
AcDbLine
 10
45209.15808358615
 20
14191.25488955151
 30
0.0
 11
45209.15808358615
 21
15175.09317653929
 31
0.0
  0
LINE
  5
A1F
330
8DF
100
AcDbEntity
  8
0
 62
253
370
-2
440
16777216
100
AcDbLine
 10
37129.15808358615
 20
15095.09317653929
 30
0.0
 11
45289.15808358615
 21
15095.09317653929
 31
0.0
  0
INSERT
  5
A20
330
8DF
100
AcDbEntity
  8
0
 62
253
370
-2
440
16777216
100
AcDbBlockReference
  2
_ArchTick
 10
37209.15808358615
 20
15095.09317653929
 30
0.0
 41
80.0
 42
80.0
 43
80.0
 50
180.0
  0
INSERT
  5
A21
330
8DF
100
AcDbEntity
  8
0
 62
253
370
-2
440
16777216
100
AcDbBlockReference
  2
_ArchTick
 10
45209.15808358615
 20
15095.09317653929
 30
0.0
 41
80.0
 42
80.0
 43
80.0
  0
MTEXT
  5
A22
330
8DF
100
AcDbEntity
  8
0
 62
1
440
16777216
100
AcDbMText
 10
41209.15808358615
 20
15166.15047531146
 30
0.0
 40
100.0
 41
0.0
 46
0.0
 71
5
  1
\A1;8000
  0
POINT
  5
A23
330
8DF
100
AcDbEntity
  8
Defpoints
 62
0
440
16777216
100
AcDbPoint
 10
37209.15808358615
 20
14111.25488955151
 30
0.0
  0
POINT
  5
A24
330
8DF
100
AcDbEntity
  8
Defpoints
 62
0
440
16777216
100
AcDbPoint
 10
45209.15808358615
 20
14111.25488955151
 30
0.0
  0
POINT
  5
A25
330
8DF
100
AcDbEntity
  8
Defpoints
 62
0
440
16777216
100
AcDbPoint
 10
45209.15808358615
 20
15095.09317653929
 30
0.0
  0
ENDBLK
  5
8E1
330
8DF
100
AcDbEntity
  8
0
100
AcDbBlockEnd
  0
BLOCK
  5
8EC
330
8EB
100
AcDbEntity
  8
0
100
AcDbBlockBegin
  2
*D5
 70
1
 10
0.0
 20
0.0
 30
0.0
  3
*D5
  1

  0
LINE
  5
A92
330
8EB
100
AcDbEntity
  8
0
 62
253
370
-2
440
16777216
100
AcDbLine
 10
42059.15808358615
 20
7031.254889551511
 30
0.0
 11
42059.15808358615
 21
3706.329436162546
 31
0.0
  0
LINE
  5
A93
330
8EB
100
AcDbEntity
  8
0
 62
253
370
-2
440
16777216
100
AcDbLine
 10
43259.15808358615
 20
5831.25488955151
 30
0.0
 11
43259.15808358615
 21
3706.329436162546
 31
0.0
  0
LINE
  5
A94
330
8EB
100
AcDbEntity
  8
0
 62
253
370
-2
440
16777216
100
AcDbLine
 10
41979.15808358615
 20
3786.329436162546
 30
0.0
 11
43339.15808358615
 21
3786.329436162546
 31
0.0
  0
INSERT
  5
A95
330
8EB
100
AcDbEntity
  8
0
 62
253
370
-2
440
16777216
100
AcDbBlockReference
  2
_ArchTick
 10
42059.15808358615
 20
3786.329436162546
 30
0.0
 41
80.0
 42
80.0
 43
80.0
 50
180.0
  0
INSERT
  5
A96
330
8EB
100
AcDbEntity
  8
0
 62
253
370
-2
440
16777216
100
AcDbBlockReference
  2
_ArchTick
 10
43259.15808358615
 20
3786.329436162546
 30
0.0
 41
80.0
 42
80.0
 43
80.0
  0
MTEXT
  5
A97
330
8EB
100
AcDbEntity
  8
0
 62
1
440
16777216
100
AcDbMText
 10
42659.15808358615
 20
3857.386734934716
 30
0.0
 40
100.0
 41
0.0
 46
0.0
 71
5
  1
\A1;1200
  0
POINT
  5
A98
330
8EB
100
AcDbEntity
  8
Defpoints
 62
0
440
16777216
100
AcDbPoint
 10
42059.15808358615
 20
7111.25488955151
 30
0.0
  0
POINT
  5
A99
330
8EB
100
AcDbEntity
  8
Defpoints
 62
0
440
16777216
100
AcDbPoint
 10
43259.15808358615
 20
5911.254889551511
 30
0.0
  0
POINT
  5
A9A
330
8EB
100
AcDbEntity
  8
Defpoints
 62
0
440
16777216
100
AcDbPoint
 10
43259.15808358615
 20
3786.329436162546
 30
0.0
  0
ENDBLK
  5
8ED
330
8EB
100
AcDbEntity
  8
0
100
AcDbBlockEnd
  0
BLOCK
  5
8F8
330
8F7
100
AcDbEntity
  8
0
100
AcDbBlockBegin
  2
*D6
 70
1
 10
0.0
 20
0.0
 30
0.0
  3
*D6
  1

  0
LINE
  5
A9B
330
8F7
100
AcDbEntity
  8
0
 62
253
370
-2
440
16777216
100
AcDbLine
 10
43259.15808358615
 20
5831.25488955151
 30
0.0
 11
43259.15808358615
 21
3706.329436162546
 31
0.0
  0
LINE
  5
A9C
330
8F7
100
AcDbEntity
  8
0
 62
253
370
-2
440
16777216
100
AcDbLine
 10
45209.15808358615
 20
7831.254889551506
 30
0.0
 11
45209.15808358615
 21
3706.329436162546
 31
0.0
  0
LINE
  5
A9D
330
8F7
100
AcDbEntity
  8
0
 62
253
370
-2
440
16777216
100
AcDbLine
 10
43179.15808358615
 20
3786.329436162546
 30
0.0
 11
45289.15808358615
 21
3786.329436162546
 31
0.0
  0
INSERT
  5
A9E
330
8F7
100
AcDbEntity
  8
0
 62
253
370
-2
440
16777216
100
AcDbBlockReference
  2
_ArchTick
 10
43259.15808358615
 20
3786.329436162546
 30
0.0
 41
80.0
 42
80.0
 43
80.0
 50
180.0
  0
INSERT
  5
A9F
330
8F7
100
AcDbEntity
  8
0
 62
253
370
-2
440
16777216
100
AcDbBlockReference
  2
_ArchTick
 10
45209.15808358615
 20
3786.329436162546
 30
0.0
 41
80.0
 42
80.0
 43
80.0
  0
MTEXT
  5
AA0
330
8F7
100
AcDbEntity
  8
0
 62
1
440
16777216
100
AcDbMText
 10
44234.15808358615
 20
3857.386734934716
 30
0.0
 40
100.0
 41
0.0
 46
0.0
 71
5
  1
\A1;1950
  0
POINT
  5
AA1
330
8F7
100
AcDbEntity
  8
Defpoints
 62
0
440
16777216
100
AcDbPoint
 10
43259.15808358615
 20
5911.254889551511
 30
0.0
  0
POINT
  5
AA2
330
8F7
100
AcDbEntity
  8
Defpoints
 62
0
440
16777216
100
AcDbPoint
 10
45209.15808358615
 20
7911.254889551506
 30
0.0
  0
POINT
  5
AA3
330
8F7
100
AcDbEntity
  8
Defpoints
 62
0
440
16777216
100
AcDbPoint
 10
45209.15808358615
 20
3786.329436162546
 30
0.0
  0
ENDBLK
  5
8F9
330
8F7
100
AcDbEntity
  8
0
100
AcDbBlockEnd
  0
BLOCK
  5
904
330
903
100
AcDbEntity
  8
0
100
AcDbBlockBegin
  2
*D7
 70
1
 10
0.0
 20
0.0
 30
0.0
  3
*D7
  1

  0
LINE
  5
AB0
330
903
100
AcDbEntity
  8
0
 62
253
370
-2
440
16777216
100
AcDbLine
 10
20368.05304170902
 20
14191.25488955151
 30
0.0
 11
20368.05304170902
 21
14893.4339439021
 31
0.0
  0
LINE
  5
AB1
330
903
100
AcDbEntity
  8
0
 62
253
370
-2
440
16777216
100
AcDbLine
 10
22568.05304170902
 20
14191.25488955151
 30
0.0
 11
22568.05304170902
 21
14893.4339439021
 31
0.0
  0
LINE
  5
AB2
330
903
100
AcDbEntity
  8
0
 62
253
370
-2
440
16777216
100
AcDbLine
 10
20288.05304170902
 20
14813.4339439021
 30
0.0
 11
22648.05304170902
 21
14813.4339439021
 31
0.0
  0
INSERT
  5
AB3
330
903
100
AcDbEntity
  8
0
 62
253
370
-2
440
16777216
100
AcDbBlockReference
  2
_ArchTick
 10
20368.05304170902
 20
14813.4339439021
 30
0.0
 41
80.0
 42
80.0
 43
80.0
 50
180.0
  0
INSERT
  5
AB4
330
903
100
AcDbEntity
  8
0
 62
253
370
-2
440
16777216
100
AcDbBlockReference
  2
_ArchTick
 10
22568.05304170902
 20
14813.4339439021
 30
0.0
 41
80.0
 42
80.0
 43
80.0
  0
MTEXT
  5
AB5
330
903
100
AcDbEntity
  8
0
 62
1
440
16777216
100
AcDbMText
 10
21468.05304170902
 20
14884.49124267427
 30
0.0
 40
100.0
 41
0.0
 46
0.0
 71
5
  1
\A1;2200
  0
POINT
  5
AB6
330
903
100
AcDbEntity
  8
Defpoints
 62
0
440
16777216
100
AcDbPoint
 10
20368.05304170902
 20
14111.25488955151
 30
0.0
  0
POINT
  5
AB7
330
903
100
AcDbEntity
  8
Defpoints
 62
0
440
16777216
100
AcDbPoint
 10
22568.05304170902
 20
14111.25488955151
 30
0.0
  0
POINT
  5
AB8
330
903
100
AcDbEntity
  8
Defpoints
 62
0
440
16777216
100
AcDbPoint
 10
22568.05304170902
 20
14813.4339439021
 30
0.0
  0
ENDBLK
  5
905
330
903
100
AcDbEntity
  8
0
100
AcDbBlockEnd
  0
BLOCK
  5
910
330
90F
100
AcDbEntity
  8
0
100
AcDbBlockBegin
  2
*D8
 70
1
 10
0.0
 20
0.0
 30
0.0
  3
*D8
  1

  0
LINE
  5
ADD
330
90F
100
AcDbEntity
  8
0
 62
253
370
-2
440
16777216
100
AcDbLine
 10
20288.05304170903
 20
4111.254889551512
 30
0.0
 11
19702.59022896851
 21
4111.254889551512
 31
0.0
  0
LINE
  5
ADE
330
90F
100
AcDbEntity
  8
0
 62
253
370
-2
440
16777216
100
AcDbLine
 10
20288.05304170903
 20
5911.254889551512
 30
0.0
 11
19702.59022896851
 21
5911.254889551512
 31
0.0
  0
LINE
  5
ADF
330
90F
100
AcDbEntity
  8
0
 62
253
370
-2
440
16777216
100
AcDbLine
 10
19782.59022896851
 20
4031.254889551512
 30
0.0
 11
19782.59022896851
 21
5991.254889551512
 31
0.0
  0
INSERT
  5
AE0
330
90F
100
AcDbEntity
  8
0
 62
253
370
-2
440
16777216
100
AcDbBlockReference
  2
_ArchTick
 10
19782.59022896851
 20
4111.254889551512
 30
0.0
 41
80.0
 42
80.0
 43
80.0
 50
270.0
  0
INSERT
  5
AE1
330
90F
100
AcDbEntity
  8
0
 62
253
370
-2
440
16777216
100
AcDbBlockReference
  2
_ArchTick
 10
19782.59022896851
 20
5911.254889551512
 30
0.0
 41
80.0
 42
80.0
 43
80.0
 50
90.0
  0
MTEXT
  5
AE2
330
90F
100
AcDbEntity
  8
0
 62
1
440
16777216
100
AcDbMText
 10
19711.53293019634
 20
5011.254889551505
 30
0.0
 40
100.0
 41
0.0
 46
0.0
 71
5
  1
\A1;1800
 11
1e-16
 21
1.0
 31
0.0
  0
POINT
  5
AE3
330
90F
100
AcDbEntity
  8
Defpoints
 62
0
440
16777216
100
AcDbPoint
 10
20368.05304170903
 20
4111.254889551512
 30
0.0
  0
POINT
  5
AE4
330
90F
100
AcDbEntity
  8
Defpoints
 62
0
440
16777216
100
AcDbPoint
 10
20368.05304170903
 20
5911.254889551512
 30
0.0
  0
POINT
  5
AE5
330
90F
100
AcDbEntity
  8
Defpoints
 62
0
440
16777216
100
AcDbPoint
 10
19782.59022896851
 20
5911.254889551512
 30
0.0
  0
ENDBLK
  5
911
330
90F
100
AcDbEntity
  8
0
100
AcDbBlockEnd
  0
BLOCK
  5
91C
330
91B
100
AcDbEntity
  8
0
100
AcDbBlockBegin
  2
*D9
 70
1
 10
0.0
 20
0.0
 30
0.0
  3
*D9
  1

  0
LINE
  5
C29
330
91B
100
AcDbEntity
  8
0
 62
253
370
-2
440
16777216
100
AcDbLine
 10
20288.05304170903
 20
14111.25488955152
 30
0.0
 11
19964.81023320175
 21
14111.25488955152
 31
0.0
  0
LINE
  5
C2A
330
91B
100
AcDbEntity
  8
0
 62
253
370
-2
440
16777216
100
AcDbLine
 10
20288.05304170903
 20
11611.25488955152
 30
0.0
 11
19964.81023320175
 21
11611.25488955152
 31
0.0
  0
LINE
  5
C2B
330
91B
100
AcDbEntity
  8
0
 62
253
370
-2
440
16777216
100
AcDbLine
 10
20044.81023320175
 20
14191.25488955152
 30
0.0
 11
20044.81023320175
 21
11531.25488955152
 31
0.0
  0
INSERT
  5
C2C
330
91B
100
AcDbEntity
  8
0
 62
253
370
-2
440
16777216
100
AcDbBlockReference
  2
_ArchTick
 10
20044.81023320175
 20
14111.25488955152
 30
0.0
 41
80.0
 42
80.0
 43
80.0
 50
90.0
  0
INSERT
  5
C2D
330
91B
100
AcDbEntity
  8
0
 62
253
370
-2
440
16777216
100
AcDbBlockReference
  2
_ArchTick
 10
20044.81023320175
 20
11611.25488955152
 30
0.0
 41
80.0
 42
80.0
 43
80.0
 50
270.0
  0
MTEXT
  5
C2E
330
91B
100
AcDbEntity
  8
0
 62
1
440
16777216
100
AcDbMText
 10
19973.75293442958
 20
12861.25488955151
 30
0.0
 40
100.0
 41
0.0
 46
0.0
 71
5
  1
\A1;2500
 11
1e-16
 21
1.0
 31
0.0
  0
POINT
  5
C2F
330
91B
100
AcDbEntity
  8
Defpoints
 62
0
440
16777216
100
AcDbPoint
 10
20368.05304170903
 20
14111.25488955152
 30
0.0
  0
POINT
  5
C30
330
91B
100
AcDbEntity
  8
Defpoints
 62
0
440
16777216
100
AcDbPoint
 10
20368.05304170903
 20
11611.25488955152
 30
0.0
  0
POINT
  5
C31
330
91B
100
AcDbEntity
  8
Defpoints
 62
0
440
16777216
100
AcDbPoint
 10
20044.81023320175
 20
11611.25488955152
 30
0.0
  0
ENDBLK
  5
91D
330
91B
100
AcDbEntity
  8
0
100
AcDbBlockEnd
  0
BLOCK
  5
928
330
927
100
AcDbEntity
  8
0
100
AcDbBlockBegin
  2
*D10
 70
1
 10
0.0
 20
0.0
 30
0.0
  3
*D10
  1

  0
LINE
  5
B37
330
927
100
AcDbEntity
  8
0
 62
253
370
-2
440
16777216
100
AcDbLine
 10
20368.05304170902
 20
5831.25488955151
 30
0.0
 11
20368.05304170902
 21
2991.566510566773
 31
0.0
  0
LINE
  5
B38
330
927
100
AcDbEntity
  8
0
 62
253
370
-2
440
16777216
100
AcDbLine
 10
25218.05304170902
 20
5831.254889551506
 30
0.0
 11
25218.05304170902
 21
2991.566510566773
 31
0.0
  0
LINE
  5
B39
330
927
100
AcDbEntity
  8
0
 62
253
370
-2
440
16777216
100
AcDbLine
 10
20288.05304170902
 20
3071.566510566772
 30
0.0
 11
25298.05304170902
 21
3071.566510566772
 31
0.0
  0
INSERT
  5
B3A
330
927
100
AcDbEntity
  8
0
 62
253
370
-2
440
16777216
100
AcDbBlockReference
  2
_ArchTick
 10
20368.05304170902
 20
3071.566510566772
 30
0.0
 41
80.0
 42
80.0
 43
80.0
 50
180.0
  0
INSERT
  5
B3B
330
927
100
AcDbEntity
  8
0
 62
253
370
-2
440
16777216
100
AcDbBlockReference
  2
_ArchTick
 10
25218.05304170902
 20
3071.566510566772
 30
0.0
 41
80.0
 42
80.0
 43
80.0
  0
MTEXT
  5
B3C
330
927
100
AcDbEntity
  8
0
 62
1
440
16777216
100
AcDbMText
 10
22793.05304170902
 20
3142.623809338942
 30
0.0
 40
100.0
 41
0.0
 46
0.0
 71
5
  1
\A1;4850
  0
POINT
  5
B3D
330
927
100
AcDbEntity
  8
Defpoints
 62
0
440
16777216
100
AcDbPoint
 10
20368.05304170902
 20
5911.254889551511
 30
0.0
  0
POINT
  5
B3E
330
927
100
AcDbEntity
  8
Defpoints
 62
0
440
16777216
100
AcDbPoint
 10
25218.05304170902
 20
5911.254889551507
 30
0.0
  0
POINT
  5
B3F
330
927
100
AcDbEntity
  8
Defpoints
 62
0
440
16777216
100
AcDbPoint
 10
25218.05304170902
 20
3071.566510566772
 30
0.0
  0
ENDBLK
  5
929
330
927
100
AcDbEntity
  8
0
100
AcDbBlockEnd
  0
BLOCK
  5
934
330
933
100
AcDbEntity
  8
0
100
AcDbBlockBegin
  2
*D11
 70
1
 10
0.0
 20
0.0
 30
0.0
  3
*D11
  1

  0
LINE
  5
936
330
933
100
AcDbEntity
  8
0
 62
253
370
-2
440
16777216
100
AcDbLine
 10
3317.362527400617
 20
14191.25488955151
 30
0.0
 11
3317.362527400617
 21
15175.09317653929
 31
0.0
  0
LINE
  5
937
330
933
100
AcDbEntity
  8
0
 62
253
370
-2
440
16777216
100
AcDbLine
 10
11317.36252740062
 20
14191.25488955151
 30
0.0
 11
11317.36252740062
 21
15175.09317653929
 31
0.0
  0
LINE
  5
938
330
933
100
AcDbEntity
  8
0
 62
253
370
-2
440
16777216
100
AcDbLine
 10
3237.362527400617
 20
15095.09317653929
 30
0.0
 11
11397.36252740062
 21
15095.09317653929
 31
0.0
  0
INSERT
  5
939
330
933
100
AcDbEntity
  8
0
 62
253
370
-2
440
16777216
100
AcDbBlockReference
  2
_ArchTick
 10
3317.362527400617
 20
15095.09317653929
 30
0.0
 41
80.0
 42
80.0
 43
80.0
 50
180.0
  0
INSERT
  5
93A
330
933
100
AcDbEntity
  8
0
 62
253
370
-2
440
16777216
100
AcDbBlockReference
  2
_ArchTick
 10
11317.36252740062
 20
15095.09317653929
 30
0.0
 41
80.0
 42
80.0
 43
80.0
  0
MTEXT
  5
93B
330
933
100
AcDbEntity
  8
0
 62
1
440
16777216
100
AcDbMText
 10
7317.362527400617
 20
15166.15047531146
 30
0.0
 40
100.0
 41
0.0
 46
0.0
 71
5
  1
\A1;8000
  0
POINT
  5
93C
330
933
100
AcDbEntity
  8
Defpoints
 62
0
440
16777216
100
AcDbPoint
 10
3317.362527400617
 20
14111.25488955151
 30
0.0
  0
POINT
  5
93D
330
933
100
AcDbEntity
  8
Defpoints
 62
0
440
16777216
100
AcDbPoint
 10
11317.36252740062
 20
14111.25488955151
 30
0.0
  0
POINT
  5
93E
330
933
100
AcDbEntity
  8
Defpoints
 62
0
440
16777216
100
AcDbPoint
 10
11317.36252740062
 20
15095.09317653929
 30
0.0
  0
ENDBLK
  5
935
330
933
100
AcDbEntity
  8
0
100
AcDbBlockEnd
  0
BLOCK
  5
949
330
948
100
AcDbEntity
  8
0
100
AcDbBlockBegin
  2
*D12
 70
1
 10
0.0
 20
0.0
 30
0.0
  3
*D12
  1

  0
LINE
  5
94B
330
948
100
AcDbEntity
  8
0
 62
253
370
-2
440
16777216
100
AcDbLine
 10
5517.362527400617
 20
14191.25488955151
 30
0.0
 11
5517.362527400617
 21
14893.4339439021
 31
0.0
  0
LINE
  5
94C
330
948
100
AcDbEntity
  8
0
 62
253
370
-2
440
16777216
100
AcDbLine
 10
8092.362527400617
 20
14281.45659402906
 30
0.0
 11
8092.362527400617
 21
14893.4339439021
 31
0.0
  0
LINE
  5
94D
330
948
100
AcDbEntity
  8
0
 62
253
370
-2
440
16777216
100
AcDbLine
 10
5437.362527400617
 20
14813.4339439021
 30
0.0
 11
8172.362527400617
 21
14813.4339439021
 31
0.0
  0
INSERT
  5
94E
330
948
100
AcDbEntity
  8
0
 62
253
370
-2
440
16777216
100
AcDbBlockReference
  2
_ArchTick
 10
5517.362527400617
 20
14813.4339439021
 30
0.0
 41
80.0
 42
80.0
 43
80.0
 50
180.0
  0
INSERT
  5
94F
330
948
100
AcDbEntity
  8
0
 62
253
370
-2
440
16777216
100
AcDbBlockReference
  2
_ArchTick
 10
8092.362527400617
 20
14813.4339439021
 30
0.0
 41
80.0
 42
80.0
 43
80.0
  0
MTEXT
  5
950
330
948
100
AcDbEntity
  8
0
 62
1
440
16777216
100
AcDbMText
 10
6804.862527400617
 20
14884.49124267427
 30
0.0
 40
100.0
 41
0.0
 46
0.0
 71
5
  1
\A1;2575
  0
POINT
  5
951
330
948
100
AcDbEntity
  8
Defpoints
 62
0
440
16777216
100
AcDbPoint
 10
5517.362527400617
 20
14111.25488955151
 30
0.0
  0
POINT
  5
952
330
948
100
AcDbEntity
  8
Defpoints
 62
0
440
16777216
100
AcDbPoint
 10
8092.362527400617
 20
14201.45659402906
 30
0.0
  0
POINT
  5
953
330
948
100
AcDbEntity
  8
Defpoints
 62
0
440
16777216
100
AcDbPoint
 10
8092.362527400617
 20
14813.4339439021
 30
0.0
  0
ENDBLK
  5
94A
330
948
100
AcDbEntity
  8
0
100
AcDbBlockEnd
  0
BLOCK
  5
955
330
954
100
AcDbEntity
  8
0
100
AcDbBlockBegin
  2
*D13
 70
1
 10
0.0
 20
0.0
 30
0.0
  3
*D13
  1

  0
LINE
  5
B9C
330
954
100
AcDbEntity
  8
0
 62
253
370
-2
440
16777216
100
AcDbLine
 10
8092.362527400617
 20
14281.45659402906
 30
0.0
 11
8092.362527400617
 21
14893.43394390209
 31
0.0
  0
LINE
  5
B9D
330
954
100
AcDbEntity
  8
0
 62
253
370
-2
440
16777216
100
AcDbLine
 10
11317.36252740062
 20
14293.29035324955
 30
0.0
 11
11317.36252740062
 21
14893.43394390209
 31
0.0
  0
LINE
  5
B9E
330
954
100
AcDbEntity
  8
0
 62
253
370
-2
440
16777216
100
AcDbLine
 10
8012.362527400616
 20
14813.43394390209
 30
0.0
 11
11397.36252740062
 21
14813.43394390209
 31
0.0
  0
INSERT
  5
B9F
330
954
100
AcDbEntity
  8
0
 62
253
370
-2
440
16777216
100
AcDbBlockReference
  2
_ArchTick
 10
8092.362527400617
 20
14813.43394390209
 30
0.0
 41
80.0
 42
80.0
 43
80.0
 50
180.0
  0
INSERT
  5
BA0
330
954
100
AcDbEntity
  8
0
 62
253
370
-2
440
16777216
100
AcDbBlockReference
  2
_ArchTick
 10
11317.36252740062
 20
14813.43394390209
 30
0.0
 41
80.0
 42
80.0
 43
80.0
  0
MTEXT
  5
BA1
330
954
100
AcDbEntity
  8
0
 62
1
440
16777216
100
AcDbMText
 10
9704.862527400617
 20
14884.52534908627
 30
0.0
 40
100.0
 41
0.0
 46
0.0
 71
5
  1
\A1;3225
  0
POINT
  5
BA2
330
954
100
AcDbEntity
  8
Defpoints
 62
0
440
16777216
100
AcDbPoint
 10
8092.362527400617
 20
14201.45659402906
 30
0.0
  0
POINT
  5
BA3
330
954
100
AcDbEntity
  8
Defpoints
 62
0
440
16777216
100
AcDbPoint
 10
11317.36252740062
 20
14213.29035324955
 30
0.0
  0
POINT
  5
BA4
330
954
100
AcDbEntity
  8
Defpoints
 62
0
440
16777216
100
AcDbPoint
 10
11317.36252740062
 20
14813.43394390209
 30
0.0
  0
ENDBLK
  5
956
330
954
100
AcDbEntity
  8
0
100
AcDbBlockEnd
  0
BLOCK
  5
961
330
960
100
AcDbEntity
  8
0
100
AcDbBlockBegin
  2
*D14
 70
1
 10
0.0
 20
0.0
 30
0.0
  3
*D14
  1

  0
LINE
  5
963
330
960
100
AcDbEntity
  8
0
 62
253
370
-2
440
16777216
100
AcDbLine
 10
3237.362527400619
 20
14111.25488955152
 30
0.0
 11
2392.874070115218
 21
14111.25488955152
 31
0.0
  0
LINE
  5
964
330
960
100
AcDbEntity
  8
0
 62
253
370
-2
440
16777216
100
AcDbLine
 10
3237.362527400619
 20
4111.254889551512
 30
0.0
 11
2392.87407011522
 21
4111.254889551512
 31
0.0
  0
LINE
  5
965
330
960
100
AcDbEntity
  8
0
 62
253
370
-2
440
16777216
100
AcDbLine
 10
2472.874070115218
 20
14191.25488955152
 30
0.0
 11
2472.87407011522
 21
4031.254889551511
 31
0.0
  0
INSERT
  5
966
330
960
100
AcDbEntity
  8
0
 62
253
370
-2
440
16777216
100
AcDbBlockReference
  2
_ArchTick
 10
2472.874070115218
 20
14111.25488955152
 30
0.0
 41
80.0
 42
80.0
 43
80.0
 50
90.0
  0
INSERT
  5
967
330
960
100
AcDbEntity
  8
0
 62
253
370
-2
440
16777216
100
AcDbBlockReference
  2
_ArchTick
 10
2472.87407011522
 20
4111.254889551512
 30
0.0
 41
80.0
 42
80.0
 43
80.0
 50
270.0
  0
MTEXT
  5
968
330
960
100
AcDbEntity
  8
0
 62
1
440
16777216
100
AcDbMText
 10
2401.816771343052
 20
9111.254889551512
 30
0.0
 40
100.0
 41
0.0
 46
0.0
 71
5
  1
\A1;10000
 11
1e-16
 21
1.0
 31
0.0
  0
POINT
  5
969
330
960
100
AcDbEntity
  8
Defpoints
 62
0
440
16777216
100
AcDbPoint
 10
3317.362527400619
 20
14111.25488955152
 30
0.0
  0
POINT
  5
96A
330
960
100
AcDbEntity
  8
Defpoints
 62
0
440
16777216
100
AcDbPoint
 10
3317.362527400619
 20
4111.254889551512
 30
0.0
  0
POINT
  5
96B
330
960
100
AcDbEntity
  8
Defpoints
 62
0
440
16777216
100
AcDbPoint
 10
2472.87407011522
 20
4111.254889551512
 30
0.0
  0
ENDBLK
  5
962
330
960
100
AcDbEntity
  8
0
100
AcDbBlockEnd
  0
BLOCK
  5
96D
330
96C
100
AcDbEntity
  8
0
100
AcDbBlockBegin
  2
*D15
 70
1
 10
0.0
 20
0.0
 30
0.0
  3
*D15
  1

  0
LINE
  5
96F
330
96C
100
AcDbEntity
  8
0
 62
253
370
-2
440
16777216
100
AcDbLine
 10
3237.362527400619
 20
4111.254889551512
 30
0.0
 11
2651.899714660082
 21
4111.254889551512
 31
0.0
  0
LINE
  5
970
330
96C
100
AcDbEntity
  8
0
 62
253
370
-2
440
16777216
100
AcDbLine
 10
3237.362527400619
 20
5911.254889551512
 30
0.0
 11
2651.899714660081
 21
5911.254889551512
 31
0.0
  0
LINE
  5
971
330
96C
100
AcDbEntity
  8
0
 62
253
370
-2
440
16777216
100
AcDbLine
 10
2731.899714660082
 20
4031.254889551511
 30
0.0
 11
2731.899714660081
 21
5991.254889551512
 31
0.0
  0
INSERT
  5
972
330
96C
100
AcDbEntity
  8
0
 62
253
370
-2
440
16777216
100
AcDbBlockReference
  2
_ArchTick
 10
2731.899714660082
 20
4111.254889551512
 30
0.0
 41
80.0
 42
80.0
 43
80.0
 50
270.0
  0
INSERT
  5
973
330
96C
100
AcDbEntity
  8
0
 62
253
370
-2
440
16777216
100
AcDbBlockReference
  2
_ArchTick
 10
2731.899714660081
 20
5911.254889551512
 30
0.0
 41
80.0
 42
80.0
 43
80.0
 50
90.0
  0
MTEXT
  5
974
330
96C
100
AcDbEntity
  8
0
 62
1
440
16777216
100
AcDbMText
 10
2660.842415887913
 20
5011.25488955151
 30
0.0
 40
100.0
 41
0.0
 46
0.0
 71
5
  1
\A1;1800
 11
1e-16
 21
1.0
 31
0.0
  0
POINT
  5
975
330
96C
100
AcDbEntity
  8
Defpoints
 62
0
440
16777216
100
AcDbPoint
 10
3317.362527400619
 20
4111.254889551512
 30
0.0
  0
POINT
  5
976
330
96C
100
AcDbEntity
  8
Defpoints
 62
0
440
16777216
100
AcDbPoint
 10
3317.362527400619
 20
5911.254889551512
 30
0.0
  0
POINT
  5
977
330
96C
100
AcDbEntity
  8
Defpoints
 62
0
440
16777216
100
AcDbPoint
 10
2731.899714660081
 20
5911.254889551512
 30
0.0
  0
ENDBLK
  5
96E
330
96C
100
AcDbEntity
  8
0
100
AcDbBlockEnd
  0
BLOCK
  5
979
330
978
100
AcDbEntity
  8
0
100
AcDbBlockBegin
  2
*D16
 70
1
 10
0.0
 20
0.0
 30
0.0
  3
*D16
  1

  0
LINE
  5
97B
330
978
100
AcDbEntity
  8
0
 62
253
370
-2
440
16777216
100
AcDbLine
 10
3237.362527400619
 20
5911.254889551512
 30
0.0
 11
2651.899714660081
 21
5911.254889551512
 31
0.0
  0
LINE
  5
97C
330
978
100
AcDbEntity
  8
0
 62
253
370
-2
440
16777216
100
AcDbLine
 10
3237.362527400619
 20
7111.254889551513
 30
0.0
 11
2651.899714660081
 21
7111.254889551513
 31
0.0
  0
LINE
  5
97D
330
978
100
AcDbEntity
  8
0
 62
253
370
-2
440
16777216
100
AcDbLine
 10
2731.899714660081
 20
5831.254889551512
 30
0.0
 11
2731.899714660081
 21
7191.254889551514
 31
0.0
  0
INSERT
  5
97E
330
978
100
AcDbEntity
  8
0
 62
253
370
-2
440
16777216
100
AcDbBlockReference
  2
_ArchTick
 10
2731.899714660081
 20
5911.254889551512
 30
0.0
 41
80.0
 42
80.0
 43
80.0
 50
270.0
  0
INSERT
  5
97F
330
978
100
AcDbEntity
  8
0
 62
253
370
-2
440
16777216
100
AcDbBlockReference
  2
_ArchTick
 10
2731.899714660081
 20
7111.254889551513
 30
0.0
 41
80.0
 42
80.0
 43
80.0
 50
90.0
  0
MTEXT
  5
980
330
978
100
AcDbEntity
  8
0
 62
1
440
16777216
100
AcDbMText
 10
2660.842415887913
 20
6511.25488955151
 30
0.0
 40
100.0
 41
0.0
 46
0.0
 71
5
  1
\A1;1200
 11
1e-16
 21
1.0
 31
0.0
  0
POINT
  5
981
330
978
100
AcDbEntity
  8
Defpoints
 62
0
440
16777216
100
AcDbPoint
 10
3317.362527400619
 20
5911.254889551512
 30
0.0
  0
POINT
  5
982
330
978
100
AcDbEntity
  8
Defpoints
 62
0
440
16777216
100
AcDbPoint
 10
3317.362527400619
 20
7111.254889551513
 30
0.0
  0
POINT
  5
983
330
978
100
AcDbEntity
  8
Defpoints
 62
0
440
16777216
100
AcDbPoint
 10
2731.899714660081
 20
7111.254889551513
 30
0.0
  0
ENDBLK
  5
97A
330
978
100
AcDbEntity
  8
0
100
AcDbBlockEnd
  0
BLOCK
  5
985
330
984
100
AcDbEntity
  8
0
100
AcDbBlockBegin
  2
*D17
 70
1
 10
0.0
 20
0.0
 30
0.0
  3
*D17
  1

  0
LINE
  5
987
330
984
100
AcDbEntity
  8
0
 62
253
370
-2
440
16777216
100
AcDbLine
 10
3237.362527400619
 20
7111.254889551513
 30
0.0
 11
2651.899714660082
 21
7111.254889551513
 31
0.0
  0
LINE
  5
988
330
984
100
AcDbEntity
  8
0
 62
253
370
-2
440
16777216
100
AcDbLine
 10
3237.362527400619
 20
9261.254889551514
 30
0.0
 11
2651.899714660081
 21
9261.254889551514
 31
0.0
  0
LINE
  5
989
330
984
100
AcDbEntity
  8
0
 62
253
370
-2
440
16777216
100
AcDbLine
 10
2731.899714660082
 20
7031.254889551513
 30
0.0
 11
2731.899714660081
 21
9341.254889551514
 31
0.0
  0
INSERT
  5
98A
330
984
100
AcDbEntity
  8
0
 62
253
370
-2
440
16777216
100
AcDbBlockReference
  2
_ArchTick
 10
2731.899714660082
 20
7111.254889551513
 30
0.0
 41
80.0
 42
80.0
 43
80.0
 50
270.0
  0
INSERT
  5
98B
330
984
100
AcDbEntity
  8
0
 62
253
370
-2
440
16777216
100
AcDbBlockReference
  2
_ArchTick
 10
2731.899714660081
 20
9261.254889551514
 30
0.0
 41
80.0
 42
80.0
 43
80.0
 50
90.0
  0
MTEXT
  5
98C
330
984
100
AcDbEntity
  8
0
 62
1
440
16777216
100
AcDbMText
 10
2660.842415887914
 20
8186.254889551511
 30
0.0
 40
100.0
 41
0.0
 46
0.0
 71
5
  1
\A1;2150
 11
1e-16
 21
1.0
 31
0.0
  0
POINT
  5
98D
330
984
100
AcDbEntity
  8
Defpoints
 62
0
440
16777216
100
AcDbPoint
 10
3317.362527400619
 20
7111.254889551513
 30
0.0
  0
POINT
  5
98E
330
984
100
AcDbEntity
  8
Defpoints
 62
0
440
16777216
100
AcDbPoint
 10
3317.362527400619
 20
9261.254889551514
 30
0.0
  0
POINT
  5
98F
330
984
100
AcDbEntity
  8
Defpoints
 62
0
440
16777216
100
AcDbPoint
 10
2731.899714660081
 20
9261.254889551514
 30
0.0
  0
ENDBLK
  5
986
330
984
100
AcDbEntity
  8
0
100
AcDbBlockEnd
  0
BLOCK
  5
991
330
990
100
AcDbEntity
  8
0
100
AcDbBlockBegin
  2
*D18
 70
1
 10
0.0
 20
0.0
 30
0.0
  3
*D18
  1

  0
LINE
  5
993
330
990
100
AcDbEntity
  8
0
 62
253
370
-2
440
16777216
100
AcDbLine
 10
3237.362527400619
 20
9261.254889551514
 30
0.0
 11
2651.899714660081
 21
9261.254889551514
 31
0.0
  0
LINE
  5
994
330
990
100
AcDbEntity
  8
0
 62
253
370
-2
440
16777216
100
AcDbLine
 10
3237.362527400619
 20
11611.25488955151
 30
0.0
 11
2651.899714660081
 21
11611.25488955151
 31
0.0
  0
LINE
  5
995
330
990
100
AcDbEntity
  8
0
 62
253
370
-2
440
16777216
100
AcDbLine
 10
2731.899714660082
 20
9181.254889551514
 30
0.0
 11
2731.899714660081
 21
11691.25488955151
 31
0.0
  0
INSERT
  5
996
330
990
100
AcDbEntity
  8
0
 62
253
370
-2
440
16777216
100
AcDbBlockReference
  2
_ArchTick
 10
2731.899714660081
 20
9261.254889551514
 30
0.0
 41
80.0
 42
80.0
 43
80.0
 50
270.0
  0
INSERT
  5
997
330
990
100
AcDbEntity
  8
0
 62
253
370
-2
440
16777216
100
AcDbBlockReference
  2
_ArchTick
 10
2731.899714660081
 20
11611.25488955151
 30
0.0
 41
80.0
 42
80.0
 43
80.0
 50
90.0
  0
MTEXT
  5
998
330
990
100
AcDbEntity
  8
0
 62
1
440
16777216
100
AcDbMText
 10
2660.808309475909
 20
10436.25488955151
 30
0.0
 40
100.0
 41
0.0
 46
0.0
 71
5
  1
\A1;2350
 11
1e-16
 21
1.0
 31
0.0
  0
POINT
  5
999
330
990
100
AcDbEntity
  8
Defpoints
 62
0
440
16777216
100
AcDbPoint
 10
3317.362527400619
 20
9261.254889551514
 30
0.0
  0
POINT
  5
99A
330
990
100
AcDbEntity
  8
Defpoints
 62
0
440
16777216
100
AcDbPoint
 10
3317.362527400619
 20
11611.25488955151
 30
0.0
  0
POINT
  5
99B
330
990
100
AcDbEntity
  8
Defpoints
 62
0
440
16777216
100
AcDbPoint
 10
2731.899714660081
 20
11611.25488955151
 30
0.0
  0
ENDBLK
  5
992
330
990
100
AcDbEntity
  8
0
100
AcDbBlockEnd
  0
BLOCK
  5
99D
330
99C
100
AcDbEntity
  8
0
100
AcDbBlockBegin
  2
*D19
 70
1
 10
0.0
 20
0.0
 30
0.0
  3
*D19
  1

  0
LINE
  5
99F
330
99C
100
AcDbEntity
  8
0
 62
253
370
-2
440
16777216
100
AcDbLine
 10
3237.362527400619
 20
11611.25488955151
 30
0.0
 11
2651.899714660081
 21
11611.25488955151
 31
0.0
  0
LINE
  5
9A0
330
99C
100
AcDbEntity
  8
0
 62
253
370
-2
440
16777216
100
AcDbLine
 10
3237.362527400619
 20
14111.25488955152
 30
0.0
 11
2651.89971466008
 21
14111.25488955152
 31
0.0
  0
LINE
  5
9A1
330
99C
100
AcDbEntity
  8
0
 62
253
370
-2
440
16777216
100
AcDbLine
 10
2731.899714660081
 20
11531.25488955151
 30
0.0
 11
2731.89971466008
 21
14191.25488955152
 31
0.0
  0
INSERT
  5
9A2
330
99C
100
AcDbEntity
  8
0
 62
253
370
-2
440
16777216
100
AcDbBlockReference
  2
_ArchTick
 10
2731.899714660081
 20
11611.25488955151
 30
0.0
 41
80.0
 42
80.0
 43
80.0
 50
270.0
  0
INSERT
  5
9A3
330
99C
100
AcDbEntity
  8
0
 62
253
370
-2
440
16777216
100
AcDbBlockReference
  2
_ArchTick
 10
2731.89971466008
 20
14111.25488955152
 30
0.0
 41
80.0
 42
80.0
 43
80.0
 50
90.0
  0
MTEXT
  5
9A4
330
99C
100
AcDbEntity
  8
0
 62
1
440
16777216
100
AcDbMText
 10
2660.842415887914
 20
12861.25488955151
 30
0.0
 40
100.0
 41
0.0
 46
0.0
 71
5
  1
\A1;2500
 11
1e-16
 21
1.0
 31
0.0
  0
POINT
  5
9A5
330
99C
100
AcDbEntity
  8
Defpoints
 62
0
440
16777216
100
AcDbPoint
 10
3317.362527400619
 20
11611.25488955151
 30
0.0
  0
POINT
  5
9A6
330
99C
100
AcDbEntity
  8
Defpoints
 62
0
440
16777216
100
AcDbPoint
 10
3317.362527400619
 20
14111.25488955152
 30
0.0
  0
POINT
  5
9A7
330
99C
100
AcDbEntity
  8
Defpoints
 62
0
440
16777216
100
AcDbPoint
 10
2731.89971466008
 20
14111.25488955152
 30
0.0
  0
ENDBLK
  5
99E
330
99C
100
AcDbEntity
  8
0
100
AcDbBlockEnd
  0
BLOCK
  5
9BE
330
9BD
100
AcDbEntity
  8
0
100
AcDbBlockBegin
  2
*D20
 70
1
 10
0.0
 20
0.0
 30
0.0
  3
*D20
  1

  0
LINE
  5
9C0
330
9BD
100
AcDbEntity
  8
0
 62
253
370
-2
440
16777216
100
AcDbLine
 10
7937.362527400622
 20
9111.254889551514
 30
0.0
 11
2930.374831033502
 21
9111.254889551512
 31
0.0
  0
LINE
  5
9C1
330
9BD
100
AcDbEntity
  8
0
 62
253
370
-2
440
16777216
100
AcDbLine
 10
3237.362527400619
 20
7111.254889551513
 30
0.0
 11
2930.374831033502
 21
7111.254889551513
 31
0.0
  0
LINE
  5
9C2
330
9BD
100
AcDbEntity
  8
0
 62
253
370
-2
440
16777216
100
AcDbLine
 10
3010.374831033502
 20
9191.254889551512
 30
0.0
 11
3010.374831033502
 21
7031.254889551513
 31
0.0
  0
INSERT
  5
9C3
330
9BD
100
AcDbEntity
  8
0
 62
253
370
-2
440
16777216
100
AcDbBlockReference
  2
_ArchTick
 10
3010.374831033502
 20
9111.254889551512
 30
0.0
 41
80.0
 42
80.0
 43
80.0
 50
90.0
  0
INSERT
  5
9C4
330
9BD
100
AcDbEntity
  8
0
 62
253
370
-2
440
16777216
100
AcDbBlockReference
  2
_ArchTick
 10
3010.374831033502
 20
7111.254889551513
 30
0.0
 41
80.0
 42
80.0
 43
80.0
 50
270.0
  0
MTEXT
  5
9C5
330
9BD
100
AcDbEntity
  8
0
 62
1
440
16777216
100
AcDbMText
 10
2939.317532261334
 20
8111.25488955151
 30
0.0
 40
100.0
 41
0.0
 46
0.0
 71
5
  1
\A1;2000
 11
1e-16
 21
1.0
 31
0.0
  0
POINT
  5
9C6
330
9BD
100
AcDbEntity
  8
Defpoints
 62
0
440
16777216
100
AcDbPoint
 10
8017.362527400621
 20
9111.254889551514
 30
0.0
  0
POINT
  5
9C7
330
9BD
100
AcDbEntity
  8
Defpoints
 62
0
440
16777216
100
AcDbPoint
 10
3317.362527400619
 20
7111.254889551513
 30
0.0
  0
POINT
  5
9C8
330
9BD
100
AcDbEntity
  8
Defpoints
 62
0
440
16777216
100
AcDbPoint
 10
3010.374831033502
 20
7111.254889551513
 30
0.0
  0
ENDBLK
  5
9BF
330
9BD
100
AcDbEntity
  8
0
100
AcDbBlockEnd
  0
BLOCK
  5
9CA
330
9C9
100
AcDbEntity
  8
0
100
AcDbBlockBegin
  2
*D21
 70
1
 10
0.0
 20
0.0
 30
0.0
  3
*D21
  1

  0
LINE
  5
9CC
330
9C9
100
AcDbEntity
  8
0
 62
253
370
-2
440
16777216
100
AcDbLine
 10
3317.362527400617
 20
5831.25488955151
 30
0.0
 11
3317.362527400617
 21
2991.566510566773
 31
0.0
  0
LINE
  5
9CD
330
9C9
100
AcDbEntity
  8
0
 62
253
370
-2
440
16777216
100
AcDbLine
 10
8167.362527400618
 20
5831.254889551506
 30
0.0
 11
8167.362527400618
 21
2991.566510566773
 31
0.0
  0
LINE
  5
9CE
330
9C9
100
AcDbEntity
  8
0
 62
253
370
-2
440
16777216
100
AcDbLine
 10
3237.362527400617
 20
3071.566510566772
 30
0.0
 11
8247.362527400615
 21
3071.566510566772
 31
0.0
  0
INSERT
  5
9CF
330
9C9
100
AcDbEntity
  8
0
 62
253
370
-2
440
16777216
100
AcDbBlockReference
  2
_ArchTick
 10
3317.362527400617
 20
3071.566510566772
 30
0.0
 41
80.0
 42
80.0
 43
80.0
 50
180.0
  0
INSERT
  5
9D0
330
9C9
100
AcDbEntity
  8
0
 62
253
370
-2
440
16777216
100
AcDbBlockReference
  2
_ArchTick
 10
8167.362527400618
 20
3071.566510566772
 30
0.0
 41
80.0
 42
80.0
 43
80.0
  0
MTEXT
  5
9D1
330
9C9
100
AcDbEntity
  8
0
 62
1
440
16777216
100
AcDbMText
 10
5742.362527400617
 20
3142.623809338942
 30
0.0
 40
100.0
 41
0.0
 46
0.0
 71
5
  1
\A1;4850
  0
POINT
  5
9D2
330
9C9
100
AcDbEntity
  8
Defpoints
 62
0
440
16777216
100
AcDbPoint
 10
3317.362527400617
 20
5911.254889551511
 30
0.0
  0
POINT
  5
9D3
330
9C9
100
AcDbEntity
  8
Defpoints
 62
0
440
16777216
100
AcDbPoint
 10
8167.362527400618
 20
5911.254889551507
 30
0.0
  0
POINT
  5
9D4
330
9C9
100
AcDbEntity
  8
Defpoints
 62
0
440
16777216
100
AcDbPoint
 10
8167.362527400618
 20
3071.566510566772
 30
0.0
  0
ENDBLK
  5
9CB
330
9C9
100
AcDbEntity
  8
0
100
AcDbBlockEnd
  0
BLOCK
  5
9D6
330
9D5
100
AcDbEntity
  8
0
100
AcDbBlockBegin
  2
*D22
 70
1
 10
0.0
 20
0.0
 30
0.0
  3
*D22
  1

  0
LINE
  5
B88
330
9D5
100
AcDbEntity
  8
0
 62
253
370
-2
440
16777216
100
AcDbLine
 10
8167.362527400618
 20
5831.25488955151
 30
0.0
 11
8167.362527400618
 21
2991.566510566776
 31
0.0
  0
LINE
  5
B89
330
9D5
100
AcDbEntity
  8
0
 62
253
370
-2
440
16777216
100
AcDbLine
 10
11317.36252740062
 20
9031.254889551514
 30
0.0
 11
11317.36252740062
 21
2991.566510566776
 31
0.0
  0
LINE
  5
B8A
330
9D5
100
AcDbEntity
  8
0
 62
253
370
-2
440
16777216
100
AcDbLine
 10
8087.362527400618
 20
3071.566510566776
 30
0.0
 11
11397.36252740062
 21
3071.566510566776
 31
0.0
  0
INSERT
  5
B8B
330
9D5
100
AcDbEntity
  8
0
 62
253
370
-2
440
16777216
100
AcDbBlockReference
  2
_ArchTick
 10
8167.362527400618
 20
3071.566510566776
 30
0.0
 41
80.0
 42
80.0
 43
80.0
 50
180.0
  0
INSERT
  5
B8C
330
9D5
100
AcDbEntity
  8
0
 62
253
370
-2
440
16777216
100
AcDbBlockReference
  2
_ArchTick
 10
11317.36252740062
 20
3071.566510566776
 30
0.0
 41
80.0
 42
80.0
 43
80.0
  0
MTEXT
  5
B8D
330
9D5
100
AcDbEntity
  8
0
 62
1
440
16777216
100
AcDbMText
 10
9742.362527400617
 20
3142.65791575095
 30
0.0
 40
100.0
 41
0.0
 46
0.0
 71
5
  1
\A1;3150
  0
POINT
  5
B8E
330
9D5
100
AcDbEntity
  8
Defpoints
 62
0
440
16777216
100
AcDbPoint
 10
8167.362527400618
 20
5911.254889551511
 30
0.0
  0
POINT
  5
B8F
330
9D5
100
AcDbEntity
  8
Defpoints
 62
0
440
16777216
100
AcDbPoint
 10
11317.36252740062
 20
9111.254889551514
 30
0.0
  0
POINT
  5
B90
330
9D5
100
AcDbEntity
  8
Defpoints
 62
0
440
16777216
100
AcDbPoint
 10
11317.36252740062
 20
3071.566510566776
 30
0.0
  0
ENDBLK
  5
9D7
330
9D5
100
AcDbEntity
  8
0
100
AcDbBlockEnd
  0
BLOCK
  5
9E2
330
9E1
100
AcDbEntity
  8
0
100
AcDbBlockBegin
  2
*D23
 70
1
 10
0.0
 20
0.0
 30
0.0
  3
*D23
  1

  0
LINE
  5
9E4
330
9E1
100
AcDbEntity
  8
0
 62
253
370
-2
440
16777216
100
AcDbLine
 10
11317.36252740062
 20
9031.254889551506
 30
0.0
 11
11317.36252740062
 21
2681.854028173082
 31
0.0
  0
LINE
  5
9E5
330
9E1
100
AcDbEntity
  8
0
 62
253
370
-2
440
16777216
100
AcDbLine
 10
3317.362527400617
 20
7031.254889551511
 30
0.0
 11
3317.362527400617
 21
2681.854028173082
 31
0.0
  0
LINE
  5
9E6
330
9E1
100
AcDbEntity
  8
0
 62
253
370
-2
440
16777216
100
AcDbLine
 10
11397.36252740062
 20
2761.854028173082
 30
0.0
 11
3237.362527400617
 21
2761.854028173082
 31
0.0
  0
INSERT
  5
9E7
330
9E1
100
AcDbEntity
  8
0
 62
253
370
-2
440
16777216
100
AcDbBlockReference
  2
_ArchTick
 10
11317.36252740062
 20
2761.854028173082
 30
0.0
 41
80.0
 42
80.0
 43
80.0
  0
INSERT
  5
9E8
330
9E1
100
AcDbEntity
  8
0
 62
253
370
-2
440
16777216
100
AcDbBlockReference
  2
_ArchTick
 10
3317.362527400617
 20
2761.854028173082
 30
0.0
 41
80.0
 42
80.0
 43
80.0
 50
180.0
  0
MTEXT
  5
9E9
330
9E1
100
AcDbEntity
  8
0
 62
1
440
16777216
100
AcDbMText
 10
7317.362527400617
 20
2832.911326945252
 30
0.0
 40
100.0
 41
0.0
 46
0.0
 71
5
  1
\A1;8000
  0
POINT
  5
9EA
330
9E1
100
AcDbEntity
  8
Defpoints
 62
0
440
16777216
100
AcDbPoint
 10
11317.36252740062
 20
9111.254889551506
 30
0.0
  0
POINT
  5
9EB
330
9E1
100
AcDbEntity
  8
Defpoints
 62
0
440
16777216
100
AcDbPoint
 10
3317.362527400617
 20
7111.25488955151
 30
0.0
  0
POINT
  5
9EC
330
9E1
100
AcDbEntity
  8
Defpoints
 62
0
440
16777216
100
AcDbPoint
 10
3317.362527400617
 20
2761.854028173082
 30
0.0
  0
ENDBLK
  5
9E3
330
9E1
100
AcDbEntity
  8
0
100
AcDbBlockEnd
  0
BLOCK
  5
9EE
330
9ED
100
AcDbEntity
  8
0
100
AcDbBlockBegin
  2
*D24
 70
1
 10
0.0
 20
0.0
 30
0.0
  3
*D24
  1

  0
LINE
  5
9F0
330
9ED
100
AcDbEntity
  8
0
 62
253
370
-2
440
16777216
100
AcDbLine
 10
11397.36252740062
 20
14111.25488955152
 30
0.0
 11
12391.59163499943
 21
14111.25488955152
 31
0.0
  0
LINE
  5
9F1
330
9ED
100
AcDbEntity
  8
0
 62
253
370
-2
440
16777216
100
AcDbLine
 10
11397.36252740062
 20
4111.254889551512
 30
0.0
 11
12391.59163499943
 21
4111.254889551512
 31
0.0
  0
LINE
  5
9F2
330
9ED
100
AcDbEntity
  8
0
 62
253
370
-2
440
16777216
100
AcDbLine
 10
12311.59163499943
 20
14191.25488955152
 30
0.0
 11
12311.59163499944
 21
4031.254889551512
 31
0.0
  0
INSERT
  5
9F3
330
9ED
100
AcDbEntity
  8
0
 62
253
370
-2
440
16777216
100
AcDbBlockReference
  2
_ArchTick
 10
12311.59163499943
 20
14111.25488955152
 30
0.0
 41
80.0
 42
80.0
 43
80.0
 50
90.0
  0
INSERT
  5
9F4
330
9ED
100
AcDbEntity
  8
0
 62
253
370
-2
440
16777216
100
AcDbBlockReference
  2
_ArchTick
 10
12311.59163499943
 20
4111.254889551512
 30
0.0
 41
80.0
 42
80.0
 43
80.0
 50
270.0
  0
MTEXT
  5
9F5
330
9ED
100
AcDbEntity
  8
0
 62
1
440
16777216
100
AcDbMText
 10
12240.53433622726
 20
9111.25488955151
 30
0.0
 40
100.0
 41
0.0
 46
0.0
 71
5
  1
\A1;10000
 11
1e-16
 21
1.0
 31
0.0
  0
POINT
  5
9F6
330
9ED
100
AcDbEntity
  8
Defpoints
 62
0
440
16777216
100
AcDbPoint
 10
11317.36252740062
 20
14111.25488955152
 30
0.0
  0
POINT
  5
9F7
330
9ED
100
AcDbEntity
  8
Defpoints
 62
0
440
16777216
100
AcDbPoint
 10
11317.36252740062
 20
4111.254889551512
 30
0.0
  0
POINT
  5
9F8
330
9ED
100
AcDbEntity
  8
Defpoints
 62
0
440
16777216
100
AcDbPoint
 10
12311.59163499943
 20
4111.254889551512
 30
0.0
  0
ENDBLK
  5
9EF
330
9ED
100
AcDbEntity
  8
0
100
AcDbBlockEnd
  0
BLOCK
  5
9FA
330
9F9
100
AcDbEntity
  8
0
100
AcDbBlockBegin
  2
*D25
 70
1
 10
0.0
 20
0.0
 30
0.0
  3
*D25
  1

  0
LINE
  5
9FC
330
9F9
100
AcDbEntity
  8
0
 62
253
370
-2
440
16777216
100
AcDbLine
 10
11397.36252740062
 20
14111.25488955152
 30
0.0
 11
12135.98158437228
 21
14111.25488955152
 31
0.0
  0
LINE
  5
9FD
330
9F9
100
AcDbEntity
  8
0
 62
253
370
-2
440
16777216
100
AcDbLine
 10
11397.36252740062
 20
11611.25488955151
 30
0.0
 11
12135.98158437228
 21
11611.25488955151
 31
0.0
  0
LINE
  5
9FE
330
9F9
100
AcDbEntity
  8
0
 62
253
370
-2
440
16777216
100
AcDbLine
 10
12055.98158437228
 20
14191.25488955152
 30
0.0
 11
12055.98158437228
 21
11531.25488955151
 31
0.0
  0
INSERT
  5
9FF
330
9F9
100
AcDbEntity
  8
0
 62
253
370
-2
440
16777216
100
AcDbBlockReference
  2
_ArchTick
 10
12055.98158437228
 20
14111.25488955152
 30
0.0
 41
80.0
 42
80.0
 43
80.0
 50
90.0
  0
INSERT
  5
A00
330
9F9
100
AcDbEntity
  8
0
 62
253
370
-2
440
16777216
100
AcDbBlockReference
  2
_ArchTick
 10
12055.98158437228
 20
11611.25488955151
 30
0.0
 41
80.0
 42
80.0
 43
80.0
 50
270.0
  0
MTEXT
  5
A01
330
9F9
100
AcDbEntity
  8
0
 62
1
440
16777216
100
AcDbMText
 10
11984.92428560011
 20
12861.25488955151
 30
0.0
 40
100.0
 41
0.0
 46
0.0
 71
5
  1
\A1;2500
 11
1e-16
 21
1.0
 31
0.0
  0
POINT
  5
A02
330
9F9
100
AcDbEntity
  8
Defpoints
 62
0
440
16777216
100
AcDbPoint
 10
11317.36252740062
 20
14111.25488955152
 30
0.0
  0
POINT
  5
A03
330
9F9
100
AcDbEntity
  8
Defpoints
 62
0
440
16777216
100
AcDbPoint
 10
11317.36252740062
 20
11611.25488955151
 30
0.0
  0
POINT
  5
A04
330
9F9
100
AcDbEntity
  8
Defpoints
 62
0
440
16777216
100
AcDbPoint
 10
12055.98158437228
 20
11611.25488955151
 30
0.0
  0
ENDBLK
  5
9FB
330
9F9
100
AcDbEntity
  8
0
100
AcDbBlockEnd
  0
BLOCK
  5
A06
330
A05
100
AcDbEntity
  8
0
100
AcDbBlockBegin
  2
*D26
 70
1
 10
0.0
 20
0.0
 30
0.0
  3
*D26
  1

  0
LINE
  5
A08
330
A05
100
AcDbEntity
  8
0
 62
253
370
-2
440
16777216
100
AcDbLine
 10
11397.36252740062
 20
11611.25488955151
 30
0.0
 11
12135.9815843723
 21
11611.25488955151
 31
0.0
  0
LINE
  5
A09
330
A05
100
AcDbEntity
  8
0
 62
253
370
-2
440
16777216
100
AcDbLine
 10
11397.36252740062
 20
9261.254889551514
 30
0.0
 11
12135.9815843723
 21
9261.254889551514
 31
0.0
  0
LINE
  5
A0A
330
A05
100
AcDbEntity
  8
0
 62
253
370
-2
440
16777216
100
AcDbLine
 10
12055.9815843723
 20
11691.25488955151
 30
0.0
 11
12055.9815843723
 21
9181.254889551514
 31
0.0
  0
INSERT
  5
A0B
330
A05
100
AcDbEntity
  8
0
 62
253
370
-2
440
16777216
100
AcDbBlockReference
  2
_ArchTick
 10
12055.9815843723
 20
11611.25488955151
 30
0.0
 41
80.0
 42
80.0
 43
80.0
 50
90.0
  0
INSERT
  5
A0C
330
A05
100
AcDbEntity
  8
0
 62
253
370
-2
440
16777216
100
AcDbBlockReference
  2
_ArchTick
 10
12055.9815843723
 20
9261.254889551514
 30
0.0
 41
80.0
 42
80.0
 43
80.0
 50
270.0
  0
MTEXT
  5
A0D
330
A05
100
AcDbEntity
  8
0
 62
1
440
16777216
100
AcDbMText
 10
11984.89017918812
 20
10436.25488955151
 30
0.0
 40
100.0
 41
0.0
 46
0.0
 71
5
  1
\A1;2350
 11
1e-16
 21
1.0
 31
0.0
  0
POINT
  5
A0E
330
A05
100
AcDbEntity
  8
Defpoints
 62
0
440
16777216
100
AcDbPoint
 10
11317.36252740062
 20
11611.25488955151
 30
0.0
  0
POINT
  5
A0F
330
A05
100
AcDbEntity
  8
Defpoints
 62
0
440
16777216
100
AcDbPoint
 10
11317.36252740062
 20
9261.254889551514
 30
0.0
  0
POINT
  5
A10
330
A05
100
AcDbEntity
  8
Defpoints
 62
0
440
16777216
100
AcDbPoint
 10
12055.9815843723
 20
9261.254889551514
 30
0.0
  0
ENDBLK
  5
A07
330
A05
100
AcDbEntity
  8
0
100
AcDbBlockEnd
  0
BLOCK
  5
A12
330
A11
100
AcDbEntity
  8
0
100
AcDbBlockBegin
  2
*D27
 70
1
 10
0.0
 20
0.0
 30
0.0
  3
*D27
  1

  0
LINE
  5
A14
330
A11
100
AcDbEntity
  8
0
 62
253
370
-2
440
16777216
100
AcDbLine
 10
11397.36252740062
 20
9261.254889551514
 30
0.0
 11
12135.98158437231
 21
9261.254889551514
 31
0.0
  0
LINE
  5
A15
330
A11
100
AcDbEntity
  8
0
 62
253
370
-2
440
16777216
100
AcDbLine
 10
11397.36252740062
 20
4111.254889551512
 30
0.0
 11
12135.98158437231
 21
4111.254889551512
 31
0.0
  0
LINE
  5
A16
330
A11
100
AcDbEntity
  8
0
 62
253
370
-2
440
16777216
100
AcDbLine
 10
12055.98158437231
 20
9341.254889551514
 30
0.0
 11
12055.98158437231
 21
4031.254889551512
 31
0.0
  0
INSERT
  5
A17
330
A11
100
AcDbEntity
  8
0
 62
253
370
-2
440
16777216
100
AcDbBlockReference
  2
_ArchTick
 10
12055.98158437231
 20
9261.254889551514
 30
0.0
 41
80.0
 42
80.0
 43
80.0
 50
90.0
  0
INSERT
  5
A18
330
A11
100
AcDbEntity
  8
0
 62
253
370
-2
440
16777216
100
AcDbBlockReference
  2
_ArchTick
 10
12055.98158437231
 20
4111.254889551512
 30
0.0
 41
80.0
 42
80.0
 43
80.0
 50
270.0
  0
MTEXT
  5
A19
330
A11
100
AcDbEntity
  8
0
 62
1
440
16777216
100
AcDbMText
 10
11984.92428560014
 20
6686.254889551509
 30
0.0
 40
100.0
 41
0.0
 46
0.0
 71
5
  1
\A1;5150
 11
1e-16
 21
1.0
 31
0.0
  0
POINT
  5
A1A
330
A11
100
AcDbEntity
  8
Defpoints
 62
0
440
16777216
100
AcDbPoint
 10
11317.36252740062
 20
9261.254889551514
 30
0.0
  0
POINT
  5
A1B
330
A11
100
AcDbEntity
  8
Defpoints
 62
0
440
16777216
100
AcDbPoint
 10
11317.36252740062
 20
4111.254889551512
 30
0.0
  0
POINT
  5
A1C
330
A11
100
AcDbEntity
  8
Defpoints
 62
0
440
16777216
100
AcDbPoint
 10
12055.98158437231
 20
4111.254889551512
 30
0.0
  0
ENDBLK
  5
A13
330
A11
100
AcDbEntity
  8
0
100
AcDbBlockEnd
  0
BLOCK
  5
A27
330
A26
100
AcDbEntity
  8
0
100
AcDbBlockBegin
  2
*D28
 70
1
 10
0.0
 20
0.0
 30
0.0
  3
*D28
  1

  0
LINE
  5
A29
330
A26
100
AcDbEntity
  8
0
 62
253
370
-2
440
16777216
100
AcDbLine
 10
37129.15808358617
 20
14111.25488955152
 30
0.0
 11
36284.66962630083
 21
14111.25488955151
 31
0.0
  0
LINE
  5
A2A
330
A26
100
AcDbEntity
  8
0
 62
253
370
-2
440
16777216
100
AcDbLine
 10
37129.15808358617
 20
4111.254889551513
 30
0.0
 11
36284.66962630083
 21
4111.254889551513
 31
0.0
  0
LINE
  5
A2B
330
A26
100
AcDbEntity
  8
0
 62
253
370
-2
440
16777216
100
AcDbLine
 10
36364.66962630083
 20
14191.25488955151
 30
0.0
 11
36364.66962630083
 21
4031.254889551513
 31
0.0
  0
INSERT
  5
A2C
330
A26
100
AcDbEntity
  8
0
 62
253
370
-2
440
16777216
100
AcDbBlockReference
  2
_ArchTick
 10
36364.66962630083
 20
14111.25488955151
 30
0.0
 41
80.0
 42
80.0
 43
80.0
 50
90.0
  0
INSERT
  5
A2D
330
A26
100
AcDbEntity
  8
0
 62
253
370
-2
440
16777216
100
AcDbBlockReference
  2
_ArchTick
 10
36364.66962630083
 20
4111.254889551513
 30
0.0
 41
80.0
 42
80.0
 43
80.0
 50
270.0
  0
MTEXT
  5
A2E
330
A26
100
AcDbEntity
  8
0
 62
1
440
16777216
100
AcDbMText
 10
36293.61232752865
 20
9111.254889551503
 30
0.0
 40
100.0
 41
0.0
 46
0.0
 71
5
  1
\A1;10000
 11
1e-16
 21
1.0
 31
0.0
  0
POINT
  5
A2F
330
A26
100
AcDbEntity
  8
Defpoints
 62
0
440
16777216
100
AcDbPoint
 10
37209.15808358617
 20
14111.25488955152
 30
0.0
  0
POINT
  5
A30
330
A26
100
AcDbEntity
  8
Defpoints
 62
0
440
16777216
100
AcDbPoint
 10
37209.15808358617
 20
4111.254889551513
 30
0.0
  0
POINT
  5
A31
330
A26
100
AcDbEntity
  8
Defpoints
 62
0
440
16777216
100
AcDbPoint
 10
36364.66962630083
 20
4111.254889551513
 30
0.0
  0
ENDBLK
  5
A28
330
A26
100
AcDbEntity
  8
0
100
AcDbBlockEnd
  0
BLOCK
  5
A33
330
A32
100
AcDbEntity
  8
0
100
AcDbBlockBegin
  2
*D29
 70
1
 10
0.0
 20
0.0
 30
0.0
  3
*D29
  1

  0
LINE
  5
A35
330
A32
100
AcDbEntity
  8
0
 62
253
370
-2
440
16777216
100
AcDbLine
 10
37209.15808358615
 20
4031.254889551511
 30
0.0
 11
37209.15808358615
 21
3468.364056880849
 31
0.0
  0
LINE
  5
A36
330
A32
100
AcDbEntity
  8
0
 62
253
370
-2
440
16777216
100
AcDbLine
 10
45209.15808358615
 20
4031.254889551511
 30
0.0
 11
45209.15808358615
 21
3468.364056880849
 31
0.0
  0
LINE
  5
A37
330
A32
100
AcDbEntity
  8
0
 62
253
370
-2
440
16777216
100
AcDbLine
 10
37129.15808358615
 20
3548.364056880849
 30
0.0
 11
45289.15808358615
 21
3548.364056880849
 31
0.0
  0
INSERT
  5
A38
330
A32
100
AcDbEntity
  8
0
 62
253
370
-2
440
16777216
100
AcDbBlockReference
  2
_ArchTick
 10
37209.15808358615
 20
3548.364056880849
 30
0.0
 41
80.0
 42
80.0
 43
80.0
 50
180.0
  0
INSERT
  5
A39
330
A32
100
AcDbEntity
  8
0
 62
253
370
-2
440
16777216
100
AcDbBlockReference
  2
_ArchTick
 10
45209.15808358615
 20
3548.364056880849
 30
0.0
 41
80.0
 42
80.0
 43
80.0
  0
MTEXT
  5
A3A
330
A32
100
AcDbEntity
  8
0
 62
1
440
16777216
100
AcDbMText
 10
41209.15808358615
 20
3619.421355653018
 30
0.0
 40
100.0
 41
0.0
 46
0.0
 71
5
  1
\A1;8000
  0
POINT
  5
A3B
330
A32
100
AcDbEntity
  8
Defpoints
 62
0
440
16777216
100
AcDbPoint
 10
37209.15808358615
 20
4111.254889551511
 30
0.0
  0
POINT
  5
A3C
330
A32
100
AcDbEntity
  8
Defpoints
 62
0
440
16777216
100
AcDbPoint
 10
45209.15808358615
 20
4111.254889551511
 30
0.0
  0
POINT
  5
A3D
330
A32
100
AcDbEntity
  8
Defpoints
 62
0
440
16777216
100
AcDbPoint
 10
45209.15808358615
 20
3548.364056880849
 30
0.0
  0
ENDBLK
  5
A34
330
A32
100
AcDbEntity
  8
0
100
AcDbBlockEnd
  0
BLOCK
  5
A3F
330
A3E
100
AcDbEntity
  8
0
100
AcDbBlockBegin
  2
*D30
 70
1
 10
0.0
 20
0.0
 30
0.0
  3
*D30
  1

  0
LINE
  5
A41
330
A3E
100
AcDbEntity
  8
0
 62
253
370
-2
440
16777216
100
AcDbLine
 10
45289.15808358616
 20
4111.254889551513
 30
0.0
 11
46211.28655942808
 21
4111.254889551513
 31
0.0
  0
LINE
  5
A42
330
A3E
100
AcDbEntity
  8
0
 62
253
370
-2
440
16777216
100
AcDbLine
 10
45289.15808358616
 20
14111.25488955152
 30
0.0
 11
46211.28655942808
 21
14111.25488955152
 31
0.0
  0
LINE
  5
A43
330
A3E
100
AcDbEntity
  8
0
 62
253
370
-2
440
16777216
100
AcDbLine
 10
46131.28655942808
 20
4031.254889551513
 30
0.0
 11
46131.28655942808
 21
14191.25488955152
 31
0.0
  0
INSERT
  5
A44
330
A3E
100
AcDbEntity
  8
0
 62
253
370
-2
440
16777216
100
AcDbBlockReference
  2
_ArchTick
 10
46131.28655942808
 20
4111.254889551513
 30
0.0
 41
80.0
 42
80.0
 43
80.0
 50
270.0
  0
INSERT
  5
A45
330
A3E
100
AcDbEntity
  8
0
 62
253
370
-2
440
16777216
100
AcDbBlockReference
  2
_ArchTick
 10
46131.28655942808
 20
14111.25488955152
 30
0.0
 41
80.0
 42
80.0
 43
80.0
 50
90.0
  0
MTEXT
  5
A46
330
A3E
100
AcDbEntity
  8
0
 62
1
440
16777216
100
AcDbMText
 10
46060.2292606559
 20
9111.2548895515
 30
0.0
 40
100.0
 41
0.0
 46
0.0
 71
5
  1
\A1;10000
 11
1e-16
 21
1.0
 31
0.0
  0
POINT
  5
A47
330
A3E
100
AcDbEntity
  8
Defpoints
 62
0
440
16777216
100
AcDbPoint
 10
45209.15808358616
 20
4111.254889551513
 30
0.0
  0
POINT
  5
A48
330
A3E
100
AcDbEntity
  8
Defpoints
 62
0
440
16777216
100
AcDbPoint
 10
45209.15808358616
 20
14111.25488955152
 30
0.0
  0
POINT
  5
A49
330
A3E
100
AcDbEntity
  8
Defpoints
 62
0
440
16777216
100
AcDbPoint
 10
46131.28655942808
 20
14111.25488955152
 30
0.0
  0
ENDBLK
  5
A40
330
A3E
100
AcDbEntity
  8
0
100
AcDbBlockEnd
  0
BLOCK
  5
A4B
330
A4A
100
AcDbEntity
  8
0
100
AcDbBlockBegin
  2
*D31
 70
1
 10
0.0
 20
0.0
 30
0.0
  3
*D31
  1

  0
LINE
  5
A4D
330
A4A
100
AcDbEntity
  8
0
 62
253
370
-2
440
16777216
100
AcDbLine
 10
45289.15808358616
 20
14111.25488955152
 30
0.0
 11
45953.48253481185
 21
14111.25488955152
 31
0.0
  0
LINE
  5
A4E
330
A4A
100
AcDbEntity
  8
0
 62
253
370
-2
440
16777216
100
AcDbLine
 10
45289.15808358616
 20
9111.25488955151
 30
0.0
 11
45953.48253481185
 21
9111.25488955151
 31
0.0
  0
LINE
  5
A4F
330
A4A
100
AcDbEntity
  8
0
 62
253
370
-2
440
16777216
100
AcDbLine
 10
45873.48253481185
 20
14191.25488955152
 30
0.0
 11
45873.48253481185
 21
9031.25488955151
 31
0.0
  0
INSERT
  5
A50
330
A4A
100
AcDbEntity
  8
0
 62
253
370
-2
440
16777216
100
AcDbBlockReference
  2
_ArchTick
 10
45873.48253481185
 20
14111.25488955152
 30
0.0
 41
80.0
 42
80.0
 43
80.0
 50
90.0
  0
INSERT
  5
A51
330
A4A
100
AcDbEntity
  8
0
 62
253
370
-2
440
16777216
100
AcDbBlockReference
  2
_ArchTick
 10
45873.48253481185
 20
9111.25488955151
 30
0.0
 41
80.0
 42
80.0
 43
80.0
 50
270.0
  0
MTEXT
  5
A52
330
A4A
100
AcDbEntity
  8
0
 62
1
440
16777216
100
AcDbMText
 10
45802.42523603968
 20
11611.25488955149
 30
0.0
 40
100.0
 41
0.0
 46
0.0
 71
5
  1
\A1;5000
 11
1e-16
 21
1.0
 31
0.0
  0
POINT
  5
A53
330
A4A
100
AcDbEntity
  8
Defpoints
 62
0
440
16777216
100
AcDbPoint
 10
45209.15808358616
 20
14111.25488955152
 30
0.0
  0
POINT
  5
A54
330
A4A
100
AcDbEntity
  8
Defpoints
 62
0
440
16777216
100
AcDbPoint
 10
45209.15808358616
 20
9111.25488955151
 30
0.0
  0
POINT
  5
A55
330
A4A
100
AcDbEntity
  8
Defpoints
 62
0
440
16777216
100
AcDbPoint
 10
45873.48253481185
 20
9111.25488955151
 30
0.0
  0
ENDBLK
  5
A4C
330
A4A
100
AcDbEntity
  8
0
100
AcDbBlockEnd
  0
BLOCK
  5
A57
330
A56
100
AcDbEntity
  8
0
100
AcDbBlockBegin
  2
*D32
 70
1
 10
0.0
 20
0.0
 30
0.0
  3
*D32
  1

  0
LINE
  5
A59
330
A56
100
AcDbEntity
  8
0
 62
253
370
-2
440
16777216
100
AcDbLine
 10
45289.15808358616
 20
9111.25488955151
 30
0.0
 11
45953.48253481188
 21
9111.25488955151
 31
0.0
  0
LINE
  5
A5A
330
A56
100
AcDbEntity
  8
0
 62
253
370
-2
440
16777216
100
AcDbLine
 10
45289.15808358616
 20
7911.254889551511
 30
0.0
 11
45953.48253481188
 21
7911.254889551511
 31
0.0
  0
LINE
  5
A5B
330
A56
100
AcDbEntity
  8
0
 62
253
370
-2
440
16777216
100
AcDbLine
 10
45873.48253481188
 20
9191.25488955151
 30
0.0
 11
45873.48253481188
 21
7831.254889551511
 31
0.0
  0
INSERT
  5
A5C
330
A56
100
AcDbEntity
  8
0
 62
253
370
-2
440
16777216
100
AcDbBlockReference
  2
_ArchTick
 10
45873.48253481188
 20
9111.25488955151
 30
0.0
 41
80.0
 42
80.0
 43
80.0
 50
90.0
  0
INSERT
  5
A5D
330
A56
100
AcDbEntity
  8
0
 62
253
370
-2
440
16777216
100
AcDbBlockReference
  2
_ArchTick
 10
45873.48253481188
 20
7911.254889551511
 30
0.0
 41
80.0
 42
80.0
 43
80.0
 50
270.0
  0
MTEXT
  5
A5E
330
A56
100
AcDbEntity
  8
0
 62
1
440
16777216
100
AcDbMText
 10
45802.4252360397
 20
8511.254889551494
 30
0.0
 40
100.0
 41
0.0
 46
0.0
 71
5
  1
\A1;1200
 11
1e-16
 21
1.0
 31
0.0
  0
POINT
  5
A5F
330
A56
100
AcDbEntity
  8
Defpoints
 62
0
440
16777216
100
AcDbPoint
 10
45209.15808358616
 20
9111.25488955151
 30
0.0
  0
POINT
  5
A60
330
A56
100
AcDbEntity
  8
Defpoints
 62
0
440
16777216
100
AcDbPoint
 10
45209.15808358616
 20
7911.254889551511
 30
0.0
  0
POINT
  5
A61
330
A56
100
AcDbEntity
  8
Defpoints
 62
0
440
16777216
100
AcDbPoint
 10
45873.48253481188
 20
7911.254889551511
 30
0.0
  0
ENDBLK
  5
A58
330
A56
100
AcDbEntity
  8
0
100
AcDbBlockEnd
  0
BLOCK
  5
A63
330
A62
100
AcDbEntity
  8
0
100
AcDbBlockBegin
  2
*D33
 70
1
 10
0.0
 20
0.0
 30
0.0
  3
*D33
  1

  0
LINE
  5
A65
330
A62
100
AcDbEntity
  8
0
 62
253
370
-2
440
16777216
100
AcDbLine
 10
45289.15808358616
 20
7911.254889551511
 30
0.0
 11
45953.48253481191
 21
7911.254889551511
 31
0.0
  0
LINE
  5
A66
330
A62
100
AcDbEntity
  8
0
 62
253
370
-2
440
16777216
100
AcDbLine
 10
42139.15808358616
 20
7111.254889551513
 30
0.0
 11
45953.48253481191
 21
7111.254889551514
 31
0.0
  0
LINE
  5
A67
330
A62
100
AcDbEntity
  8
0
 62
253
370
-2
440
16777216
100
AcDbLine
 10
45873.48253481191
 20
7991.25488955151
 30
0.0
 11
45873.48253481191
 21
7031.254889551515
 31
0.0
  0
INSERT
  5
A68
330
A62
100
AcDbEntity
  8
0
 62
253
370
-2
440
16777216
100
AcDbBlockReference
  2
_ArchTick
 10
45873.48253481191
 20
7911.254889551511
 30
0.0
 41
80.0
 42
80.0
 43
80.0
 50
90.0
  0
INSERT
  5
A69
330
A62
100
AcDbEntity
  8
0
 62
253
370
-2
440
16777216
100
AcDbBlockReference
  2
_ArchTick
 10
45873.48253481191
 20
7111.254889551514
 30
0.0
 41
80.0
 42
80.0
 43
80.0
 50
270.0
  0
MTEXT
  5
A6A
330
A62
100
AcDbEntity
  8
0
 62
1
440
16777216
100
AcDbMText
 10
45802.42523603973
 20
7511.254889551499
 30
0.0
 40
100.0
 41
0.0
 46
0.0
 71
5
  1
\A1;800
 11
1e-16
 21
1.0
 31
0.0
  0
POINT
  5
A6B
330
A62
100
AcDbEntity
  8
Defpoints
 62
0
440
16777216
100
AcDbPoint
 10
45209.15808358616
 20
7911.254889551511
 30
0.0
  0
POINT
  5
A6C
330
A62
100
AcDbEntity
  8
Defpoints
 62
0
440
16777216
100
AcDbPoint
 10
42059.15808358616
 20
7111.254889551513
 30
0.0
  0
POINT
  5
A6D
330
A62
100
AcDbEntity
  8
Defpoints
 62
0
440
16777216
100
AcDbPoint
 10
45873.48253481191
 20
7111.254889551514
 30
0.0
  0
ENDBLK
  5
A64
330
A62
100
AcDbEntity
  8
0
100
AcDbBlockEnd
  0
BLOCK
  5
A6F
330
A6E
100
AcDbEntity
  8
0
100
AcDbBlockBegin
  2
*D34
 70
1
 10
0.0
 20
0.0
 30
0.0
  3
*D34
  1

  0
LINE
  5
A71
330
A6E
100
AcDbEntity
  8
0
 62
253
370
-2
440
16777216
100
AcDbLine
 10
42139.15808358616
 20
7111.254889551513
 30
0.0
 11
45953.48253481194
 21
7111.254889551514
 31
0.0
  0
LINE
  5
A72
330
A6E
100
AcDbEntity
  8
0
 62
253
370
-2
440
16777216
100
AcDbLine
 10
43339.15808358616
 20
5911.254889551512
 30
0.0
 11
45953.48253481194
 21
5911.254889551512
 31
0.0
  0
LINE
  5
A73
330
A6E
100
AcDbEntity
  8
0
 62
253
370
-2
440
16777216
100
AcDbLine
 10
45873.48253481194
 20
7191.254889551514
 30
0.0
 11
45873.48253481194
 21
5831.254889551512
 31
0.0
  0
INSERT
  5
A74
330
A6E
100
AcDbEntity
  8
0
 62
253
370
-2
440
16777216
100
AcDbBlockReference
  2
_ArchTick
 10
45873.48253481194
 20
7111.254889551514
 30
0.0
 41
80.0
 42
80.0
 43
80.0
 50
90.0
  0
INSERT
  5
A75
330
A6E
100
AcDbEntity
  8
0
 62
253
370
-2
440
16777216
100
AcDbBlockReference
  2
_ArchTick
 10
45873.48253481194
 20
5911.254889551512
 30
0.0
 41
80.0
 42
80.0
 43
80.0
 50
270.0
  0
MTEXT
  5
A76
330
A6E
100
AcDbEntity
  8
0
 62
1
440
16777216
100
AcDbMText
 10
45802.42523603977
 20
6511.254889551499
 30
0.0
 40
100.0
 41
0.0
 46
0.0
 71
5
  1
\A1;1200
 11
1e-16
 21
1.0
 31
0.0
  0
POINT
  5
A77
330
A6E
100
AcDbEntity
  8
Defpoints
 62
0
440
16777216
100
AcDbPoint
 10
42059.15808358616
 20
7111.254889551513
 30
0.0
  0
POINT
  5
A78
330
A6E
100
AcDbEntity
  8
Defpoints
 62
0
440
16777216
100
AcDbPoint
 10
43259.15808358616
 20
5911.254889551512
 30
0.0
  0
POINT
  5
A79
330
A6E
100
AcDbEntity
  8
Defpoints
 62
0
440
16777216
100
AcDbPoint
 10
45873.48253481194
 20
5911.254889551512
 30
0.0
  0
ENDBLK
  5
A70
330
A6E
100
AcDbEntity
  8
0
100
AcDbBlockEnd
  0
BLOCK
  5
A7B
330
A7A
100
AcDbEntity
  8
0
100
AcDbBlockBegin
  2
*D35
 70
1
 10
0.0
 20
0.0
 30
0.0
  3
*D35
  1

  0
LINE
  5
A7D
330
A7A
100
AcDbEntity
  8
0
 62
253
370
-2
440
16777216
100
AcDbLine
 10
43339.15808358616
 20
5911.254889551512
 30
0.0
 11
45953.48253481198
 21
5911.254889551512
 31
0.0
  0
LINE
  5
A7E
330
A7A
100
AcDbEntity
  8
0
 62
253
370
-2
440
16777216
100
AcDbLine
 10
45289.15808358616
 20
4111.254889551513
 30
0.0
 11
45953.48253481198
 21
4111.254889551513
 31
0.0
  0
LINE
  5
A7F
330
A7A
100
AcDbEntity
  8
0
 62
253
370
-2
440
16777216
100
AcDbLine
 10
45873.48253481198
 20
5991.254889551512
 30
0.0
 11
45873.48253481198
 21
4031.254889551513
 31
0.0
  0
INSERT
  5
A80
330
A7A
100
AcDbEntity
  8
0
 62
253
370
-2
440
16777216
100
AcDbBlockReference
  2
_ArchTick
 10
45873.48253481198
 20
5911.254889551512
 30
0.0
 41
80.0
 42
80.0
 43
80.0
 50
90.0
  0
INSERT
  5
A81
330
A7A
100
AcDbEntity
  8
0
 62
253
370
-2
440
16777216
100
AcDbBlockReference
  2
_ArchTick
 10
45873.48253481198
 20
4111.254889551513
 30
0.0
 41
80.0
 42
80.0
 43
80.0
 50
270.0
  0
MTEXT
  5
A82
330
A7A
100
AcDbEntity
  8
0
 62
1
440
16777216
100
AcDbMText
 10
45802.4252360398
 20
5011.254889551498
 30
0.0
 40
100.0
 41
0.0
 46
0.0
 71
5
  1
\A1;1800
 11
1e-16
 21
1.0
 31
0.0
  0
POINT
  5
A83
330
A7A
100
AcDbEntity
  8
Defpoints
 62
0
440
16777216
100
AcDbPoint
 10
43259.15808358616
 20
5911.254889551512
 30
0.0
  0
POINT
  5
A84
330
A7A
100
AcDbEntity
  8
Defpoints
 62
0
440
16777216
100
AcDbPoint
 10
45209.15808358616
 20
4111.254889551513
 30
0.0
  0
POINT
  5
A85
330
A7A
100
AcDbEntity
  8
Defpoints
 62
0
440
16777216
100
AcDbPoint
 10
45873.48253481198
 20
4111.254889551513
 30
0.0
  0
ENDBLK
  5
A7C
330
A7A
100
AcDbEntity
  8
0
100
AcDbBlockEnd
  0
BLOCK
  5
A87
330
A86
100
AcDbEntity
  8
0
100
AcDbBlockBegin
  2
*D36
 70
1
 10
0.0
 20
0.0
 30
0.0
  3
*D36
  1

  0
LINE
  5
A89
330
A86
100
AcDbEntity
  8
0
 62
253
370
-2
440
16777216
100
AcDbLine
 10
37209.15808358615
 20
5831.25488955151
 30
0.0
 11
37209.15808358615
 21
3706.329436162546
 31
0.0
  0
LINE
  5
A8A
330
A86
100
AcDbEntity
  8
0
 62
253
370
-2
440
16777216
100
AcDbLine
 10
42059.15808358615
 20
7031.254889551511
 30
0.0
 11
42059.15808358615
 21
3706.329436162546
 31
0.0
  0
LINE
  5
A8B
330
A86
100
AcDbEntity
  8
0
 62
253
370
-2
440
16777216
100
AcDbLine
 10
37129.15808358615
 20
3786.329436162546
 30
0.0
 11
42139.15808358615
 21
3786.329436162546
 31
0.0
  0
INSERT
  5
A8C
330
A86
100
AcDbEntity
  8
0
 62
253
370
-2
440
16777216
100
AcDbBlockReference
  2
_ArchTick
 10
37209.15808358615
 20
3786.329436162546
 30
0.0
 41
80.0
 42
80.0
 43
80.0
 50
180.0
  0
INSERT
  5
A8D
330
A86
100
AcDbEntity
  8
0
 62
253
370
-2
440
16777216
100
AcDbBlockReference
  2
_ArchTick
 10
42059.15808358615
 20
3786.329436162546
 30
0.0
 41
80.0
 42
80.0
 43
80.0
  0
MTEXT
  5
A8E
330
A86
100
AcDbEntity
  8
0
 62
1
440
16777216
100
AcDbMText
 10
39634.15808358615
 20
3857.386734934716
 30
0.0
 40
100.0
 41
0.0
 46
0.0
 71
5
  1
\A1;4850
  0
POINT
  5
A8F
330
A86
100
AcDbEntity
  8
Defpoints
 62
0
440
16777216
100
AcDbPoint
 10
37209.15808358615
 20
5911.254889551511
 30
0.0
  0
POINT
  5
A90
330
A86
100
AcDbEntity
  8
Defpoints
 62
0
440
16777216
100
AcDbPoint
 10
42059.15808358615
 20
7111.25488955151
 30
0.0
  0
POINT
  5
A91
330
A86
100
AcDbEntity
  8
Defpoints
 62
0
440
16777216
100
AcDbPoint
 10
42059.15808358615
 20
3786.329436162546
 30
0.0
  0
ENDBLK
  5
A88
330
A86
100
AcDbEntity
  8
0
100
AcDbBlockEnd
  0
BLOCK
  5
AA5
330
AA4
100
AcDbEntity
  8
0
100
AcDbBlockBegin
  2
*D37
 70
1
 10
0.0
 20
0.0
 30
0.0
  3
*D37
  1

  0
LINE
  5
AA7
330
AA4
100
AcDbEntity
  8
0
 62
253
370
-2
440
16777216
100
AcDbLine
 10
20368.05304170902
 20
14191.25488955151
 30
0.0
 11
20368.05304170902
 21
15175.09317653929
 31
0.0
  0
LINE
  5
AA8
330
AA4
100
AcDbEntity
  8
0
 62
253
370
-2
440
16777216
100
AcDbLine
 10
28368.05304170902
 20
14191.25488955151
 30
0.0
 11
28368.05304170902
 21
15175.09317653929
 31
0.0
  0
LINE
  5
AA9
330
AA4
100
AcDbEntity
  8
0
 62
253
370
-2
440
16777216
100
AcDbLine
 10
20288.05304170902
 20
15095.09317653929
 30
0.0
 11
28448.05304170902
 21
15095.09317653929
 31
0.0
  0
INSERT
  5
AAA
330
AA4
100
AcDbEntity
  8
0
 62
253
370
-2
440
16777216
100
AcDbBlockReference
  2
_ArchTick
 10
20368.05304170902
 20
15095.09317653929
 30
0.0
 41
80.0
 42
80.0
 43
80.0
 50
180.0
  0
INSERT
  5
AAB
330
AA4
100
AcDbEntity
  8
0
 62
253
370
-2
440
16777216
100
AcDbBlockReference
  2
_ArchTick
 10
28368.05304170902
 20
15095.09317653929
 30
0.0
 41
80.0
 42
80.0
 43
80.0
  0
MTEXT
  5
AAC
330
AA4
100
AcDbEntity
  8
0
 62
1
440
16777216
100
AcDbMText
 10
24368.05304170902
 20
15166.15047531146
 30
0.0
 40
100.0
 41
0.0
 46
0.0
 71
5
  1
\A1;8000
  0
POINT
  5
AAD
330
AA4
100
AcDbEntity
  8
Defpoints
 62
0
440
16777216
100
AcDbPoint
 10
20368.05304170902
 20
14111.25488955151
 30
0.0
  0
POINT
  5
AAE
330
AA4
100
AcDbEntity
  8
Defpoints
 62
0
440
16777216
100
AcDbPoint
 10
28368.05304170902
 20
14111.25488955151
 30
0.0
  0
POINT
  5
AAF
330
AA4
100
AcDbEntity
  8
Defpoints
 62
0
440
16777216
100
AcDbPoint
 10
28368.05304170902
 20
15095.09317653929
 30
0.0
  0
ENDBLK
  5
AA6
330
AA4
100
AcDbEntity
  8
0
100
AcDbBlockEnd
  0
BLOCK
  5
ABA
330
AB9
100
AcDbEntity
  8
0
100
AcDbBlockBegin
  2
*D38
 70
1
 10
0.0
 20
0.0
 30
0.0
  3
*D38
  1

  0
LINE
  5
ABC
330
AB9
100
AcDbEntity
  8
0
 62
253
370
-2
440
16777216
100
AcDbLine
 10
22568.05304170902
 20
14191.25488955151
 30
0.0
 11
22568.05304170902
 21
14893.4339439021
 31
0.0
  0
LINE
  5
ABD
330
AB9
100
AcDbEntity
  8
0
 62
253
370
-2
440
16777216
100
AcDbLine
 10
25143.05304170902
 20
14281.45659402906
 30
0.0
 11
25143.05304170902
 21
14893.4339439021
 31
0.0
  0
LINE
  5
ABE
330
AB9
100
AcDbEntity
  8
0
 62
253
370
-2
440
16777216
100
AcDbLine
 10
22488.05304170902
 20
14813.4339439021
 30
0.0
 11
25223.05304170902
 21
14813.4339439021
 31
0.0
  0
INSERT
  5
ABF
330
AB9
100
AcDbEntity
  8
0
 62
253
370
-2
440
16777216
100
AcDbBlockReference
  2
_ArchTick
 10
22568.05304170902
 20
14813.4339439021
 30
0.0
 41
80.0
 42
80.0
 43
80.0
 50
180.0
  0
INSERT
  5
AC0
330
AB9
100
AcDbEntity
  8
0
 62
253
370
-2
440
16777216
100
AcDbBlockReference
  2
_ArchTick
 10
25143.05304170902
 20
14813.4339439021
 30
0.0
 41
80.0
 42
80.0
 43
80.0
  0
MTEXT
  5
AC1
330
AB9
100
AcDbEntity
  8
0
 62
1
440
16777216
100
AcDbMText
 10
23855.55304170902
 20
14884.49124267427
 30
0.0
 40
100.0
 41
0.0
 46
0.0
 71
5
  1
\A1;2575
  0
POINT
  5
AC2
330
AB9
100
AcDbEntity
  8
Defpoints
 62
0
440
16777216
100
AcDbPoint
 10
22568.05304170902
 20
14111.25488955151
 30
0.0
  0
POINT
  5
AC3
330
AB9
100
AcDbEntity
  8
Defpoints
 62
0
440
16777216
100
AcDbPoint
 10
25143.05304170902
 20
14201.45659402906
 30
0.0
  0
POINT
  5
AC4
330
AB9
100
AcDbEntity
  8
Defpoints
 62
0
440
16777216
100
AcDbPoint
 10
25143.05304170902
 20
14813.4339439021
 30
0.0
  0
ENDBLK
  5
ABB
330
AB9
100
AcDbEntity
  8
0
100
AcDbBlockEnd
  0
BLOCK
  5
AC6
330
AC5
100
AcDbEntity
  8
0
100
AcDbBlockBegin
  2
*D39
 70
1
 10
0.0
 20
0.0
 30
0.0
  3
*D39
  1

  0
LINE
  5
BB0
330
AC5
100
AcDbEntity
  8
0
 62
253
370
-2
440
16777216
100
AcDbLine
 10
25143.05304170902
 20
14281.45659402906
 30
0.0
 11
25143.05304170902
 21
14893.43394390209
 31
0.0
  0
LINE
  5
BB1
330
AC5
100
AcDbEntity
  8
0
 62
253
370
-2
440
16777216
100
AcDbLine
 10
28368.05304170902
 20
14293.29035324955
 30
0.0
 11
28368.05304170902
 21
14893.43394390209
 31
0.0
  0
LINE
  5
BB2
330
AC5
100
AcDbEntity
  8
0
 62
253
370
-2
440
16777216
100
AcDbLine
 10
25063.05304170902
 20
14813.43394390209
 30
0.0
 11
28448.05304170902
 21
14813.43394390209
 31
0.0
  0
INSERT
  5
BB3
330
AC5
100
AcDbEntity
  8
0
 62
253
370
-2
440
16777216
100
AcDbBlockReference
  2
_ArchTick
 10
25143.05304170902
 20
14813.43394390209
 30
0.0
 41
80.0
 42
80.0
 43
80.0
 50
180.0
  0
INSERT
  5
BB4
330
AC5
100
AcDbEntity
  8
0
 62
253
370
-2
440
16777216
100
AcDbBlockReference
  2
_ArchTick
 10
28368.05304170902
 20
14813.43394390209
 30
0.0
 41
80.0
 42
80.0
 43
80.0
  0
MTEXT
  5
BB5
330
AC5
100
AcDbEntity
  8
0
 62
1
440
16777216
100
AcDbMText
 10
26755.55304170902
 20
14884.52534908627
 30
0.0
 40
100.0
 41
0.0
 46
0.0
 71
5
  1
\A1;3225
  0
POINT
  5
BB6
330
AC5
100
AcDbEntity
  8
Defpoints
 62
0
440
16777216
100
AcDbPoint
 10
25143.05304170902
 20
14201.45659402906
 30
0.0
  0
POINT
  5
BB7
330
AC5
100
AcDbEntity
  8
Defpoints
 62
0
440
16777216
100
AcDbPoint
 10
28368.05304170902
 20
14213.29035324955
 30
0.0
  0
POINT
  5
BB8
330
AC5
100
AcDbEntity
  8
Defpoints
 62
0
440
16777216
100
AcDbPoint
 10
28368.05304170902
 20
14813.43394390209
 30
0.0
  0
ENDBLK
  5
AC7
330
AC5
100
AcDbEntity
  8
0
100
AcDbBlockEnd
  0
BLOCK
  5
AD2
330
AD1
100
AcDbEntity
  8
0
100
AcDbBlockBegin
  2
*D40
 70
1
 10
0.0
 20
0.0
 30
0.0
  3
*D40
  1

  0
LINE
  5
AD4
330
AD1
100
AcDbEntity
  8
0
 62
253
370
-2
440
16777216
100
AcDbLine
 10
20288.05304170903
 20
14111.25488955152
 30
0.0
 11
19443.56458442363
 21
14111.25488955152
 31
0.0
  0
LINE
  5
AD5
330
AD1
100
AcDbEntity
  8
0
 62
253
370
-2
440
16777216
100
AcDbLine
 10
20288.05304170903
 20
4111.254889551512
 30
0.0
 11
19443.56458442363
 21
4111.254889551512
 31
0.0
  0
LINE
  5
AD6
330
AD1
100
AcDbEntity
  8
0
 62
253
370
-2
440
16777216
100
AcDbLine
 10
19523.56458442363
 20
14191.25488955152
 30
0.0
 11
19523.56458442363
 21
4031.254889551512
 31
0.0
  0
INSERT
  5
AD7
330
AD1
100
AcDbEntity
  8
0
 62
253
370
-2
440
16777216
100
AcDbBlockReference
  2
_ArchTick
 10
19523.56458442363
 20
14111.25488955152
 30
0.0
 41
80.0
 42
80.0
 43
80.0
 50
90.0
  0
INSERT
  5
AD8
330
AD1
100
AcDbEntity
  8
0
 62
253
370
-2
440
16777216
100
AcDbBlockReference
  2
_ArchTick
 10
19523.56458442363
 20
4111.254889551512
 30
0.0
 41
80.0
 42
80.0
 43
80.0
 50
270.0
  0
MTEXT
  5
AD9
330
AD1
100
AcDbEntity
  8
0
 62
1
440
16777216
100
AcDbMText
 10
19452.50728565146
 20
9111.254889551506
 30
0.0
 40
100.0
 41
0.0
 46
0.0
 71
5
  1
\A1;10000
 11
1e-16
 21
1.0
 31
0.0
  0
POINT
  5
ADA
330
AD1
100
AcDbEntity
  8
Defpoints
 62
0
440
16777216
100
AcDbPoint
 10
20368.05304170903
 20
14111.25488955152
 30
0.0
  0
POINT
  5
ADB
330
AD1
100
AcDbEntity
  8
Defpoints
 62
0
440
16777216
100
AcDbPoint
 10
20368.05304170903
 20
4111.254889551512
 30
0.0
  0
POINT
  5
ADC
330
AD1
100
AcDbEntity
  8
Defpoints
 62
0
440
16777216
100
AcDbPoint
 10
19523.56458442363
 20
4111.254889551512
 30
0.0
  0
ENDBLK
  5
AD3
330
AD1
100
AcDbEntity
  8
0
100
AcDbBlockEnd
  0
BLOCK
  5
AE7
330
AE6
100
AcDbEntity
  8
0
100
AcDbBlockBegin
  2
*D41
 70
1
 10
0.0
 20
0.0
 30
0.0
  3
*D41
  1

  0
LINE
  5
AE9
330
AE6
100
AcDbEntity
  8
0
 62
253
370
-2
440
16777216
100
AcDbLine
 10
20288.05304170903
 20
5911.254889551512
 30
0.0
 11
19702.59022896849
 21
5911.254889551512
 31
0.0
  0
LINE
  5
AEA
330
AE6
100
AcDbEntity
  8
0
 62
253
370
-2
440
16777216
100
AcDbLine
 10
20288.05304170903
 20
7111.254889551513
 30
0.0
 11
19702.59022896849
 21
7111.254889551513
 31
0.0
  0
LINE
  5
AEB
330
AE6
100
AcDbEntity
  8
0
 62
253
370
-2
440
16777216
100
AcDbLine
 10
19782.5902289685
 20
5831.254889551512
 30
0.0
 11
19782.5902289685
 21
7191.254889551514
 31
0.0
  0
INSERT
  5
AEC
330
AE6
100
AcDbEntity
  8
0
 62
253
370
-2
440
16777216
100
AcDbBlockReference
  2
_ArchTick
 10
19782.5902289685
 20
5911.254889551512
 30
0.0
 41
80.0
 42
80.0
 43
80.0
 50
270.0
  0
INSERT
  5
AED
330
AE6
100
AcDbEntity
  8
0
 62
253
370
-2
440
16777216
100
AcDbBlockReference
  2
_ArchTick
 10
19782.5902289685
 20
7111.254889551513
 30
0.0
 41
80.0
 42
80.0
 43
80.0
 50
90.0
  0
MTEXT
  5
AEE
330
AE6
100
AcDbEntity
  8
0
 62
1
440
16777216
100
AcDbMText
 10
19711.53293019632
 20
6511.254889551506
 30
0.0
 40
100.0
 41
0.0
 46
0.0
 71
5
  1
\A1;1200
 11
1e-16
 21
1.0
 31
0.0
  0
POINT
  5
AEF
330
AE6
100
AcDbEntity
  8
Defpoints
 62
0
440
16777216
100
AcDbPoint
 10
20368.05304170903
 20
5911.254889551512
 30
0.0
  0
POINT
  5
AF0
330
AE6
100
AcDbEntity
  8
Defpoints
 62
0
440
16777216
100
AcDbPoint
 10
20368.05304170903
 20
7111.254889551513
 30
0.0
  0
POINT
  5
AF1
330
AE6
100
AcDbEntity
  8
Defpoints
 62
0
440
16777216
100
AcDbPoint
 10
19782.5902289685
 20
7111.254889551513
 30
0.0
  0
ENDBLK
  5
AE8
330
AE6
100
AcDbEntity
  8
0
100
AcDbBlockEnd
  0
BLOCK
  5
AF3
330
AF2
100
AcDbEntity
  8
0
100
AcDbBlockBegin
  2
*D42
 70
1
 10
0.0
 20
0.0
 30
0.0
  3
*D42
  1

  0
LINE
  5
AF5
330
AF2
100
AcDbEntity
  8
0
 62
253
370
-2
440
16777216
100
AcDbLine
 10
20288.05304170903
 20
7111.254889551513
 30
0.0
 11
19702.5902289685
 21
7111.254889551513
 31
0.0
  0
LINE
  5
AF6
330
AF2
100
AcDbEntity
  8
0
 62
253
370
-2
440
16777216
100
AcDbLine
 10
20288.05304170903
 20
9261.254889551514
 30
0.0
 11
19702.59022896849
 21
9261.254889551514
 31
0.0
  0
LINE
  5
AF7
330
AF2
100
AcDbEntity
  8
0
 62
253
370
-2
440
16777216
100
AcDbLine
 10
19782.5902289685
 20
7031.254889551513
 30
0.0
 11
19782.5902289685
 21
9341.254889551514
 31
0.0
  0
INSERT
  5
AF8
330
AF2
100
AcDbEntity
  8
0
 62
253
370
-2
440
16777216
100
AcDbBlockReference
  2
_ArchTick
 10
19782.5902289685
 20
7111.254889551513
 30
0.0
 41
80.0
 42
80.0
 43
80.0
 50
270.0
  0
INSERT
  5
AF9
330
AF2
100
AcDbEntity
  8
0
 62
253
370
-2
440
16777216
100
AcDbBlockReference
  2
_ArchTick
 10
19782.5902289685
 20
9261.254889551514
 30
0.0
 41
80.0
 42
80.0
 43
80.0
 50
90.0
  0
MTEXT
  5
AFA
330
AF2
100
AcDbEntity
  8
0
 62
1
440
16777216
100
AcDbMText
 10
19711.53293019633
 20
8186.254889551507
 30
0.0
 40
100.0
 41
0.0
 46
0.0
 71
5
  1
\A1;2150
 11
1e-16
 21
1.0
 31
0.0
  0
POINT
  5
AFB
330
AF2
100
AcDbEntity
  8
Defpoints
 62
0
440
16777216
100
AcDbPoint
 10
20368.05304170903
 20
7111.254889551513
 30
0.0
  0
POINT
  5
AFC
330
AF2
100
AcDbEntity
  8
Defpoints
 62
0
440
16777216
100
AcDbPoint
 10
20368.05304170903
 20
9261.254889551514
 30
0.0
  0
POINT
  5
AFD
330
AF2
100
AcDbEntity
  8
Defpoints
 62
0
440
16777216
100
AcDbPoint
 10
19782.5902289685
 20
9261.254889551514
 30
0.0
  0
ENDBLK
  5
AF4
330
AF2
100
AcDbEntity
  8
0
100
AcDbBlockEnd
  0
BLOCK
  5
AFF
330
AFE
100
AcDbEntity
  8
0
100
AcDbBlockBegin
  2
*D43
 70
1
 10
0.0
 20
0.0
 30
0.0
  3
*D43
  1

  0
LINE
  5
C0E
330
AFE
100
AcDbEntity
  8
0
 62
253
370
-2
440
16777216
100
AcDbLine
 10
20288.05304170903
 20
9261.254889551514
 30
0.0
 11
19702.5902289685
 21
9261.254889551514
 31
0.0
  0
LINE
  5
C0F
330
AFE
100
AcDbEntity
  8
0
 62
253
370
-2
440
16777216
100
AcDbLine
 10
20288.05304170903
 20
11611.25488955151
 30
0.0
 11
19702.5902289685
 21
11611.25488955151
 31
0.0
  0
LINE
  5
C10
330
AFE
100
AcDbEntity
  8
0
 62
253
370
-2
440
16777216
100
AcDbLine
 10
19782.5902289685
 20
9181.254889551514
 30
0.0
 11
19782.5902289685
 21
11691.25488955151
 31
0.0
  0
INSERT
  5
C11
330
AFE
100
AcDbEntity
  8
0
 62
253
370
-2
440
16777216
100
AcDbBlockReference
  2
_ArchTick
 10
19782.5902289685
 20
9261.254889551514
 30
0.0
 41
80.0
 42
80.0
 43
80.0
 50
270.0
  0
INSERT
  5
C12
330
AFE
100
AcDbEntity
  8
0
 62
253
370
-2
440
16777216
100
AcDbBlockReference
  2
_ArchTick
 10
19782.5902289685
 20
11611.25488955151
 30
0.0
 41
80.0
 42
80.0
 43
80.0
 50
90.0
  0
MTEXT
  5
C13
330
AFE
100
AcDbEntity
  8
0
 62
1
440
16777216
100
AcDbMText
 10
19711.49882378433
 20
10436.2548895515
 30
0.0
 40
100.0
 41
0.0
 46
0.0
 71
5
  1
\A1;2350
 11
1e-16
 21
1.0
 31
0.0
  0
POINT
  5
C14
330
AFE
100
AcDbEntity
  8
Defpoints
 62
0
440
16777216
100
AcDbPoint
 10
20368.05304170903
 20
9261.254889551514
 30
0.0
  0
POINT
  5
C15
330
AFE
100
AcDbEntity
  8
Defpoints
 62
0
440
16777216
100
AcDbPoint
 10
20368.05304170903
 20
11611.25488955151
 30
0.0
  0
POINT
  5
C16
330
AFE
100
AcDbEntity
  8
Defpoints
 62
0
440
16777216
100
AcDbPoint
 10
19782.5902289685
 20
11611.25488955151
 30
0.0
  0
ENDBLK
  5
B00
330
AFE
100
AcDbEntity
  8
0
100
AcDbBlockEnd
  0
BLOCK
  5
B0B
330
B0A
100
AcDbEntity
  8
0
100
AcDbBlockBegin
  2
*D44
 70
1
 10
0.0
 20
0.0
 30
0.0
  3
*D44
  1

  0
LINE
  5
C05
330
B0A
100
AcDbEntity
  8
0
 62
253
370
-2
440
16777216
100
AcDbLine
 10
20288.05304170903
 20
11611.25488955151
 30
0.0
 11
19702.5902289685
 21
11611.25488955151
 31
0.0
  0
LINE
  5
C06
330
B0A
100
AcDbEntity
  8
0
 62
253
370
-2
440
16777216
100
AcDbLine
 10
20288.05304170903
 20
14111.25488955152
 30
0.0
 11
19702.5902289685
 21
14111.25488955152
 31
0.0
  0
LINE
  5
C07
330
B0A
100
AcDbEntity
  8
0
 62
253
370
-2
440
16777216
100
AcDbLine
 10
19782.5902289685
 20
11531.25488955151
 30
0.0
 11
19782.5902289685
 21
14191.25488955152
 31
0.0
  0
INSERT
  5
C08
330
B0A
100
AcDbEntity
  8
0
 62
253
370
-2
440
16777216
100
AcDbBlockReference
  2
_ArchTick
 10
19782.5902289685
 20
11611.25488955151
 30
0.0
 41
80.0
 42
80.0
 43
80.0
 50
270.0
  0
INSERT
  5
C09
330
B0A
100
AcDbEntity
  8
0
 62
253
370
-2
440
16777216
100
AcDbBlockReference
  2
_ArchTick
 10
19782.5902289685
 20
14111.25488955152
 30
0.0
 41
80.0
 42
80.0
 43
80.0
 50
90.0
  0
MTEXT
  5
C0A
330
B0A
100
AcDbEntity
  8
0
 62
1
440
16777216
100
AcDbMText
 10
19711.53293019633
 20
12861.25488955151
 30
0.0
 40
100.0
 41
0.0
 46
0.0
 71
5
  1
\A1;2500
 11
1e-16
 21
1.0
 31
0.0
  0
POINT
  5
C0B
330
B0A
100
AcDbEntity
  8
Defpoints
 62
0
440
16777216
100
AcDbPoint
 10
20368.05304170903
 20
11611.25488955151
 30
0.0
  0
POINT
  5
C0C
330
B0A
100
AcDbEntity
  8
Defpoints
 62
0
440
16777216
100
AcDbPoint
 10
20368.05304170903
 20
14111.25488955152
 30
0.0
  0
POINT
  5
C0D
330
B0A
100
AcDbEntity
  8
Defpoints
 62
0
440
16777216
100
AcDbPoint
 10
19782.5902289685
 20
14111.25488955152
 30
0.0
  0
ENDBLK
  5
B0C
330
B0A
100
AcDbEntity
  8
0
100
AcDbBlockEnd
  0
BLOCK
  5
B20
330
B1F
100
AcDbEntity
  8
0
100
AcDbBlockBegin
  2
*D45
 70
1
 10
0.0
 20
0.0
 30
0.0
  3
*D45
  1

  0
LINE
  5
BA5
330
B1F
100
AcDbEntity
  8
0
 62
253
370
-2
440
16777216
100
AcDbLine
 10
24988.05304170903
 20
9186.254889551514
 30
0.0
 11
22531.06534534192
 21
9186.254889551514
 31
0.0
  0
LINE
  5
BA6
330
B1F
100
AcDbEntity
  8
0
 62
253
370
-2
440
16777216
100
AcDbLine
 10
24988.05304170903
 20
9111.254889551514
 30
0.0
 11
22531.06534534192
 21
9111.254889551514
 31
0.0
  0
LINE
  5
BA7
330
B1F
100
AcDbEntity
  8
0
 62
253
370
-2
440
16777216
100
AcDbLine
 10
22611.06534534192
 20
9266.254889551516
 30
0.0
 11
22611.06534534192
 21
9031.254889551514
 31
0.0
  0
LINE
  5
BA8
330
B1F
100
AcDbEntity
  8
0
 62
253
370
-2
440
16777216
100
AcDbLine
 10
22611.06534534192
 20
9148.754889551514
 30
0.0
 11
22450.21268504178
 21
9197.010687641554
 31
0.0
  0
LINE
  5
BA9
330
B1F
100
AcDbEntity
  8
0
 62
253
370
-2
440
16777216
100
AcDbLine
 10
22450.21268504178
 20
9197.010687641554
 30
0.0
 11
22450.21268504178
 21
9380.189405240462
 31
0.0
  0
MTEXT
  5
BAA
330
B1F
100
AcDbEntity
  8
0
 62
1
440
16777216
100
AcDbMText
 10
22379.36002474165
 20
9288.600046440999
 30
0.0
 40
100.0
 41
0.0
 46
0.0
 71
5
  1
\A1;75
 11
1e-16
 21
1.0
 31
0.0
  0
INSERT
  5
BAB
330
B1F
100
AcDbEntity
  8
0
 62
253
370
-2
440
16777216
100
AcDbBlockReference
  2
_ArchTick
 10
22611.06534534192
 20
9186.254889551514
 30
0.0
 41
80.0
 42
80.0
 43
80.0
 50
90.0
  0
INSERT
  5
BAC
330
B1F
100
AcDbEntity
  8
0
 62
253
370
-2
440
16777216
100
AcDbBlockReference
  2
_ArchTick
 10
22611.06534534192
 20
9111.254889551514
 30
0.0
 41
80.0
 42
80.0
 43
80.0
 50
270.0
  0
POINT
  5
BAD
330
B1F
100
AcDbEntity
  8
Defpoints
 62
0
440
16777216
100
AcDbPoint
 10
25068.05304170903
 20
9186.254889551514
 30
0.0
  0
POINT
  5
BAE
330
B1F
100
AcDbEntity
  8
Defpoints
 62
0
440
16777216
100
AcDbPoint
 10
25068.05304170903
 20
9111.254889551514
 30
0.0
  0
POINT
  5
BAF
330
B1F
100
AcDbEntity
  8
Defpoints
 62
0
440
16777216
100
AcDbPoint
 10
22611.06534534192
 20
9111.254889551514
 30
0.0
  0
ENDBLK
  5
B21
330
B1F
100
AcDbEntity
  8
0
100
AcDbBlockEnd
  0
BLOCK
  5
B41
330
B40
100
AcDbEntity
  8
0
100
AcDbBlockBegin
  2
*D46
 70
1
 10
0.0
 20
0.0
 30
0.0
  3
*D46
  1

  0
LINE
  5
C32
330
B40
100
AcDbEntity
  8
0
 62
253
370
-2
440
16777216
100
AcDbLine
 10
25218.05304170902
 20
7031.254889551511
 30
0.0
 11
25218.05304170902
 21
2991.566510566773
 31
0.0
  0
LINE
  5
C33
330
B40
100
AcDbEntity
  8
0
 62
253
370
-2
440
16777216
100
AcDbLine
 10
28368.05304170902
 20
9031.25488955151
 30
0.0
 11
28368.05304170902
 21
2991.566510566773
 31
0.0
  0
LINE
  5
C34
330
B40
100
AcDbEntity
  8
0
 62
253
370
-2
440
16777216
100
AcDbLine
 10
25138.05304170902
 20
3071.566510566772
 30
0.0
 11
28448.05304170902
 21
3071.566510566772
 31
0.0
  0
INSERT
  5
C35
330
B40
100
AcDbEntity
  8
0
 62
253
370
-2
440
16777216
100
AcDbBlockReference
  2
_ArchTick
 10
25218.05304170902
 20
3071.566510566772
 30
0.0
 41
80.0
 42
80.0
 43
80.0
 50
180.0
  0
INSERT
  5
C36
330
B40
100
AcDbEntity
  8
0
 62
253
370
-2
440
16777216
100
AcDbBlockReference
  2
_ArchTick
 10
28368.05304170902
 20
3071.566510566772
 30
0.0
 41
80.0
 42
80.0
 43
80.0
  0
MTEXT
  5
C37
330
B40
100
AcDbEntity
  8
0
 62
1
440
16777216
100
AcDbMText
 10
26793.05304170902
 20
3142.657915750947
 30
0.0
 40
100.0
 41
0.0
 46
0.0
 71
5
  1
\A1;3150
  0
POINT
  5
C38
330
B40
100
AcDbEntity
  8
Defpoints
 62
0
440
16777216
100
AcDbPoint
 10
25218.05304170902
 20
7111.25488955151
 30
0.0
  0
POINT
  5
C39
330
B40
100
AcDbEntity
  8
Defpoints
 62
0
440
16777216
100
AcDbPoint
 10
28368.05304170902
 20
9111.25488955151
 30
0.0
  0
POINT
  5
C3A
330
B40
100
AcDbEntity
  8
Defpoints
 62
0
440
16777216
100
AcDbPoint
 10
28368.05304170902
 20
3071.566510566772
 30
0.0
  0
ENDBLK
  5
B42
330
B40
100
AcDbEntity
  8
0
100
AcDbBlockEnd
  0
BLOCK
  5
B4D
330
B4C
100
AcDbEntity
  8
0
100
AcDbBlockBegin
  2
*D47
 70
1
 10
0.0
 20
0.0
 30
0.0
  3
*D47
  1

  0
LINE
  5
B4F
330
B4C
100
AcDbEntity
  8
0
 62
253
370
-2
440
16777216
100
AcDbLine
 10
28368.05304170902
 20
9031.254889551506
 30
0.0
 11
28368.05304170902
 21
2681.854028173082
 31
0.0
  0
LINE
  5
B50
330
B4C
100
AcDbEntity
  8
0
 62
253
370
-2
440
16777216
100
AcDbLine
 10
20368.05304170902
 20
7031.254889551511
 30
0.0
 11
20368.05304170902
 21
2681.854028173082
 31
0.0
  0
LINE
  5
B51
330
B4C
100
AcDbEntity
  8
0
 62
253
370
-2
440
16777216
100
AcDbLine
 10
28448.05304170902
 20
2761.854028173082
 30
0.0
 11
20288.05304170902
 21
2761.854028173082
 31
0.0
  0
INSERT
  5
B52
330
B4C
100
AcDbEntity
  8
0
 62
253
370
-2
440
16777216
100
AcDbBlockReference
  2
_ArchTick
 10
28368.05304170902
 20
2761.854028173082
 30
0.0
 41
80.0
 42
80.0
 43
80.0
  0
INSERT
  5
B53
330
B4C
100
AcDbEntity
  8
0
 62
253
370
-2
440
16777216
100
AcDbBlockReference
  2
_ArchTick
 10
20368.05304170902
 20
2761.854028173082
 30
0.0
 41
80.0
 42
80.0
 43
80.0
 50
180.0
  0
MTEXT
  5
B54
330
B4C
100
AcDbEntity
  8
0
 62
1
440
16777216
100
AcDbMText
 10
24368.05304170902
 20
2832.911326945252
 30
0.0
 40
100.0
 41
0.0
 46
0.0
 71
5
  1
\A1;8000
  0
POINT
  5
B55
330
B4C
100
AcDbEntity
  8
Defpoints
 62
0
440
16777216
100
AcDbPoint
 10
28368.05304170902
 20
9111.254889551506
 30
0.0
  0
POINT
  5
B56
330
B4C
100
AcDbEntity
  8
Defpoints
 62
0
440
16777216
100
AcDbPoint
 10
20368.05304170902
 20
7111.25488955151
 30
0.0
  0
POINT
  5
B57
330
B4C
100
AcDbEntity
  8
Defpoints
 62
0
440
16777216
100
AcDbPoint
 10
20368.05304170902
 20
2761.854028173082
 30
0.0
  0
ENDBLK
  5
B4E
330
B4C
100
AcDbEntity
  8
0
100
AcDbBlockEnd
  0
BLOCK
  5
B59
330
B58
100
AcDbEntity
  8
0
100
AcDbBlockBegin
  2
*D48
 70
1
 10
0.0
 20
0.0
 30
0.0
  3
*D48
  1

  0
LINE
  5
B5B
330
B58
100
AcDbEntity
  8
0
 62
253
370
-2
440
16777216
100
AcDbLine
 10
28448.05304170904
 20
14111.25488955152
 30
0.0
 11
29442.28214930786
 21
14111.25488955152
 31
0.0
  0
LINE
  5
B5C
330
B58
100
AcDbEntity
  8
0
 62
253
370
-2
440
16777216
100
AcDbLine
 10
28448.05304170904
 20
4111.254889551512
 30
0.0
 11
29442.28214930786
 21
4111.254889551512
 31
0.0
  0
LINE
  5
B5D
330
B58
100
AcDbEntity
  8
0
 62
253
370
-2
440
16777216
100
AcDbLine
 10
29362.28214930786
 20
14191.25488955152
 30
0.0
 11
29362.28214930786
 21
4031.254889551512
 31
0.0
  0
INSERT
  5
B5E
330
B58
100
AcDbEntity
  8
0
 62
253
370
-2
440
16777216
100
AcDbBlockReference
  2
_ArchTick
 10
29362.28214930786
 20
14111.25488955152
 30
0.0
 41
80.0
 42
80.0
 43
80.0
 50
90.0
  0
INSERT
  5
B5F
330
B58
100
AcDbEntity
  8
0
 62
253
370
-2
440
16777216
100
AcDbBlockReference
  2
_ArchTick
 10
29362.28214930786
 20
4111.254889551512
 30
0.0
 41
80.0
 42
80.0
 43
80.0
 50
270.0
  0
MTEXT
  5
B60
330
B58
100
AcDbEntity
  8
0
 62
1
440
16777216
100
AcDbMText
 10
29291.22485053568
 20
9111.254889551505
 30
0.0
 40
100.0
 41
0.0
 46
0.0
 71
5
  1
\A1;10000
 11
1e-16
 21
1.0
 31
0.0
  0
POINT
  5
B61
330
B58
100
AcDbEntity
  8
Defpoints
 62
0
440
16777216
100
AcDbPoint
 10
28368.05304170903
 20
14111.25488955152
 30
0.0
  0
POINT
  5
B62
330
B58
100
AcDbEntity
  8
Defpoints
 62
0
440
16777216
100
AcDbPoint
 10
28368.05304170903
 20
4111.254889551512
 30
0.0
  0
POINT
  5
B63
330
B58
100
AcDbEntity
  8
Defpoints
 62
0
440
16777216
100
AcDbPoint
 10
29362.28214930786
 20
4111.254889551512
 30
0.0
  0
ENDBLK
  5
B5A
330
B58
100
AcDbEntity
  8
0
100
AcDbBlockEnd
  0
BLOCK
  5
B65
330
B64
100
AcDbEntity
  8
0
100
AcDbBlockBegin
  2
*D49
 70
1
 10
0.0
 20
0.0
 30
0.0
  3
*D49
  1

  0
LINE
  5
B67
330
B64
100
AcDbEntity
  8
0
 62
253
370
-2
440
16777216
100
AcDbLine
 10
28448.05304170904
 20
14111.25488955152
 30
0.0
 11
29186.67209868072
 21
14111.25488955152
 31
0.0
  0
LINE
  5
B68
330
B64
100
AcDbEntity
  8
0
 62
253
370
-2
440
16777216
100
AcDbLine
 10
28448.05304170904
 20
11611.25488955151
 30
0.0
 11
29186.67209868072
 21
11611.25488955151
 31
0.0
  0
LINE
  5
B69
330
B64
100
AcDbEntity
  8
0
 62
253
370
-2
440
16777216
100
AcDbLine
 10
29106.67209868071
 20
14191.25488955152
 30
0.0
 11
29106.67209868071
 21
11531.25488955151
 31
0.0
  0
INSERT
  5
B6A
330
B64
100
AcDbEntity
  8
0
 62
253
370
-2
440
16777216
100
AcDbBlockReference
  2
_ArchTick
 10
29106.67209868071
 20
14111.25488955152
 30
0.0
 41
80.0
 42
80.0
 43
80.0
 50
90.0
  0
INSERT
  5
B6B
330
B64
100
AcDbEntity
  8
0
 62
253
370
-2
440
16777216
100
AcDbBlockReference
  2
_ArchTick
 10
29106.67209868071
 20
11611.25488955151
 30
0.0
 41
80.0
 42
80.0
 43
80.0
 50
270.0
  0
MTEXT
  5
B6C
330
B64
100
AcDbEntity
  8
0
 62
1
440
16777216
100
AcDbMText
 10
29035.61479990854
 20
12861.2548895515
 30
0.0
 40
100.0
 41
0.0
 46
0.0
 71
5
  1
\A1;2500
 11
1e-16
 21
1.0
 31
0.0
  0
POINT
  5
B6D
330
B64
100
AcDbEntity
  8
Defpoints
 62
0
440
16777216
100
AcDbPoint
 10
28368.05304170903
 20
14111.25488955152
 30
0.0
  0
POINT
  5
B6E
330
B64
100
AcDbEntity
  8
Defpoints
 62
0
440
16777216
100
AcDbPoint
 10
28368.05304170903
 20
11611.25488955151
 30
0.0
  0
POINT
  5
B6F
330
B64
100
AcDbEntity
  8
Defpoints
 62
0
440
16777216
100
AcDbPoint
 10
29106.67209868071
 20
11611.25488955151
 30
0.0
  0
ENDBLK
  5
B66
330
B64
100
AcDbEntity
  8
0
100
AcDbBlockEnd
  0
BLOCK
  5
B71
330
B70
100
AcDbEntity
  8
0
100
AcDbBlockBegin
  2
*D50
 70
1
 10
0.0
 20
0.0
 30
0.0
  3
*D50
  1

  0
LINE
  5
B73
330
B70
100
AcDbEntity
  8
0
 62
253
370
-2
440
16777216
100
AcDbLine
 10
28448.05304170904
 20
11611.25488955151
 30
0.0
 11
29186.67209868073
 21
11611.25488955151
 31
0.0
  0
LINE
  5
B74
330
B70
100
AcDbEntity
  8
0
 62
253
370
-2
440
16777216
100
AcDbLine
 10
28448.05304170904
 20
9261.254889551514
 30
0.0
 11
29186.67209868073
 21
9261.254889551516
 31
0.0
  0
LINE
  5
B75
330
B70
100
AcDbEntity
  8
0
 62
253
370
-2
440
16777216
100
AcDbLine
 10
29106.67209868073
 20
11691.25488955151
 30
0.0
 11
29106.67209868073
 21
9181.254889551516
 31
0.0
  0
INSERT
  5
B76
330
B70
100
AcDbEntity
  8
0
 62
253
370
-2
440
16777216
100
AcDbBlockReference
  2
_ArchTick
 10
29106.67209868073
 20
11611.25488955151
 30
0.0
 41
80.0
 42
80.0
 43
80.0
 50
90.0
  0
INSERT
  5
B77
330
B70
100
AcDbEntity
  8
0
 62
253
370
-2
440
16777216
100
AcDbBlockReference
  2
_ArchTick
 10
29106.67209868073
 20
9261.254889551516
 30
0.0
 41
80.0
 42
80.0
 43
80.0
 50
270.0
  0
MTEXT
  5
B78
330
B70
100
AcDbEntity
  8
0
 62
1
440
16777216
100
AcDbMText
 10
29035.58069349655
 20
10436.2548895515
 30
0.0
 40
100.0
 41
0.0
 46
0.0
 71
5
  1
\A1;2350
 11
1e-16
 21
1.0
 31
0.0
  0
POINT
  5
B79
330
B70
100
AcDbEntity
  8
Defpoints
 62
0
440
16777216
100
AcDbPoint
 10
28368.05304170903
 20
11611.25488955151
 30
0.0
  0
POINT
  5
B7A
330
B70
100
AcDbEntity
  8
Defpoints
 62
0
440
16777216
100
AcDbPoint
 10
28368.05304170903
 20
9261.254889551514
 30
0.0
  0
POINT
  5
B7B
330
B70
100
AcDbEntity
  8
Defpoints
 62
0
440
16777216
100
AcDbPoint
 10
29106.67209868073
 20
9261.254889551516
 30
0.0
  0
ENDBLK
  5
B72
330
B70
100
AcDbEntity
  8
0
100
AcDbBlockEnd
  0
BLOCK
  5
B7D
330
B7C
100
AcDbEntity
  8
0
100
AcDbBlockBegin
  2
*D51
 70
1
 10
0.0
 20
0.0
 30
0.0
  3
*D51
  1

  0
LINE
  5
B7F
330
B7C
100
AcDbEntity
  8
0
 62
253
370
-2
440
16777216
100
AcDbLine
 10
28448.05304170904
 20
9261.254889551514
 30
0.0
 11
29186.67209868073
 21
9261.254889551516
 31
0.0
  0
LINE
  5
B80
330
B7C
100
AcDbEntity
  8
0
 62
253
370
-2
440
16777216
100
AcDbLine
 10
28448.05304170904
 20
4111.254889551512
 30
0.0
 11
29186.67209868074
 21
4111.254889551512
 31
0.0
  0
LINE
  5
B81
330
B7C
100
AcDbEntity
  8
0
 62
253
370
-2
440
16777216
100
AcDbLine
 10
29106.67209868073
 20
9341.254889551516
 30
0.0
 11
29106.67209868074
 21
4031.254889551512
 31
0.0
  0
INSERT
  5
B82
330
B7C
100
AcDbEntity
  8
0
 62
253
370
-2
440
16777216
100
AcDbBlockReference
  2
_ArchTick
 10
29106.67209868073
 20
9261.254889551516
 30
0.0
 41
80.0
 42
80.0
 43
80.0
 50
90.0
  0
INSERT
  5
B83
330
B7C
100
AcDbEntity
  8
0
 62
253
370
-2
440
16777216
100
AcDbBlockReference
  2
_ArchTick
 10
29106.67209868074
 20
4111.254889551512
 30
0.0
 41
80.0
 42
80.0
 43
80.0
 50
270.0
  0
MTEXT
  5
B84
330
B7C
100
AcDbEntity
  8
0
 62
1
440
16777216
100
AcDbMText
 10
29035.61479990856
 20
6686.254889551503
 30
0.0
 40
100.0
 41
0.0
 46
0.0
 71
5
  1
\A1;5150
 11
1e-16
 21
1.0
 31
0.0
  0
POINT
  5
B85
330
B7C
100
AcDbEntity
  8
Defpoints
 62
0
440
16777216
100
AcDbPoint
 10
28368.05304170903
 20
9261.254889551514
 30
0.0
  0
POINT
  5
B86
330
B7C
100
AcDbEntity
  8
Defpoints
 62
0
440
16777216
100
AcDbPoint
 10
28368.05304170903
 20
4111.254889551512
 30
0.0
  0
POINT
  5
B87
330
B7C
100
AcDbEntity
  8
Defpoints
 62
0
440
16777216
100
AcDbPoint
 10
29106.67209868074
 20
4111.254889551512
 30
0.0
  0
ENDBLK
  5
B7E
330
B7C
100
AcDbEntity
  8
0
100
AcDbBlockEnd
  0
BLOCK
  5
BC5
330
BC4
100
AcDbEntity
  8
0
100
AcDbBlockBegin
  2
*D52
 70
1
 10
0.0
 20
0.0
 30
0.0
  3
*D52
  1

  0
LINE
  5
CA4
330
BC4
100
AcDbEntity
  8
0
 62
253
370
-2
440
16777216
100
AcDbLine
 10
20288.05304170903
 20
7111.254889551513
 30
0.0
 11
19964.81023320173
 21
7111.254889551513
 31
0.0
  0
LINE
  5
CA5
330
BC4
100
AcDbEntity
  8
0
 62
253
370
-2
440
16777216
100
AcDbLine
 10
23938.05304170903
 20
10261.25488955151
 30
0.0
 11
19964.81023320173
 21
10261.25488955151
 31
0.0
  0
LINE
  5
CA6
330
BC4
100
AcDbEntity
  8
0
 62
253
370
-2
440
16777216
100
AcDbLine
 10
20044.81023320173
 20
7031.254889551513
 30
0.0
 11
20044.81023320173
 21
10341.25488955151
 31
0.0
  0
INSERT
  5
CA7
330
BC4
100
AcDbEntity
  8
0
 62
253
370
-2
440
16777216
100
AcDbBlockReference
  2
_ArchTick
 10
20044.81023320173
 20
7111.254889551513
 30
0.0
 41
80.0
 42
80.0
 43
80.0
 50
270.0
  0
INSERT
  5
CA8
330
BC4
100
AcDbEntity
  8
0
 62
253
370
-2
440
16777216
100
AcDbBlockReference
  2
_ArchTick
 10
20044.81023320173
 20
10261.25488955151
 30
0.0
 41
80.0
 42
80.0
 43
80.0
 50
90.0
  0
MTEXT
  5
CA9
330
BC4
100
AcDbEntity
  8
0
 62
1
440
16777216
100
AcDbMText
 10
19973.71882801755
 20
8686.254889551505
 30
0.0
 40
100.0
 41
0.0
 46
0.0
 71
5
  1
\A1;3150
 11
1e-16
 21
1.0
 31
0.0
  0
POINT
  5
CAA
330
BC4
100
AcDbEntity
  8
Defpoints
 62
0
440
16777216
100
AcDbPoint
 10
20368.05304170903
 20
7111.254889551513
 30
0.0
  0
POINT
  5
CAB
330
BC4
100
AcDbEntity
  8
Defpoints
 62
0
440
16777216
100
AcDbPoint
 10
24018.05304170903
 20
10261.25488955151
 30
0.0
  0
POINT
  5
CAC
330
BC4
100
AcDbEntity
  8
Defpoints
 62
0
440
16777216
100
AcDbPoint
 10
20044.81023320173
 20
10261.25488955151
 30
0.0
  0
ENDBLK
  5
BC6
330
BC4
100
AcDbEntity
  8
0
100
AcDbBlockEnd
  0
BLOCK
  5
BDD
330
BDC
100
AcDbEntity
  8
0
100
AcDbBlockBegin
  2
*D53
 70
1
 10
0.0
 20
0.0
 30
0.0
  3
*D53
  1

  0
LINE
  5
CAD
330
BDC
100
AcDbEntity
  8
0
 62
253
370
-2
440
16777216
100
AcDbLine
 10
23938.05304170903
 20
10261.25488955151
 30
0.0
 11
19964.81023320175
 21
10261.25488955151
 31
0.0
  0
LINE
  5
CAE
330
BDC
100
AcDbEntity
  8
0
 62
253
370
-2
440
16777216
100
AcDbLine
 10
20363.05304170903
 20
11611.25488955151
 30
0.0
 11
19964.81023320175
 21
11611.25488955151
 31
0.0
  0
LINE
  5
CAF
330
BDC
100
AcDbEntity
  8
0
 62
253
370
-2
440
16777216
100
AcDbLine
 10
20044.81023320175
 20
10181.25488955151
 30
0.0
 11
20044.81023320175
 21
11691.25488955151
 31
0.0
  0
INSERT
  5
CB0
330
BDC
100
AcDbEntity
  8
0
 62
253
370
-2
440
16777216
100
AcDbBlockReference
  2
_ArchTick
 10
20044.81023320175
 20
10261.25488955151
 30
0.0
 41
80.0
 42
80.0
 43
80.0
 50
270.0
  0
INSERT
  5
CB1
330
BDC
100
AcDbEntity
  8
0
 62
253
370
-2
440
16777216
100
AcDbBlockReference
  2
_ArchTick
 10
20044.81023320175
 20
11611.25488955151
 30
0.0
 41
80.0
 42
80.0
 43
80.0
 50
90.0
  0
MTEXT
  5
CB2
330
BDC
100
AcDbEntity
  8
0
 62
1
440
16777216
100
AcDbMText
 10
19973.71882801757
 20
10936.2548895515
 30
0.0
 40
100.0
 41
0.0
 46
0.0
 71
5
  1
\A1;1350
 11
1e-16
 21
1.0
 31
0.0
  0
POINT
  5
CB3
330
BDC
100
AcDbEntity
  8
Defpoints
 62
0
440
16777216
100
AcDbPoint
 10
24018.05304170903
 20
10261.25488955151
 30
0.0
  0
POINT
  5
CB4
330
BDC
100
AcDbEntity
  8
Defpoints
 62
0
440
16777216
100
AcDbPoint
 10
20443.05304170903
 20
11611.25488955151
 30
0.0
  0
POINT
  5
CB5
330
BDC
100
AcDbEntity
  8
Defpoints
 62
0
440
16777216
100
AcDbPoint
 10
20044.81023320175
 20
11611.25488955151
 30
0.0
  0
ENDBLK
  5
BDE
330
BDC
100
AcDbEntity
  8
0
100
AcDbBlockEnd
  0
BLOCK
  5
C55
330
C53
100
AcDbEntity
  8
0
100
AcDbBlockBegin
  2
DOOR ATTRIBUTE
 70
2
 10
0.0
 20
0.0
 30
0.0
  3
DOOR ATTRIBUTE
  1

  0
LINE
  5
C56
330
C53
100
AcDbEntity
  8
0
100
AcDbLine
 10
0.0
 20
0.0
 30
0.0
 11
1232.064694616121
 21
0.0
 31
0.0
  0
ATTDEF
  5
C57
330
C53
100
AcDbEntity
  8
0
100
AcDbText
 10
534.0928835135672
 20
36.06586014796722
 30
0.0
 40
100.0
  1

100
AcDbAttributeDefinition
  3
SIZE
  2
1000,2100
 70
0
280
1
 71
1
 72
0
  0
ATTDEF
  5
C58
330
C53
100
AcDbEntity
  8
0
100
AcDbText
 10
47.54819482657512
 20
39.32139123535762
 30
0.0
 40
100.0
  1

100
AcDbAttributeDefinition
  3
DOOR:
  2
DOOR:
 70
0
280
1
 71
1
 72
0
  0
ENDBLK
  5
C59
330
C53
100
AcDbEntity
  8
0
100
AcDbBlockEnd
  0
BLOCK
  5
C5C
330
C5A
100
AcDbEntity
  8
0
100
AcDbBlockBegin
  2
WINDOW
 70
2
 10
0.0
 20
0.0
 30
0.0
  3
WINDOW
  1

  0
LINE
  5
C5D
330
C5A
100
AcDbEntity
  8
0
100
AcDbLine
 10
0.0
 20
0.0
 30
0.0
 11
689.9924152103825
 21
0.0
 31
0.0
  0
ATTDEF
  5
C5E
330
C5A
100
AcDbEntity
  8
0
100
AcDbText
 10
337.5183117371271
 20
17.36602390504595
 30
0.0
 40
50.0
  1

100
AcDbAttributeDefinition
  3
SIZE
  2
1200,1200
 70
0
280
1
 71
1
 72
0
  0
ATTDEF
  5
C5F
330
C5A
100
AcDbEntity
  8
0
100
AcDbText
 10
0.0
 20
10.8663662475501
 30
0.0
 40
50.0
  1

100
AcDbAttributeDefinition
  3
WINDOW:
  2
WINDOW:
 70
0
280
1
 71
1
 72
0
  0
ENDBLK
  5
C60
330
C5A
100
AcDbEntity
  8
0
100
AcDbBlockEnd
  0
ENDSEC
  0
SECTION
  2
ENTITIES
  0
TEXT
  5
6FB
330
1F
100
AcDbEntity
  8
ANNO-TEXTS
  6
Continuous
100
AcDbText
 10
6590.48253919032
 20
1111.246001468662
 30
1.558245e-10
 40
136.150313021305
  1
GROUND FLOOR PLAN
  7
SIMPLEX
100
AcDbText
  0
CIRCLE
  5
6FC
330
1F
100
AcDbEntity
  8
P-BG
  6
Continuous
 62
1
100
AcDbCircle
 10
6138.724091555245
 20
1063.075128972789
 30
1.558245e-10
 40
398.8778701796048
  0
LINE
  5
6FD
330
1F
100
AcDbEntity
  8
P-BG
  6
Continuous
 62
1
100
AcDbLine
 10
9094.843184502291
 20
1063.075128972789
 30
1.558245e-10
 11
5739.846221347033
 21
1063.075128972789
 31
1.558245e-10
  0
TEXT
  5
6FE
330
1F
100
AcDbEntity
  8
0
 62
4
100
AcDbText
 10
6018.664401837805
 20
1179.955143915009
 30
-3.394755e-10
 40
132.9069644631023
  1
01
  7
ROMANS
100
AcDbText
  0
CIRCLE
  5
6FF
330
1F
100
AcDbEntity
  8
P-BG
  6
Continuous
 62
1
100
AcDbCircle
 10
6138.724091555245
 20
1063.075128972789
 30
1.558245e-10
 40
398.8778701796048
  0
TEXT
  5
700
330
1F
100
AcDbEntity
  8
0
 62
3
100
AcDbText
 10
6644.23216226982
 20
905.3616742062734
 30
1.558245e-10
 40
85.09394563831566
  1
SCALE                 1:100
  7
ROMANS
100
AcDbText
  0
TEXT
  5
701
330
1F
100
AcDbEntity
  8
0
 62
4
100
AcDbText
 10
5946.079385966868
 20
846.0371796044967
 30
1.531653e-10
 40
132.9069644631023
  1
A-1
  7
ROMANS
100
AcDbText
  0
LWPOLYLINE
  5
702
330
1F
100
AcDbEntity
  8
WALL
100
AcDbPolyline
 90
4
 70
0
 10
3317.362527400617
 20
7111.25488955151
 10
3317.362527400617
 20
14111.25488955151
 10
11317.36252740062
 20
14111.25488955151
 10
11317.36252740062
 20
9111.25488955151
  0
LWPOLYLINE
  5
703
330
1F
100
AcDbEntity
  8
WALL
100
AcDbPolyline
 90
2
 70
0
 10
6967.362527400618
 20
7261.25488955151
 10
6717.362527400617
 20
7261.25488955151
  0
LWPOLYLINE
  5
704
330
1F
100
AcDbEntity
  8
WALL
100
AcDbPolyline
 90
4
 70
0
 10
6017.362527400617
 20
7261.25488955151
 10
3467.362527400617
 20
7261.25488955151
 10
3467.362527400617
 20
13961.25488955151
 10
5442.362527400616
 20
13961.25488955151
  0
LWPOLYLINE
  5
705
330
1F
100
AcDbEntity
  8
WALL
100
AcDbPolyline
 90
2
 70
0
 10
5592.362527400616
 20
13961.25488955151
 10
8017.362527400617
 20
13961.25488955151
  0
LWPOLYLINE
  5
706
330
1F
100
AcDbEntity
  8
WALL
100
AcDbPolyline
 90
6
 70
0
 10
8167.362527400618
 20
13961.25488955151
 10
11167.36252740061
 20
13961.25488955151
 10
11167.36252740061
 20
9261.25488955151
 10
8017.362527400617
 20
9261.25488955151
 10
8017.362527400617
 20
7261.25488955151
 10
7967.36252740062
 20
7261.25488955151
  0
LWPOLYLINE
  5
707
330
1F
100
AcDbEntity
  8
DOOR
100
AcDbPolyline
 90
14
 70
0
 10
7017.362527400618
 20
7261.25488955151
 10
6967.362527400618
 20
7261.25488955151
 10
6967.362527400618
 20
7111.254889551513
 10
7017.362527400618
 20
7111.254889551513
 10
7017.362527400618
 20
7261.25488955151
 42
-0.4077954089280209
 10
7917.362527400617
 20
8261.25488955151
 10
7867.362527400617
 20
8261.25488955151
 10
7867.36252740062
 20
7261.25488955151
 10
7917.362527400617
 20
7261.25488955151
 10
7967.362527400617
 20
7261.25488955151
 10
7967.362527400617
 20
7111.254889551513
 10
7917.362527400617
 20
7111.254889551513
 10
7917.362527400617
 20
7261.25488955151
 10
7917.362527400619
 20
8261.25488955151
  0
LINE
  5
708
330
1F
100
AcDbEntity
  8
0
100
AcDbLine
 10
7967.36252740062
 20
7261.25488955151
 30
0.0
 11
7017.362527400618
 21
7261.25488955151
 31
0.0
  0
LINE
  5
709
330
1F
100
AcDbEntity
  8
WALL
100
AcDbLine
 10
8167.362527400618
 20
9111.25488955151
 30
0.0
 11
11317.36252740062
 21
9111.254889551506
 31
0.0
  0
LINE
  5
70A
330
1F
100
AcDbEntity
  8
WALL
100
AcDbLine
 10
8167.362527400618
 20
9111.25488955151
 30
0.0
 11
8167.362527400618
 21
7111.25488955151
 31
0.0
  0
LINE
  5
70B
330
1F
100
AcDbEntity
  8
COLUMN
100
AcDbLine
 10
8167.362527400618
 20
7111.25488955151
 30
0.0
 11
8017.362527400617
 21
7111.25488955151
 31
0.0
  0
LINE
  5
70C
330
1F
100
AcDbEntity
  8
WALL
100
AcDbLine
 10
6967.362527400618
 20
7111.25488955151
 30
0.0
 11
6717.362527400617
 21
7111.25488955151
 31
0.0
  0
LINE
  5
70D
330
1F
100
AcDbEntity
  8
WALL
100
AcDbLine
 10
6017.362527400617
 20
7111.25488955151
 30
0.0
 11
3317.362527400617
 21
7111.25488955151
 31
0.0
  0
LWPOLYLINE
  5
70F
102
{ACAD_REACTORS
330
75C
330
77B
330
77E
102
}
330
1F
100
AcDbEntity
  8
0
  6
PHANTOM
 62
8
100
AcDbPolyline
 90
4
 70
0
 10
3317.362527400617
 20
7111.25488955151
 10
3317.362527400617
 20
4111.25488955151
 10
11317.36252740062
 20
4111.25488955151
 10
11317.36252740062
 20
9111.254889551506
  0
TEXT
  5
712
330
1F
100
AcDbEntity
  8
ANNO-TEXTS
  6
Continuous
100
AcDbText
 10
9300.901840435885
 20
6933.048173852519
 30
1.558245e-10
 40
136.150313021305
  1
CARPORT 
  7
SIMPLEX
100
AcDbText
  0
TEXT
  5
713
330
1F
100
AcDbEntity
  8
ANNO-TEXTS
  6
Continuous
100
AcDbText
 10
9425.965329539256
 20
6673.435631256442
 30
1.558245e-10
 40
136.150313021305
  1
3MX5M
  7
SIMPLEX
100
AcDbText
  0
TEXT
  5
714
330
1F
100
AcDbEntity
  8
ANNO-TEXTS
  6
Continuous
100
AcDbText
 10
5266.641009443038
 20
6545.040536229615
 30
0.0
 40
136.150313021305
  1
FOYER 
  7
SIMPLEX
100
AcDbText
  0
TEXT
  5
715
330
1F
100
AcDbEntity
  8
ANNO-TEXTS
  6
Continuous
100
AcDbText
 10
4991.989130864129
 20
6285.427993633537
 30
0.0
 40
136.150313021305
  1
1.2MX4.85M
  7
SIMPLEX
100
AcDbText
  0
TEXT
  5
716
330
1F
100
AcDbEntity
  8
ANNO-TEXTS
  6
Continuous
100
AcDbText
 10
5266.641009443038
 20
5151.093874325074
 30
0.0
 40
136.150313021305
  1
GARDEN
  7
SIMPLEX
100
AcDbText
  0
TEXT
  5
717
330
1F
100
AcDbEntity
  8
ANNO-TEXTS
  6
Continuous
100
AcDbText
 10
5025.820318446355
 20
4891.481331728996
 30
0.0
 40
136.150313021305
  1
1.8MX4.85M
  7
SIMPLEX
100
AcDbText
  0
TEXT
  5
718
330
1F
100
AcDbEntity
  8
ANNO-TEXTS
  6
Continuous
100
AcDbText
 10
4775.537054672959
 20
9065.498568655144
 30
0.0
 40
136.150313021305
  1
LIVING AREA
  7
SIMPLEX
100
AcDbText
  0
TEXT
  5
719
330
1F
100
AcDbEntity
  8
ANNO-TEXTS
  6
Continuous
100
AcDbText
 10
4810.199260902364
 20
8805.886026059066
 30
0.0
 40
136.150313021305
  1
4.5MX2.2M
  7
SIMPLEX
100
AcDbText
  0
TEXT
  5
71A
330
1F
100
AcDbEntity
  8
ANNO-TEXTS
  6
Continuous
100
AcDbText
 10
5244.060686879681
 20
10981.4028138495
 30
0.0
 40
136.150313021305
  1
DINING AREA
  7
SIMPLEX
100
AcDbText
  0
TEXT
  5
71B
330
1F
100
AcDbEntity
  8
ANNO-TEXTS
  6
Continuous
100
AcDbText
 10
5363.78431676125
 20
10721.79027125342
 30
0.0
 40
136.150313021305
  1
2.5MX3.2M
  7
SIMPLEX
100
AcDbText
  0
TEXT
  5
71C
330
1F
100
AcDbEntity
  8
ANNO-TEXTS
  6
Continuous
100
AcDbText
 10
4897.318217600003
 20
12718.20284074306
 30
0.0
 40
136.150313021305
  1
KITCHEN
  7
SIMPLEX
100
AcDbText
  0
LINE
  5
71D
330
1F
100
AcDbEntity
  8
0
100
AcDbLine
 10
6667.862527400616
 20
13361.25488955151
 30
0.0
 11
4067.362527400617
 21
13361.25488955151
 31
0.0
  0
LINE
  5
71E
330
1F
100
AcDbEntity
  8
WALL
100
AcDbLine
 10
11167.36252740061
 20
11561.25488955151
 30
0.0
 11
10567.36252740061
 21
11561.25488955151
 31
0.0
  0
LINE
  5
71F
330
1F
100
AcDbEntity
  8
WALL
100
AcDbLine
 10
9967.862527400619
 20
11561.25488955151
 30
0.0
 11
8317.36252740062
 21
11561.25488955151
 31
0.0
  0
LINE
  5
720
330
1F
100
AcDbEntity
  8
WALL
100
AcDbLine
 10
11167.36252740061
 20
11661.25488955151
 30
0.0
 11
8317.36252740062
 21
11661.25488955151
 31
0.0
  0
LWPOLYLINE
  5
721
330
1F
100
AcDbEntity
  8
COLUMN
100
AcDbPolyline
 90
5
 70
0
 10
11167.36252740061
 20
11761.25488955151
 10
11317.36252740062
 20
11761.25488955151
 10
11317.36252740062
 20
11461.25488955151
 10
11167.36252740061
 20
11461.25488955151
 10
11167.36252740061
 20
11761.25488955151
  0
LWPOLYLINE
  5
722
102
{ACAD_REACTORS
330
778
330
784
330
787
102
}
330
1F
100
AcDbEntity
  8
COLUMN
100
AcDbPolyline
 90
5
 70
0
 10
11167.36252740061
 20
9411.25488955151
 10
11317.36252740062
 20
9411.25488955151
 10
11317.36252740062
 20
9111.25488955151
 10
11167.36252740061
 20
9111.25488955151
 10
11167.36252740061
 20
9411.25488955151
  0
LWPOLYLINE
  5
723
102
{ACAD_REACTORS
330
743
102
}
330
1F
100
AcDbEntity
  8
COLUMN
100
AcDbPolyline
 90
5
 70
0
 10
11167.36252740061
 20
14111.25488955151
 10
11317.36252740062
 20
14111.25488955151
 10
11317.36252740062
 20
13811.25488955151
 10
11167.36252740061
 20
13811.25488955151
 10
11167.36252740061
 20
14111.25488955151
  0
LWPOLYLINE
  5
724
330
1F
100
AcDbEntity
  8
COLUMN
100
AcDbPolyline
 90
5
 70
0
 10
8017.362527400619
 20
11536.25488955151
 10
8017.362527400619
 20
11686.25488955151
 10
8317.36252740062
 20
11686.25488955151
 10
8317.36252740062
 20
11536.25488955151
 10
8017.362527400619
 20
11536.25488955151
  0
LWPOLYLINE
  5
725
102
{ACAD_REACTORS
330
772
102
}
330
1F
100
AcDbEntity
  8
COLUMN
100
AcDbPolyline
 90
5
 70
0
 10
8317.362527400615
 20
9261.254889551506
 10
8317.362527400615
 20
9111.254889551506
 10
8017.362527400617
 20
9111.25488955151
 10
8017.362527400617
 20
9261.25488955151
 10
8317.362527400615
 20
9261.254889551506
  0
LWPOLYLINE
  5
726
330
1F
100
AcDbEntity
  8
COLUMN
100
AcDbPolyline
 90
5
 70
0
 10
8242.362527400617
 20
14111.25488955151
 10
8242.362527400617
 20
13961.25488955151
 10
7942.362527400617
 20
13961.25488955151
 10
7942.362527400617
 20
14111.25488955151
 10
8242.362527400617
 20
14111.25488955151
  0
LWPOLYLINE
  5
727
330
1F
100
AcDbEntity
  8
DOOR
100
AcDbPolyline
 90
14
 70
0
 10
7667.862527400616
 20
11661.25488955152
 10
7717.862527400616
 20
11661.25488955152
 10
7717.862527400616
 20
11561.25488955151
 10
7667.862527400616
 20
11561.25488955151
 10
7667.862527400616
 20
11661.25488955152
 42
0.4849273003924927
 10
6867.862527400617
 20
12461.25488955151
 10
6917.862527400616
 20
12461.25488955151
 10
6917.862527400616
 20
11661.25488955151
 10
6867.862527400617
 20
11661.25488955151
 10
6817.862527400617
 20
11661.25488955151
 10
6817.862527400617
 20
11561.25488955151
 10
6867.862527400617
 20
11561.25488955151
 10
6867.862527400617
 20
11661.25488955151
 10
6867.862527400617
 20
12461.25488955151
  0
TEXT
  5
728
330
1F
100
AcDbEntity
  8
ANNO-TEXTS
  6
Continuous
100
AcDbText
 10
7777.819937023136
 20
12908.90682036614
 30
0.0
 40
136.150313021305
  1
BEDROOM 1
  7
SIMPLEX
100
AcDbText
  0
TEXT
  5
729
330
1F
100
AcDbEntity
  8
ANNO-TEXTS
  6
Continuous
100
AcDbText
 10
7826.05089974375
 20
12573.79427777006
 30
0.0
 40
136.150313021305
  1
2.3MX3.0M
  7
SIMPLEX
100
AcDbText
  0
LINE
  5
72A
330
1F
100
AcDbEntity
  8
0
100
AcDbLine
 10
4067.362527400617
 20
13361.25488955151
 30
0.0
 11
4067.362527400617
 21
11461.25488955151
 31
0.0
  0
LWPOLYLINE
  5
72B
330
1F
100
AcDbEntity
  8
DOOR
100
AcDbPolyline
 90
14
 70
0
 10
10667.86252740062
 20
11661.25488955151
 10
10717.86252740061
 20
11661.25488955151
 10
10717.86252740061
 20
11561.25488955151
 10
10667.86252740062
 20
11561.25488955151
 10
10667.86252740062
 20
11661.25488955151
 42
0.3772928374593556
 10
9967.862527400619
 20
12361.25488955151
 10
10017.86252740062
 20
12361.25488955151
 10
10017.86252740062
 20
11661.25488955151
 10
9967.862527400619
 20
11661.25488955151
 10
9917.862527400617
 20
11661.25488955151
 10
9917.862527400617
 20
11561.25488955151
 10
9967.862527400619
 20
11561.25488955151
 10
9967.862527400619
 20
11661.25488955151
 10
9967.862527400619
 20
12361.25488955151
  0
LINE
  5
72C
330
1F
100
AcDbEntity
  8
0
100
AcDbLine
 10
10667.86252740062
 20
11661.25488955151
 30
0.0
 11
10017.86252740062
 21
11661.2548895515
 31
0.0
  0
TEXT
  5
72D
330
1F
100
AcDbEntity
  8
ANNO-TEXTS
  6
Continuous
100
AcDbText
 10
4725.587595543204
 20
12478.21409430113
 30
3.5554422e-09
 40
136.150313021305
  1
3.2MX2.5M
  7
SIMPLEX
100
AcDbText
  0
LWPOLYLINE
  5
72E
330
1F
100
AcDbEntity
  8
COLUMN
100
AcDbPolyline
 90
5
 70
0
 10
5667.362527400617
 20
14111.25488955151
 10
5667.362527400617
 20
13961.25488955151
 10
5367.362527400617
 20
13961.25488955151
 10
5367.362527400617
 20
14111.25488955151
 10
5667.362527400617
 20
14111.25488955151
  0
LWPOLYLINE
  5
72F
102
{ACAD_REACTORS
330
768
330
76B
102
}
330
1F
100
AcDbEntity
  8
COLUMN
100
AcDbPolyline
 90
5
 70
0
 10
3317.362527400617
 20
11761.25488955151
 10
3467.362527400617
 20
11761.25488955151
 10
3467.362527400617
 20
11461.25488955151
 10
3317.362527400617
 20
11461.25488955151
 10
3317.362527400617
 20
11761.25488955151
  0
LWPOLYLINE
  5
730
102
{ACAD_REACTORS
330
765
330
768
102
}
330
1F
100
AcDbEntity
  8
COLUMN
100
AcDbPolyline
 90
5
 70
0
 10
3317.362527400617
 20
9411.25488955151
 10
3467.362527400617
 20
9411.25488955151
 10
3467.362527400617
 20
9111.25488955151
 10
3317.362527400617
 20
9111.25488955151
 10
3317.362527400617
 20
9411.25488955151
  0
LWPOLYLINE
  5
731
102
{ACAD_REACTORS
330
743
102
}
330
1F
100
AcDbEntity
  8
COLUMN
100
AcDbPolyline
 90
5
 70
0
 10
3317.362527400617
 20
14111.25488955151
 10
3467.362527400617
 20
14111.25488955151
 10
3467.362527400617
 20
13811.25488955151
 10
3317.362527400617
 20
13811.25488955151
 10
3317.362527400617
 20
14111.25488955151
  0
LWPOLYLINE
  5
732
102
{ACAD_REACTORS
330
762
330
765
102
}
330
1F
100
AcDbEntity
  8
COLUMN
100
AcDbPolyline
 90
5
 70
0
 10
3317.362527400617
 20
7411.254889551511
 10
3467.362527400617
 20
7411.254889551511
 10
3467.362527400617
 20
7111.25488955151
 10
3317.362527400617
 20
7111.25488955151
 10
3317.362527400617
 20
7411.254889551511
  0
LWPOLYLINE
  5
733
330
1F
100
AcDbEntity
  8
COLUMN
100
AcDbPolyline
 90
5
 70
0
 10
8017.362527400617
 20
7411.254889551506
 10
8167.362527400618
 20
7411.254889551506
 10
8167.362527400618
 20
7111.254889551506
 10
8017.362527400617
 20
7111.254889551506
 10
8017.362527400617
 20
7411.254889551506
  0
LINE
  5
734
330
1F
100
AcDbEntity
  8
WALL
100
AcDbLine
 10
7967.362527400617
 20
7111.254889551513
 30
0.0
 11
8017.362527400617
 21
7111.254889551506
 31
0.0
  0
LWPOLYLINE
  5
735
330
1F
100
AcDbEntity
  8
COLUMN
100
AcDbPolyline
 90
5
 70
0
 10
5367.362527400617
 20
7111.25488955151
 10
5367.362527400617
 20
7261.25488955151
 10
5667.362527400617
 20
7261.25488955151
 10
5667.362527400617
 20
7111.25488955151
 10
5367.362527400617
 20
7111.25488955151
  0
LINE
  5
736
330
1F
100
AcDbEntity
  8
0
  6
PHANTOM
 62
9
100
AcDbLine
 10
3317.362527400617
 20
15416.86334019608
 30
0.0
 11
3317.362527400617
 21
2455.34994225113
 31
0.0
  0
CIRCLE
  5
737
330
1F
100
AcDbEntity
  8
0
  6
PHANTOM
 62
9
100
AcDbCircle
 10
3317.362527400617
 20
15666.86334019608
 30
0.0
 40
250.0
  0
MTEXT
  5
738
330
1F
100
AcDbEntity
  8
0
100
AcDbMText
 10
3214.021094525868
 20
15811.08617624116
 30
0.0
 40
250.0
 41
227.2724819630485
 46
0.0
 71
1
 72
5
  1
A
101
Embedded Object
 70
1
 10
1.0
 20
0.0
 30
0.0
 11
3214.021094525868
 21
15811.08617624116
 31
0.0
 40
227.2724819630485
 41
0.0
 42
233.4583901773533
 43
250.0
 71
2
 72
1
 44
227.2724819630485
 45
6.25
 73
0
 74
0
 46
0.0
  0
CIRCLE
  5
739
330
1F
100
AcDbEntity
  8
0
  6
PHANTOM
 62
9
100
AcDbCircle
 10
5517.362527400617
 20
15666.86334019608
 30
0.0
 40
250.0
  0
MTEXT
  5
73A
330
1F
100
AcDbEntity
  8
0
100
AcDbMText
 10
5414.021094525867
 20
15811.08617624116
 30
0.0
 40
250.0
 41
227.2724819630485
 46
0.0
 71
1
 72
5
  1
B
101
Embedded Object
 70
1
 10
1.0
 20
0.0
 30
0.0
 11
5414.021094525867
 21
15811.08617624116
 31
0.0
 40
227.2724819630485
 41
0.0
 42
188.7789904502046
 43
250.0
 71
2
 72
1
 44
227.2724819630485
 45
6.25
 73
0
 74
0
 46
0.0
  0
LINE
  5
73B
102
{ACAD_REACTORS
330
747
330
74A
102
}
330
1F
100
AcDbEntity
  8
0
  6
PHANTOM
 62
9
100
AcDbLine
 10
8092.362527400617
 20
15416.86334019608
 30
0.0
 11
8092.362527400617
 21
2455.34994225113
 31
0.0
  0
CIRCLE
  5
73C
330
1F
100
AcDbEntity
  8
0
  6
PHANTOM
 62
9
100
AcDbCircle
 10
8092.362527400617
 20
15666.86334019608
 30
0.0
 40
250.0
  0
MTEXT
  5
73D
330
1F
100
AcDbEntity
  8
0
100
AcDbMText
 10
7989.021094525867
 20
15811.08617624116
 30
0.0
 40
250.0
 41
227.2724819630485
 46
0.0
 71
1
 72
5
  1
C
101
Embedded Object
 70
1
 10
1.0
 20
0.0
 30
0.0
 11
7989.021094525867
 21
15811.08617624116
 31
0.0
 40
227.2724819630485
 41
0.0
 42
221.0095497953615
 43
258.5266030013642
 71
2
 72
1
 44
227.2724819630485
 45
6.25
 73
0
 74
0
 46
0.0
  0
LINE
  5
73E
330
1F
100
AcDbEntity
  8
0
  6
PHANTOM
 62
9
100
AcDbLine
 10
11317.36252740062
 20
15416.86334019608
 30
0.0
 11
11317.36252740062
 21
2455.34994225113
 31
0.0
  0
CIRCLE
  5
73F
330
1F
100
AcDbEntity
  8
0
  6
PHANTOM
 62
9
100
AcDbCircle
 10
11317.36252740062
 20
15666.86334019608
 30
0.0
 40
250.0
  0
MTEXT
  5
740
330
1F
100
AcDbEntity
  8
0
100
AcDbMText
 10
11214.02109452587
 20
15811.08617624116
 30
0.0
 40
250.0
 41
227.2724819630485
 46
0.0
 71
1
 72
5
  1
D
101
Embedded Object
 70
1
 10
1.0
 20
0.0
 30
0.0
 11
11214.02109452587
 21
15811.08617624116
 31
0.0
 40
227.2724819630485
 41
0.0
 42
206.6848567530696
 43
250.0
 71
2
 72
1
 44
227.2724819630485
 45
6.25
 73
0
 74
0
 46
0.0
  0
DIMENSION
  5
741
102
{ACAD_XDICTIONARY
360
742
102
}
102
{ACAD_REACTORS
330
743
102
}
330
1F
100
AcDbEntity
  8
0
100
AcDbDimension
280
0
  2
*D11
  3
2
 10
11317.36252740062
 20
15095.09317653929
 30
0.0
 11
7317.362527400617
 21
15166.15047531146
 31
0.0
 70
32
 71
5
 42
8000.0
 73
0
 74
0
 75
0
100
AcDbAlignedDimension
 13
3317.362527400617
 23
14111.25488955151
 33
0.0
 14
11317.36252740062
 24
14111.25488955151
 34
0.0
 50
0.0
100
AcDbRotatedDimension
  0
DIMENSION
  5
744
330
1F
100
AcDbEntity
  8
0
100
AcDbDimension
280
0
  2
*D2
  3
2
 10
5517.362527400617
 20
14813.4339439021
 30
0.0
 11
4417.362527400617
 21
14884.49124267427
 31
0.0
 70
32
 71
5
 42
2200.0
 73
0
 74
0
 75
0
100
AcDbAlignedDimension
 13
3317.362527400617
 23
14111.25488955151
 33
0.0
 14
5517.362527400617
 24
14111.25488955151
 34
0.0
 50
0.0
100
AcDbRotatedDimension
  0
DIMENSION
  5
745
102
{ACAD_XDICTIONARY
360
746
102
}
102
{ACAD_REACTORS
330
747
102
}
330
1F
100
AcDbEntity
  8
0
100
AcDbDimension
280
0
  2
*D12
  3
2
 10
8092.362527400617
 20
14813.4339439021
 30
0.0
 11
6804.862527400617
 21
14884.49124267427
 31
0.0
 70
32
 71
5
 42
2575.0
 73
0
 74
0
 75
0
100
AcDbAlignedDimension
 13
5517.362527400617
 23
14111.25488955151
 33
0.0
 14
8092.362527400617
 24
14201.45659402906
 34
0.0
 50
0.0
100
AcDbRotatedDimension
1001
ACAD
1000
DSTYLE
1002
{
1070
279
1070
1
1002
}
  0
DIMENSION
  5
748
102
{ACAD_XDICTIONARY
360
749
102
}
102
{ACAD_REACTORS
330
74A
102
}
330
1F
100
AcDbEntity
  8
0
100
AcDbDimension
280
0
  2
*D13
  3
2
 10
11317.36252740062
 20
14813.43394390209
 30
0.0
 11
9704.862527400617
 21
14884.52534908627
 31
0.0
 70
32
 71
5
 42
3225.0
 73
0
 74
0
 75
0
100
AcDbAlignedDimension
 13
8092.362527400617
 23
14201.45659402906
 33
0.0
 14
11317.36252740062
 24
14213.29035324955
 34
0.0
 50
0.0
100
AcDbRotatedDimension
1001
ACAD
1000
DSTYLE
1002
{
1070
279
1070
1
1002
}
  0
LINE
  5
74B
330
1F
100
AcDbEntity
  8
WINDOW
100
AcDbLine
 10
6667.362527400617
 20
7186.25488955151
 30
0.0
 11
6067.362527400617
 21
7186.254889551517
 31
0.0
  0
LINE
  5
74C
330
1F
100
AcDbEntity
  8
WINDOW
100
AcDbLine
 10
6067.362527400617
 20
7261.25488955151
 30
0.0
 11
6067.362527400617
 21
7111.25488955151
 31
0.0
  0
LINE
  5
74D
330
1F
100
AcDbEntity
  8
WINDOW
100
AcDbLine
 10
6667.362527400617
 20
7261.25488955151
 30
0.0
 11
6667.362527400617
 21
7111.25488955151
 31
0.0
  0
LINE
  5
74E
102
{ACAD_REACTORS
330
75C
102
}
330
1F
100
AcDbEntity
  8
0
  6
PHANTOM
 62
9
100
AcDbLine
 10
2312.976143262595
 20
14111.25488955151
 30
0.0
 11
12579.81602779162
 21
14111.25488955151
 31
0.0
  0
CIRCLE
  5
74F
330
1F
100
AcDbEntity
  8
0
  6
PHANTOM
 62
9
100
AcDbCircle
 10
2062.976143262595
 20
14111.25488955151
 30
0.0
 40
250.0
  0
MTEXT
  5
750
330
1F
100
AcDbEntity
  8
0
100
AcDbMText
 10
2002.798711885722
 20
14255.47772559659
 30
0.0
 40
250.0
 41
227.2724819630485
 46
0.0
 71
1
 72
5
  1
1
101
Embedded Object
 70
1
 10
1.0
 20
0.0
 30
0.0
 11
2002.798711885722
 21
14255.47772559659
 31
0.0
 40
227.2724819630485
 41
0.0
 42
92.08731241473399
 43
251.0231923601637
 71
2
 72
1
 44
227.2724819630485
 45
6.25
 73
0
 74
0
 46
0.0
  0
LINE
  5
751
102
{ACAD_REACTORS
330
781
330
784
102
}
330
1F
100
AcDbEntity
  8
0
  6
PHANTOM
 62
9
100
AcDbLine
 10
2312.976143262595
 20
11611.25488955151
 30
0.0
 11
12579.81602779162
 21
11611.25488955151
 31
0.0
  0
CIRCLE
  5
752
330
1F
100
AcDbEntity
  8
0
  6
PHANTOM
 62
9
100
AcDbCircle
 10
2062.976143262595
 20
11611.25488955151
 30
0.0
 40
250.0
  0
MTEXT
  5
753
330
1F
100
AcDbEntity
  8
0
100
AcDbMText
 10
2002.798711885722
 20
11755.47772559659
 30
0.0
 40
250.0
 41
227.2724819630485
 46
0.0
 71
1
 72
5
  1
2
101
Embedded Object
 70
1
 10
1.0
 20
0.0
 30
0.0
 11
2002.798711885722
 21
11755.47772559659
 31
0.0
 40
227.2724819630485
 41
0.0
 42
165.5866302864938
 43
251.0231923601637
 71
2
 72
1
 44
227.2724819630485
 45
6.25
 73
0
 74
0
 46
0.0
  0
LINE
  5
754
330
1F
100
AcDbEntity
  8
0
  6
PHANTOM
 62
9
100
AcDbLine
 10
2312.976143262595
 20
9261.25488955151
 30
0.0
 11
12579.81602779162
 21
9261.25488955151
 31
0.0
  0
CIRCLE
  5
755
330
1F
100
AcDbEntity
  8
0
  6
PHANTOM
 62
9
100
AcDbCircle
 10
2062.976143262595
 20
9261.25488955151
 30
0.0
 40
250.0
  0
MTEXT
  5
756
330
1F
100
AcDbEntity
  8
0
100
AcDbMText
 10
2002.798711885722
 20
9405.477725596587
 30
0.0
 40
250.0
 41
227.2724819630485
 46
0.0
 71
1
 72
5
  1
3
101
Embedded Object
 70
1
 10
1.0
 20
0.0
 30
0.0
 11
2002.798711885722
 21
9405.477725596587
 31
0.0
 40
227.2724819630485
 41
0.0
 42
163.7107776261937
 43
255.4570259208731
 71
2
 72
1
 44
227.2724819630485
 45
6.25
 73
0
 74
0
 46
0.0
  0
LINE
  5
757
330
1F
100
AcDbEntity
  8
0
  6
PHANTOM
 62
9
100
AcDbLine
 10
2312.976143262595
 20
7111.25488955151
 30
0.0
 11
12579.81602779162
 21
7111.25488955151
 31
0.0
  0
CIRCLE
  5
758
330
1F
100
AcDbEntity
  8
0
  6
PHANTOM
 62
9
100
AcDbCircle
 10
2062.976143262595
 20
7111.25488955151
 30
0.0
 40
250.0
  0
MTEXT
  5
759
330
1F
100
AcDbEntity
  8
0
100
AcDbMText
 10
2002.798711885722
 20
7255.477725596588
 30
0.0
 40
250.0
 41
227.2724819630485
 46
0.0
 71
1
 72
5
  1
4
101
Embedded Object
 70
1
 10
1.0
 20
0.0
 30
0.0
 11
2002.798711885722
 21
7255.477725596588
 31
0.0
 40
227.2724819630485
 41
0.0
 42
172.9195088676671
 43
250.0
 71
2
 72
1
 44
227.2724819630485
 45
6.25
 73
0
 74
0
 46
0.0
  0
DIMENSION
  5
75A
102
{ACAD_XDICTIONARY
360
75B
102
}
102
{ACAD_REACTORS
330
75C
102
}
330
1F
100
AcDbEntity
  8
0
100
AcDbDimension
280
0
  2
*D14
  3
2
 10
2472.87407011522
 20
4111.254889551512
 30
0.0
 11
2401.816771343052
 21
9111.254889551512
 31
0.0
 70
32
 71
5
 42
10000.0
 73
0
 74
0
 75
0
100
AcDbAlignedDimension
 13
3317.362527400617
 23
14111.25488955151
 33
0.0
 14
3317.362527400617
 24
4111.25488955151
 34
0.0
 50
90.0
100
AcDbRotatedDimension
  0
DIMENSION
  5
75D
102
{ACAD_XDICTIONARY
360
75E
102
}
102
{ACAD_REACTORS
330
75F
102
}
330
1F
100
AcDbEntity
  8
0
100
AcDbDimension
280
0
  2
*D15
  3
2
 10
2731.899714660081
 20
5911.254889551512
 30
0.0
 11
2660.842415887913
 21
5011.25488955151
 31
0.0
 70
32
 71
5
 42
1800.0
 73
0
 74
0
 75
0
100
AcDbAlignedDimension
 13
3317.362527400617
 23
4111.25488955151
 33
0.0
 14
3317.362527400617
 24
5911.254889551511
 34
0.0
 50
90.0
100
AcDbRotatedDimension
  0
DIMENSION
  5
760
102
{ACAD_XDICTIONARY
360
761
102
}
102
{ACAD_REACTORS
330
762
102
}
330
1F
100
AcDbEntity
  8
0
100
AcDbDimension
280
0
  2
*D16
  3
2
 10
2731.899714660081
 20
7111.254889551513
 30
0.0
 11
2660.842415887913
 21
6511.25488955151
 31
0.0
 70
32
 71
5
 42
1200.000000000001
 73
0
 74
0
 75
0
100
AcDbAlignedDimension
 13
3317.362527400617
 23
5911.254889551511
 33
0.0
 14
3317.362527400617
 24
7111.25488955151
 34
0.0
 50
90.0
100
AcDbRotatedDimension
1001
ACAD
1000
DSTYLE
1002
{
1070
279
1070
1
1002
}
  0
DIMENSION
  5
763
102
{ACAD_XDICTIONARY
360
764
102
}
102
{ACAD_REACTORS
330
765
102
}
330
1F
100
AcDbEntity
  8
0
100
AcDbDimension
280
0
  2
*D17
  3
2
 10
2731.899714660081
 20
9261.254889551514
 30
0.0
 11
2660.842415887914
 21
8186.254889551511
 31
0.0
 70
32
 71
5
 42
2150.000000000001
 73
0
 74
0
 75
0
100
AcDbAlignedDimension
 13
3317.362527400617
 23
7111.25488955151
 33
0.0
 14
3317.362527400617
 24
9261.25488955151
 34
0.0
 50
90.0
100
AcDbRotatedDimension
1001
ACAD
1000
DSTYLE
1002
{
1070
279
1070
1
1002
}
  0
DIMENSION
  5
766
102
{ACAD_XDICTIONARY
360
767
102
}
102
{ACAD_REACTORS
330
768
102
}
330
1F
100
AcDbEntity
  8
0
100
AcDbDimension
280
0
  2
*D18
  3
2
 10
2731.899714660081
 20
11611.25488955151
 30
0.0
 11
2660.808309475909
 21
10436.25488955151
 31
0.0
 70
32
 71
5
 42
2350.0
 73
0
 74
0
 75
0
100
AcDbAlignedDimension
 13
3317.362527400617
 23
9261.25488955151
 33
0.0
 14
3317.362527400617
 24
11611.25488955151
 34
0.0
 50
90.0
100
AcDbRotatedDimension
1001
ACAD
1000
DSTYLE
1002
{
1070
279
1070
1
1002
}
  0
DIMENSION
  5
769
102
{ACAD_XDICTIONARY
360
76A
102
}
102
{ACAD_REACTORS
330
76B
102
}
330
1F
100
AcDbEntity
  8
0
100
AcDbDimension
280
0
  2
*D19
  3
2
 10
2731.89971466008
 20
14111.25488955152
 30
0.0
 11
2660.842415887914
 21
12861.25488955151
 31
0.0
 70
32
 71
5
 42
2500.000000000002
 73
0
 74
0
 75
0
100
AcDbAlignedDimension
 13
3317.362527400617
 23
11611.25488955151
 33
0.0
 14
3317.362527400617
 24
14111.25488955151
 34
0.0
 50
90.0
100
AcDbRotatedDimension
1001
ACAD
1000
DSTYLE
1002
{
1070
279
1070
1
1002
}
  0
DIMENSION
  5
76C
330
1F
100
AcDbEntity
  8
0
100
AcDbDimension
280
0
  2
*D3
  3
2
 10
3010.3748310335
 20
12661.25488955151
 30
0.0
 11
2939.317532261334
 21
13386.25488955151
 31
0.0
 70
32
 71
5
 42
1450.000000000002
 73
0
 74
0
 75
0
100
AcDbAlignedDimension
 13
3317.362527400617
 23
14111.25488955151
 33
0.0
 14
5467.362527400619
 24
12661.25488955151
 34
0.0
 50
90.0
100
AcDbRotatedDimension
  0
DIMENSION
  5
770
102
{ACAD_XDICTIONARY
360
771
102
}
102
{ACAD_REACTORS
330
772
102
}
330
1F
100
AcDbEntity
  8
0
100
AcDbDimension
280
0
  2
*D20
  3
2
 10
3010.374831033502
 20
7111.254889551513
 30
0.0
 11
2939.317532261334
 21
8111.25488955151
 31
0.0
 70
32
 71
5
 42
1999.999999999999
 73
0
 74
0
 75
0
100
AcDbAlignedDimension
 13
8017.362527400617
 23
9111.25488955151
 33
0.0
 14
3317.362527400617
 24
7111.25488955151
 34
0.0
 50
90.0
100
AcDbRotatedDimension
1001
ACAD
1000
DSTYLE
1002
{
1070
279
1070
1
1002
}
  0
DIMENSION
  5
773
102
{ACAD_XDICTIONARY
360
774
102
}
102
{ACAD_REACTORS
330
775
102
}
330
1F
100
AcDbEntity
  8
0
100
AcDbDimension
280
0
  2
*D21
  3
2
 10
8167.362527400618
 20
3071.566510566772
 30
0.0
 11
5742.362527400617
 21
3142.623809338942
 31
0.0
 70
32
 71
5
 42
4850.0
 73
0
 74
0
 75
0
100
AcDbAlignedDimension
 13
3317.362527400617
 23
5911.254889551511
 33
0.0
 14
8167.362527400618
 24
5911.254889551507
 34
0.0
 50
0.0
100
AcDbRotatedDimension
  0
DIMENSION
  5
776
102
{ACAD_XDICTIONARY
360
777
102
}
102
{ACAD_REACTORS
330
778
102
}
330
1F
100
AcDbEntity
  8
0
100
AcDbDimension
280
0
  2
*D22
  3
2
 10
11317.36252740062
 20
3071.566510566776
 30
0.0
 11
9742.362527400617
 21
3142.65791575095
 31
0.0
 70
32
 71
5
 42
3150.0
 73
0
 74
0
 75
0
100
AcDbAlignedDimension
 13
8167.362527400618
 23
5911.254889551511
 33
0.0
 14
11317.36252740062
 24
9111.254889551514
 34
0.0
 50
0.0
100
AcDbRotatedDimension
1001
ACAD
1000
DSTYLE
1002
{
1070
279
1070
1
1002
}
  0
DIMENSION
  5
779
102
{ACAD_XDICTIONARY
360
77A
102
}
102
{ACAD_REACTORS
330
77B
102
}
330
1F
100
AcDbEntity
  8
0
100
AcDbDimension
280
0
  2
*D23
  3
2
 10
3317.362527400617
 20
2761.854028173082
 30
0.0
 11
7317.362527400617
 21
2832.911326945252
 31
0.0
 70
32
 71
5
 42
8000.0
 73
0
 74
0
 75
0
100
AcDbAlignedDimension
 13
11317.36252740062
 23
9111.254889551506
 33
0.0
 14
3317.362527400617
 24
7111.25488955151
 34
0.0
 50
0.0
100
AcDbRotatedDimension
  0
DIMENSION
  5
77C
102
{ACAD_XDICTIONARY
360
77D
102
}
102
{ACAD_REACTORS
330
77E
102
}
330
1F
100
AcDbEntity
  8
0
100
AcDbDimension
280
0
  2
*D24
  3
2
 10
12311.59163499943
 20
4111.254889551512
 30
0.0
 11
12240.53433622726
 21
9111.25488955151
 31
0.0
 70
32
 71
5
 42
10000.0
 73
0
 74
0
 75
0
100
AcDbAlignedDimension
 13
11317.36252740062
 23
14111.25488955151
 33
0.0
 14
11317.36252740062
 24
4111.25488955151
 34
0.0
 50
90.0
100
AcDbRotatedDimension
  0
DIMENSION
  5
77F
102
{ACAD_XDICTIONARY
360
780
102
}
102
{ACAD_REACTORS
330
781
102
}
330
1F
100
AcDbEntity
  8
0
100
AcDbDimension
280
0
  2
*D25
  3
2
 10
12055.98158437228
 20
11611.25488955151
 30
0.0
 11
11984.92428560011
 21
12861.25488955151
 31
0.0
 70
32
 71
5
 42
2500.000000000002
 73
0
 74
0
 75
0
100
AcDbAlignedDimension
 13
11317.36252740062
 23
14111.25488955151
 33
0.0
 14
11317.36252740062
 24
11611.25488955151
 34
0.0
 50
90.0
100
AcDbRotatedDimension
  0
DIMENSION
  5
782
102
{ACAD_XDICTIONARY
360
783
102
}
102
{ACAD_REACTORS
330
784
102
}
330
1F
100
AcDbEntity
  8
0
100
AcDbDimension
280
0
  2
*D26
  3
2
 10
12055.9815843723
 20
9261.254889551514
 30
0.0
 11
11984.89017918812
 21
10436.25488955151
 31
0.0
 70
32
 71
5
 42
2350.0
 73
0
 74
0
 75
0
100
AcDbAlignedDimension
 13
11317.36252740062
 23
11611.25488955151
 33
0.0
 14
11317.36252740062
 24
9261.25488955151
 34
0.0
 50
90.0
100
AcDbRotatedDimension
1001
ACAD
1000
DSTYLE
1002
{
1070
279
1070
1
1002
}
  0
DIMENSION
  5
785
102
{ACAD_XDICTIONARY
360
786
102
}
102
{ACAD_REACTORS
330
787
102
}
330
1F
100
AcDbEntity
  8
0
100
AcDbDimension
280
0
  2
*D27
  3
2
 10
12055.98158437231
 20
4111.254889551512
 30
0.0
 11
11984.92428560014
 21
6686.254889551509
 31
0.0
 70
32
 71
5
 42
5150.000000000002
 73
0
 74
0
 75
0
100
AcDbAlignedDimension
 13
11317.36252740062
 23
9261.25488955151
 33
0.0
 14
11317.36252740062
 24
4111.25488955151
 34
0.0
 50
90.0
100
AcDbRotatedDimension
1001
ACAD
1000
DSTYLE
1002
{
1070
279
1070
1
1002
}
  0
LWPOLYLINE
  5
788
330
1F
100
AcDbEntity
  8
WINDOW
100
AcDbPolyline
 90
4
 70
1
 10
6017.362527400617
 20
7111.25488955151
 10
6717.362527400617
 20
7111.25488955151
 10
6717.362527400617
 20
7261.25488955151
 10
6017.362527400617
 20
7261.25488955151
  0
LINE
  5
789
330
1F
100
AcDbEntity
  8
WINDOW
100
AcDbLine
 10
4367.362527400617
 20
7186.25488955151
 30
0.0
 11
3767.362527400617
 21
7186.254889551522
 31
0.0
  0
LINE
  5
78A
330
1F
100
AcDbEntity
  8
WINDOW
100
AcDbLine
 10
3767.362527400617
 20
7261.25488955151
 30
0.0
 11
3767.362527400617
 21
7111.25488955151
 31
0.0
  0
LINE
  5
78B
330
1F
100
AcDbEntity
  8
WINDOW
100
AcDbLine
 10
4367.362527400617
 20
7261.25488955151
 30
0.0
 11
4367.362527400617
 21
7111.25488955151
 31
0.0
  0
LWPOLYLINE
  5
78C
330
1F
100
AcDbEntity
  8
WINDOW
100
AcDbPolyline
 90
4
 70
1
 10
3717.362527400617
 20
7111.25488955151
 10
4417.362527400617
 20
7111.25488955151
 10
4417.362527400617
 20
7261.25488955151
 10
3717.362527400617
 20
7261.25488955151
  0
LINE
  5
78D
330
1F
100
AcDbEntity
  8
WINDOW
100
AcDbLine
 10
8092.362527400617
 20
8599.194625976786
 30
0.0
 11
8092.362527400615
 21
7799.194625976787
 31
0.0
  0
LINE
  5
78E
330
1F
100
AcDbEntity
  8
WINDOW
100
AcDbLine
 10
8017.362527400617
 20
7799.194625976787
 30
0.0
 11
8167.362527400618
 21
7799.194625976787
 31
0.0
  0
LINE
  5
78F
330
1F
100
AcDbEntity
  8
WINDOW
100
AcDbLine
 10
8017.362527400617
 20
8599.194625976786
 30
0.0
 11
8167.362527400618
 21
8599.194625976786
 31
0.0
  0
LWPOLYLINE
  5
790
330
1F
100
AcDbEntity
  8
WINDOW
100
AcDbPolyline
 90
4
 70
1
 10
8167.362527400618
 20
7749.194625976787
 10
8167.362527400618
 20
8649.194625976788
 10
8017.362527400617
 20
8649.194625976788
 10
8017.362527400617
 20
7749.194625976787
  0
LINE
  5
791
330
1F
100
AcDbEntity
  8
WINDOW
100
AcDbLine
 10
10917.36252740062
 20
9186.25488955151
 30
0.0
 11
10217.36252740061
 21
9186.254889551514
 31
0.0
  0
LINE
  5
792
330
1F
100
AcDbEntity
  8
WINDOW
100
AcDbLine
 10
10217.36252740061
 20
9261.25488955151
 30
0.0
 11
10217.36252740061
 21
9111.25488955151
 31
0.0
  0
LINE
  5
793
330
1F
100
AcDbEntity
  8
WINDOW
100
AcDbLine
 10
10917.36252740062
 20
9261.25488955151
 30
0.0
 11
10917.36252740062
 21
9111.25488955151
 31
0.0
  0
LWPOLYLINE
  5
794
330
1F
100
AcDbEntity
  8
WINDOW
100
AcDbPolyline
 90
4
 70
1
 10
10167.36252740062
 20
9111.25488955151
 10
10967.36252740061
 20
9111.25488955151
 10
10967.36252740061
 20
9261.25488955151
 10
10167.36252740062
 20
9261.25488955151
  0
LWPOLYLINE
  5
795
330
1F
100
AcDbEntity
  8
ROOF
100
AcDbPolyline
 90
4
 70
0
 10
37209.15808358615
 20
7111.25488955151
 10
37209.15808358615
 20
14111.25488955151
 10
45209.15808358615
 20
14111.25488955151
 10
45209.15808358615
 20
9111.25488955151
  0
LINE
  5
798
330
1F
100
AcDbEntity
  8
ROOF
100
AcDbLine
 10
42059.15808358615
 20
9111.25488955151
 30
0.0
 11
45209.15808358615
 21
9111.254889551506
 31
0.0
  0
LINE
  5
799
330
1F
100
AcDbEntity
  8
ROOF
100
AcDbLine
 10
42059.15808358615
 20
9111.25488955151
 30
0.0
 11
42059.15808358615
 21
7111.25488955151
 31
0.0
  0
LINE
  5
79A
102
{ACAD_REACTORS
330
7E4
330
7E7
102
}
330
1F
100
AcDbEntity
  8
ROOF
100
AcDbLine
 10
42059.15808358615
 20
7111.25488955151
 30
0.0
 11
37209.15808358615
 21
7111.25488955151
 31
0.0
  0
LWPOLYLINE
  5
79B
102
{ACAD_REACTORS
330
7DE
330
7E1
102
}
330
1F
100
AcDbEntity
  8
0
  6
PHANTOM
 62
8
100
AcDbPolyline
 90
4
 70
0
 10
37209.15808358615
 20
7111.25488955151
 10
37209.15808358615
 20
4111.254889551511
 10
45209.15808358615
 20
4111.254889551511
 10
45209.15808358615
 20
9111.254889551506
  0
LINE
  5
79C
330
1F
100
AcDbEntity
  8
ROOF
100
AcDbLine
 10
37209.15808358615
 20
5911.254889551511
 30
0.0
 11
37209.15808358615
 21
7111.25488955151
 31
0.0
  0
LWPOLYLINE
  5
79D
102
{ACAD_REACTORS
330
7E1
330
7E4
330
7E7
330
7EA
330
7ED
102
}
330
1F
100
AcDbEntity
  8
ROOF
100
AcDbPolyline
 90
6
 70
1
 10
45209.15808358615
 20
7911.254889551506
 10
45209.15808358615
 20
14111.25488955151
 10
37209.15808358615
 20
14111.25488955151
 10
37209.15808358615
 20
5911.254889551511
 10
43259.15808358615
 20
5911.254889551511
 10
43259.15808358615
 20
7911.254889551511
  0
LWPOLYLINE
  5
79E
330
1F
100
AcDbEntity
  8
ROOF
100
AcDbPolyline
 90
6
 70
1
 10
45009.15808358615
 20
8111.254889551506
 10
45009.15808358615
 20
13911.25488955151
 10
37409.15808358615
 20
13911.25488955151
 10
37409.15808358615
 20
6111.25488955151
 10
43059.15808358615
 20
6111.25488955151
 10
43059.15808358615
 20
8111.25488955151
  0
LINE
  5
79F
330
1F
100
AcDbEntity
  8
ROOF
100
AcDbLine
 10
40234.15808358615
 20
8936.25488955151
 30
0.0
 11
43059.15808358615
 21
6111.25488955151
 31
0.0
  0
LINE
  5
7A2
330
1F
100
AcDbEntity
  8
ROOF
100
AcDbLine
 10
40234.15808358615
 20
8936.25488955151
 30
0.0
 11
37409.15808358615
 21
6111.25488955151
 31
0.0
  0
LINE
  5
7A5
330
1F
100
AcDbEntity
  8
ROOF
100
AcDbLine
 10
40234.15808358615
 20
10936.25488955151
 30
0.0
 11
43059.15808358615
 21
8111.25488955151
 31
0.0
  0
LINE
  5
7A8
330
1F
100
AcDbEntity
  8
ROOF
100
AcDbLine
 10
42109.15808358615
 20
11011.2548895515
 30
0.0
 11
45009.15808358615
 21
8111.254889551506
 31
0.0
  0
LINE
  5
7AB
330
1F
100
AcDbEntity
  8
ROOF
100
AcDbLine
 10
42109.15808358615
 20
11011.2548895515
 30
0.0
 11
45009.15808358615
 21
13911.2548895515
 31
0.0
  0
LINE
  5
7AE
330
1F
100
AcDbEntity
  8
ROOF
100
AcDbLine
 10
42109.15808358615
 20
11011.2548895515
 30
0.0
 11
40309.15808358615
 21
11011.25488955151
 31
0.0
  0
LINE
  5
7B1
330
1F
100
AcDbEntity
  8
ROOF
100
AcDbLine
 10
40309.15808358615
 20
11011.2548895515
 30
0.0
 11
37409.15808358615
 21
13911.2548895515
 31
0.0
  0
LINE
  5
7B4
330
1F
100
AcDbEntity
  8
ROOF
100
AcDbLine
 10
40309.15808358615
 20
11011.2548895515
 30
0.0
 11
40234.15808358615
 21
10936.25488955151
 31
0.0
  0
LINE
  5
7B7
330
1F
100
AcDbEntity
  8
ROOF
100
AcDbLine
 10
40234.15808358615
 20
10936.25488955151
 30
0.0
 11
40234.15808358615
 21
8936.254889551506
 31
0.0
  0
LINE
  5
7BA
330
1F
100
AcDbEntity
  8
0
  6
PHANTOM
 62
9
100
AcDbLine
 10
37209.15808358615
 20
15416.86334019608
 30
0.0
 11
37209.15808358615
 21
2455.349942251132
 31
0.0
  0
CIRCLE
  5
7BB
330
1F
100
AcDbEntity
  8
0
  6
PHANTOM
 62
9
100
AcDbCircle
 10
37209.15808358615
 20
15666.86334019608
 30
0.0
 40
250.0
  0
MTEXT
  5
7BC
330
1F
100
AcDbEntity
  8
0
100
AcDbMText
 10
37105.81665071141
 20
15811.08617624116
 30
0.0
 40
250.0
 41
227.2724819630485
 46
0.0
 71
1
 72
5
  1
A
101
Embedded Object
 70
1
 10
1.0
 20
0.0
 30
0.0
 11
37105.81665071141
 21
15811.08617624116
 31
0.0
 40
227.2724819630485
 41
0.0
 42
233.4583901773533
 43
250.0
 71
2
 72
1
 44
227.2724819630485
 45
6.25
 73
0
 74
0
 46
0.0
  0
LINE
  5
7BD
330
1F
100
AcDbEntity
  8
0
  6
PHANTOM
 62
9
100
AcDbLine
 10
39409.15808358615
 20
15416.86334019608
 30
0.0
 11
39409.15808358615
 21
2455.349942251132
 31
0.0
  0
CIRCLE
  5
7BE
330
1F
100
AcDbEntity
  8
0
  6
PHANTOM
 62
9
100
AcDbCircle
 10
39409.15808358615
 20
15666.86334019608
 30
0.0
 40
250.0
  0
MTEXT
  5
7BF
330
1F
100
AcDbEntity
  8
0
100
AcDbMText
 10
39305.81665071141
 20
15811.08617624116
 30
0.0
 40
250.0
 41
227.2724819630485
 46
0.0
 71
1
 72
5
  1
B
101
Embedded Object
 70
1
 10
1.0
 20
0.0
 30
0.0
 11
39305.81665071141
 21
15811.08617624116
 31
0.0
 40
227.2724819630485
 41
0.0
 42
188.7789904502046
 43
250.0
 71
2
 72
1
 44
227.2724819630485
 45
6.25
 73
0
 74
0
 46
0.0
  0
LINE
  5
7C0
330
1F
100
AcDbEntity
  8
0
  6
PHANTOM
 62
9
100
AcDbLine
 10
41984.15808358615
 20
15416.86334019608
 30
0.0
 11
41984.15808358615
 21
2455.349942251132
 31
0.0
  0
CIRCLE
  5
7C1
330
1F
100
AcDbEntity
  8
0
  6
PHANTOM
 62
9
100
AcDbCircle
 10
41984.15808358615
 20
15666.86334019608
 30
0.0
 40
250.0
  0
MTEXT
  5
7C2
330
1F
100
AcDbEntity
  8
0
100
AcDbMText
 10
41880.8166507114
 20
15811.08617624116
 30
0.0
 40
250.0
 41
227.2724819630485
 46
0.0
 71
1
 72
5
  1
C
101
Embedded Object
 70
1
 10
1.0
 20
0.0
 30
0.0
 11
41880.8166507114
 21
15811.08617624116
 31
0.0
 40
227.2724819630485
 41
0.0
 42
221.0095497953615
 43
258.5266030013642
 71
2
 72
1
 44
227.2724819630485
 45
6.25
 73
0
 74
0
 46
0.0
  0
LINE
  5
7C3
102
{ACAD_REACTORS
330
7D8
102
}
330
1F
100
AcDbEntity
  8
0
  6
PHANTOM
 62
9
100
AcDbLine
 10
45209.15808358615
 20
15416.86334019608
 30
0.0
 11
45209.15808358615
 21
2455.349942251132
 31
0.0
  0
CIRCLE
  5
7C4
330
1F
100
AcDbEntity
  8
0
  6
PHANTOM
 62
9
100
AcDbCircle
 10
45209.15808358615
 20
15666.86334019608
 30
0.0
 40
250.0
  0
MTEXT
  5
7C5
330
1F
100
AcDbEntity
  8
0
100
AcDbMText
 10
45105.8166507114
 20
15811.08617624116
 30
0.0
 40
250.0
 41
227.2724819630485
 46
0.0
 71
1
 72
5
  1
D
101
Embedded Object
 70
1
 10
1.0
 20
0.0
 30
0.0
 11
45105.8166507114
 21
15811.08617624116
 31
0.0
 40
227.2724819630485
 41
0.0
 42
206.6848567530696
 43
250.0
 71
2
 72
1
 44
227.2724819630485
 45
6.25
 73
0
 74
0
 46
0.0
  0
DIMENSION
  5
7C6
330
1F
100
AcDbEntity
  8
0
100
AcDbDimension
280
0
  2
*D4
  3
2
 10
45209.15808358615
 20
15095.09317653929
 30
0.0
 11
41209.15808358615
 21
15166.15047531146
 31
0.0
 70
32
 71
5
 42
8000.0
 73
0
 74
0
 75
0
100
AcDbAlignedDimension
 13
37209.15808358615
 23
14111.25488955151
 33
0.0
 14
45209.15808358615
 24
14111.25488955151
 34
0.0
 50
0.0
100
AcDbRotatedDimension
  0
LINE
  5
7C7
102
{ACAD_REACTORS
330
7D5
330
7DB
102
}
330
1F
100
AcDbEntity
  8
0
  6
PHANTOM
 62
9
100
AcDbLine
 10
36204.77169944813
 20
14111.25488955151
 30
0.0
 11
46471.61158397715
 21
14111.25488955151
 31
0.0
  0
CIRCLE
  5
7C8
330
1F
100
AcDbEntity
  8
0
  6
PHANTOM
 62
9
100
AcDbCircle
 10
35954.77169944813
 20
14111.25488955151
 30
0.0
 40
250.0
  0
MTEXT
  5
7C9
330
1F
100
AcDbEntity
  8
0
100
AcDbMText
 10
35894.59426807126
 20
14255.47772559659
 30
0.0
 40
250.0
 41
227.2724819630485
 46
0.0
 71
1
 72
5
  1
1
101
Embedded Object
 70
1
 10
1.0
 20
0.0
 30
0.0
 11
35894.59426807126
 21
14255.47772559659
 31
0.0
 40
227.2724819630485
 41
0.0
 42
92.08731241473399
 43
251.0231923601637
 71
2
 72
1
 44
227.2724819630485
 45
6.25
 73
0
 74
0
 46
0.0
  0
LINE
  5
7CA
330
1F
100
AcDbEntity
  8
0
  6
PHANTOM
 62
9
100
AcDbLine
 10
36204.77169944813
 20
11611.25488955151
 30
0.0
 11
46471.61158397715
 21
11611.25488955151
 31
0.0
  0
CIRCLE
  5
7CB
330
1F
100
AcDbEntity
  8
0
  6
PHANTOM
 62
9
100
AcDbCircle
 10
35954.77169944813
 20
11611.25488955151
 30
0.0
 40
250.0
  0
MTEXT
  5
7CC
330
1F
100
AcDbEntity
  8
0
100
AcDbMText
 10
35894.59426807126
 20
11755.47772559659
 30
0.0
 40
250.0
 41
227.2724819630485
 46
0.0
 71
1
 72
5
  1
2
101
Embedded Object
 70
1
 10
1.0
 20
0.0
 30
0.0
 11
35894.59426807126
 21
11755.47772559659
 31
0.0
 40
227.2724819630485
 41
0.0
 42
165.5866302864938
 43
251.0231923601637
 71
2
 72
1
 44
227.2724819630485
 45
6.25
 73
0
 74
0
 46
0.0
  0
LINE
  5
7CD
330
1F
100
AcDbEntity
  8
0
  6
PHANTOM
 62
9
100
AcDbLine
 10
36204.77169944813
 20
9261.25488955151
 30
0.0
 11
46471.61158397715
 21
9261.25488955151
 31
0.0
  0
CIRCLE
  5
7CE
330
1F
100
AcDbEntity
  8
0
  6
PHANTOM
 62
9
100
AcDbCircle
 10
35954.77169944813
 20
9261.25488955151
 30
0.0
 40
250.0
  0
MTEXT
  5
7CF
330
1F
100
AcDbEntity
  8
0
100
AcDbMText
 10
35894.59426807126
 20
9405.477725596587
 30
0.0
 40
250.0
 41
227.2724819630485
 46
0.0
 71
1
 72
5
  1
3
101
Embedded Object
 70
1
 10
1.0
 20
0.0
 30
0.0
 11
35894.59426807126
 21
9405.477725596587
 31
0.0
 40
227.2724819630485
 41
0.0
 42
163.7107776261937
 43
255.4570259208731
 71
2
 72
1
 44
227.2724819630485
 45
6.25
 73
0
 74
0
 46
0.0
  0
LINE
  5
7D0
330
1F
100
AcDbEntity
  8
0
  6
PHANTOM
 62
9
100
AcDbLine
 10
36204.77169944813
 20
7111.25488955151
 30
0.0
 11
46471.61158397715
 21
7111.25488955151
 31
0.0
  0
CIRCLE
  5
7D1
330
1F
100
AcDbEntity
  8
0
  6
PHANTOM
 62
9
100
AcDbCircle
 10
35954.77169944813
 20
7111.25488955151
 30
0.0
 40
250.0
  0
MTEXT
  5
7D2
330
1F
100
AcDbEntity
  8
0
100
AcDbMText
 10
35894.59426807126
 20
7255.477725596588
 30
0.0
 40
250.0
 41
227.2724819630485
 46
0.0
 71
1
 72
5
  1
4
101
Embedded Object
 70
1
 10
1.0
 20
0.0
 30
0.0
 11
35894.59426807126
 21
7255.477725596588
 31
0.0
 40
227.2724819630485
 41
0.0
 42
172.9195088676671
 43
250.0
 71
2
 72
1
 44
227.2724819630485
 45
6.25
 73
0
 74
0
 46
0.0
  0
DIMENSION
  5
7D3
102
{ACAD_XDICTIONARY
360
7D4
102
}
102
{ACAD_REACTORS
330
7D5
102
}
330
1F
100
AcDbEntity
  8
0
100
AcDbDimension
280
0
  2
*D28
  3
2
 10
36364.66962630083
 20
4111.254889551513
 30
0.0
 11
36293.61232752865
 21
9111.254889551503
 31
0.0
 70
32
 71
5
 42
10000.0
 73
0
 74
0
 75
0
100
AcDbAlignedDimension
 13
37209.15808358615
 23
14111.25488955151
 33
0.0
 14
37209.15808358615
 24
4111.254889551511
 34
0.0
 50
90.0
100
AcDbRotatedDimension
  0
DIMENSION
  5
7D6
102
{ACAD_XDICTIONARY
360
7D7
102
}
102
{ACAD_REACTORS
330
7D8
102
}
330
1F
100
AcDbEntity
  8
0
100
AcDbDimension
280
0
  2
*D29
  3
2
 10
45209.15808358615
 20
3548.364056880849
 30
0.0
 11
41209.15808358615
 21
3619.421355653018
 31
0.0
 70
32
 71
5
 42
8000.0
 73
0
 74
0
 75
0
100
AcDbAlignedDimension
 13
37209.15808358615
 23
4111.254889551511
 33
0.0
 14
45209.15808358615
 24
4111.254889551511
 34
0.0
 50
0.0
100
AcDbRotatedDimension
  0
DIMENSION
  5
7D9
102
{ACAD_XDICTIONARY
360
7DA
102
}
102
{ACAD_REACTORS
330
7DB
102
}
330
1F
100
AcDbEntity
  8
0
100
AcDbDimension
280
0
  2
*D30
  3
2
 10
46131.28655942808
 20
14111.25488955152
 30
0.0
 11
46060.2292606559
 21
9111.2548895515
 31
0.0
 70
32
 71
5
 42
10000.0
 73
0
 74
0
 75
0
100
AcDbAlignedDimension
 13
45209.15808358615
 23
4111.254889551511
 33
0.0
 14
45209.15808358615
 24
14111.25488955151
 34
0.0
 50
90.0
100
AcDbRotatedDimension
  0
DIMENSION
  5
7DC
102
{ACAD_XDICTIONARY
360
7DD
102
}
102
{ACAD_REACTORS
330
7DE
102
}
330
1F
100
AcDbEntity
  8
0
100
AcDbDimension
280
0
  2
*D31
  3
2
 10
45873.48253481185
 20
9111.25488955151
 30
0.0
 11
45802.42523603968
 21
11611.25488955149
 31
0.0
 70
32
 71
5
 42
5000.000000000006
 73
0
 74
0
 75
0
100
AcDbAlignedDimension
 13
45209.15808358615
 23
14111.25488955151
 33
0.0
 14
45209.15808358615
 24
9111.254889551506
 34
0.0
 50
90.0
100
AcDbRotatedDimension
  0
DIMENSION
  5
7DF
102
{ACAD_XDICTIONARY
360
7E0
102
}
102
{ACAD_REACTORS
330
7E1
102
}
330
1F
100
AcDbEntity
  8
0
100
AcDbDimension
280
0
  2
*D32
  3
2
 10
45873.48253481188
 20
7911.254889551511
 30
0.0
 11
45802.4252360397
 21
8511.254889551494
 31
0.0
 70
32
 71
5
 42
1199.999999999999
 73
0
 74
0
 75
0
100
AcDbAlignedDimension
 13
45209.15808358615
 23
9111.254889551506
 33
0.0
 14
45209.15808358615
 24
7911.254889551506
 34
0.0
 50
90.0
100
AcDbRotatedDimension
1001
ACAD
1000
DSTYLE
1002
{
1070
279
1070
1
1002
}
  0
DIMENSION
  5
7E2
102
{ACAD_XDICTIONARY
360
7E3
102
}
102
{ACAD_REACTORS
330
7E4
102
}
330
1F
100
AcDbEntity
  8
0
100
AcDbDimension
280
0
  2
*D33
  3
2
 10
45873.48253481191
 20
7111.254889551514
 30
0.0
 11
45802.42523603973
 21
7511.254889551499
 31
0.0
 70
32
 71
5
 42
799.9999999999955
 73
0
 74
0
 75
0
100
AcDbAlignedDimension
 13
45209.15808358615
 23
7911.254889551506
 33
0.0
 14
42059.15808358615
 24
7111.25488955151
 34
0.0
 50
90.0
100
AcDbRotatedDimension
1001
ACAD
1000
DSTYLE
1002
{
1070
279
1070
1
1002
}
  0
DIMENSION
  5
7E5
102
{ACAD_XDICTIONARY
360
7E6
102
}
102
{ACAD_REACTORS
330
7E7
102
}
330
1F
100
AcDbEntity
  8
0
100
AcDbDimension
280
0
  2
*D34
  3
2
 10
45873.48253481194
 20
5911.254889551512
 30
0.0
 11
45802.42523603977
 21
6511.254889551499
 31
0.0
 70
32
 71
5
 42
1200.000000000002
 73
0
 74
0
 75
0
100
AcDbAlignedDimension
 13
42059.15808358615
 23
7111.25488955151
 33
0.0
 14
43259.15808358615
 24
5911.254889551511
 34
0.0
 50
90.0
100
AcDbRotatedDimension
1001
ACAD
1000
DSTYLE
1002
{
1070
279
1070
1
1002
}
  0
DIMENSION
  5
7E8
102
{ACAD_XDICTIONARY
360
7E9
102
}
102
{ACAD_REACTORS
330
7EA
102
}
330
1F
100
AcDbEntity
  8
0
100
AcDbDimension
280
0
  2
*D35
  3
2
 10
45873.48253481198
 20
4111.254889551513
 30
0.0
 11
45802.4252360398
 21
5011.254889551498
 31
0.0
 70
32
 71
5
 42
1799.999999999999
 73
0
 74
0
 75
0
100
AcDbAlignedDimension
 13
43259.15808358615
 23
5911.254889551511
 33
0.0
 14
45209.15808358615
 24
4111.254889551511
 34
0.0
 50
90.0
100
AcDbRotatedDimension
1001
ACAD
1000
DSTYLE
1002
{
1070
279
1070
1
1002
}
  0
DIMENSION
  5
7EB
102
{ACAD_XDICTIONARY
360
7EC
102
}
102
{ACAD_REACTORS
330
7ED
102
}
330
1F
100
AcDbEntity
  8
0
100
AcDbDimension
280
0
  2
*D36
  3
2
 10
42059.15808358615
 20
3786.329436162546
 30
0.0
 11
39634.15808358615
 21
3857.386734934716
 31
0.0
 70
32
 71
5
 42
4850.0
 73
0
 74
0
 75
0
100
AcDbAlignedDimension
 13
37209.15808358615
 23
5911.254889551511
 33
0.0
 14
42059.15808358615
 24
7111.25488955151
 34
0.0
 50
0.0
100
AcDbRotatedDimension
  0
DIMENSION
  5
7EE
330
1F
100
AcDbEntity
  8
0
100
AcDbDimension
280
0
  2
*D5
  3
2
 10
43259.15808358615
 20
3786.329436162546
 30
0.0
 11
42659.15808358615
 21
3857.386734934716
 31
0.0
 70
32
 71
5
 42
1200.0
 73
0
 74
0
 75
0
100
AcDbAlignedDimension
 13
42059.15808358615
 23
7111.25488955151
 33
0.0
 14
43259.15808358615
 24
5911.254889551511
 34
0.0
 50
0.0
100
AcDbRotatedDimension
1001
ACAD
1000
DSTYLE
1002
{
1070
279
1070
1
1002
}
  0
DIMENSION
  5
7EF
330
1F
100
AcDbEntity
  8
0
100
AcDbDimension
280
0
  2
*D6
  3
2
 10
45209.15808358615
 20
3786.329436162546
 30
0.0
 11
44234.15808358615
 21
3857.386734934716
 31
0.0
 70
32
 71
5
 42
1950.0
 73
0
 74
0
 75
0
100
AcDbAlignedDimension
 13
43259.15808358615
 23
5911.254889551511
 33
0.0
 14
45209.15808358615
 24
7911.254889551506
 34
0.0
 50
0.0
100
AcDbRotatedDimension
1001
ACAD
1000
DSTYLE
1002
{
1070
279
1070
1
1002
}
  0
TEXT
  5
7F0
330
1F
100
AcDbEntity
  8
ANNO-TEXTS
  6
Continuous
100
AcDbText
 10
41011.01709254469
 20
1111.246001468662
 30
1.558245e-10
 40
136.150313021305
  1
ROOF PLAN
  7
SIMPLEX
100
AcDbText
  0
CIRCLE
  5
7F1
330
1F
100
AcDbEntity
  8
P-BG
  6
Continuous
 62
1
100
AcDbCircle
 10
40559.25864490961
 20
1063.075128972789
 30
1.558245e-10
 40
398.8778701796048
  0
LINE
  5
7F2
330
1F
100
AcDbEntity
  8
P-BG
  6
Continuous
 62
1
100
AcDbLine
 10
42492.24415453856
 20
1063.075128972789
 30
1.558245e-10
 11
40160.3807747014
 21
1063.075128972789
 31
1.558245e-10
  0
TEXT
  5
7F3
330
1F
100
AcDbEntity
  8
0
 62
4
100
AcDbText
 10
40439.19895519217
 20
1179.955143915009
 30
-3.394755e-10
 40
132.9069644631023
  1
03
  7
ROMANS
100
AcDbText
  0
CIRCLE
  5
7F4
330
1F
100
AcDbEntity
  8
P-BG
  6
Continuous
 62
1
100
AcDbCircle
 10
40559.25864490961
 20
1063.075128972789
 30
1.558245e-10
 40
398.8778701796048
  0
TEXT
  5
7F5
330
1F
100
AcDbEntity
  8
0
 62
3
100
AcDbText
 10
41064.76671562418
 20
905.3616742062734
 30
1.558245e-10
 40
85.09394563831566
  1
SCALE    1:100
  7
ROMANS
100
AcDbText
  0
TEXT
  5
7F6
330
1F
100
AcDbEntity
  8
0
 62
4
100
AcDbText
 10
40366.61393932123
 20
846.0371796044967
 30
1.531653e-10
 40
132.9069644631023
  1
A-1
  7
ROMANS
100
AcDbText
  0
TEXT
  5
7F7
330
1F
100
AcDbEntity
  8
ANNO-TEXTS
  6
Continuous
100
AcDbText
 10
23564.25433907765
 20
1111.246001468662
 30
1.558245e-10
 40
136.150313021305
  1
SECOND FLOOR PLAN
  7
SIMPLEX
100
AcDbText
  0
CIRCLE
  5
7F8
330
1F
100
AcDbEntity
  8
P-BG
  6
Continuous
 62
1
100
AcDbCircle
 10
23112.49589144257
 20
1063.075128972789
 30
1.558245e-10
 40
398.8778701796048
  0
LINE
  5
7F9
330
1F
100
AcDbEntity
  8
P-BG
  6
Continuous
 62
1
100
AcDbLine
 10
26068.61498438962
 20
1063.075128972789
 30
1.558245e-10
 11
22713.61802123436
 21
1063.075128972789
 31
1.558245e-10
  0
TEXT
  5
7FA
330
1F
100
AcDbEntity
  8
0
 62
4
100
AcDbText
 10
22992.43620172513
 20
1179.955143915009
 30
-3.394755e-10
 40
132.9069644631023
  1
02
  7
ROMANS
100
AcDbText
  0
CIRCLE
  5
7FB
330
1F
100
AcDbEntity
  8
P-BG
  6
Continuous
 62
1
100
AcDbCircle
 10
23112.49589144257
 20
1063.075128972789
 30
1.558245e-10
 40
398.8778701796048
  0
TEXT
  5
7FC
330
1F
100
AcDbEntity
  8
0
 62
3
100
AcDbText
 10
23618.00396215715
 20
905.3616742062734
 30
1.558245e-10
 40
85.09394563831566
  1
SCALE                 1:100
  7
ROMANS
100
AcDbText
  0
TEXT
  5
7FD
330
1F
100
AcDbEntity
  8
0
 62
4
100
AcDbText
 10
22919.8511858542
 20
846.0371796044967
 30
1.531653e-10
 40
132.9069644631023
  1
A-1
  7
ROMANS
100
AcDbText
  0
LINE
  5
7FE
330
1F
100
AcDbEntity
  8
STAIR
100
AcDbLine
 10
11167.36252740061
 20
10461.25488955151
 30
0.0
 11
8467.362527400617
 21
10461.25488955151
 31
0.0
  0
LINE
  5
7FF
330
1F
100
AcDbEntity
  8
STAIR
100
AcDbLine
 10
11167.36252740061
 20
10761.25488955151
 30
0.0
 11
10105.8380674546
 21
10761.25488955151
 31
0.0
  0
LINE
  5
800
330
1F
100
AcDbEntity
  8
STAIR
100
AcDbLine
 10
11167.36252740061
 20
11061.25488955151
 30
0.0
 11
10720.95383328875
 21
11061.25488955151
 31
0.0
  0
LINE
  5
801
330
1F
100
AcDbEntity
  8
STAIR
100
AcDbLine
 10
11167.36252740061
 20
11361.25488955151
 30
0.0
 11
10628.79904975587
 21
11361.25488955151
 31
0.0
  0
LINE
  5
803
330
1F
100
AcDbEntity
  8
STAIR
100
AcDbLine
 10
9967.362527400617
 20
10461.25488955151
 30
0.0
 11
9967.362527400617
 21
9261.25488955151
 31
0.0
  0
LINE
  5
807
330
1F
100
AcDbEntity
  8
STAIR
100
AcDbLine
 10
9967.362527400617
 20
10461.25488955151
 30
0.0
 11
9967.362527400617
 21
10661.25488955151
 31
0.0
  0
LWPOLYLINE
  5
808
330
1F
100
AcDbEntity
  8
STAIR
100
AcDbPolyline
 90
6
 70
0
 10
9967.362527400617
 20
10661.25488955151
 10
10521.05802591352
 20
11061.10564896869
 10
10781.10416578508
 20
10865.44194249533
 10
10567.36252740061
 20
11561.25488955151
 10
10892.13524570974
 20
11341.45965937817
 10
11167.36252740061
 20
11561.25488955151
  0
LINE
  5
809
330
1F
100
AcDbEntity
  8
WALL
100
AcDbLine
 10
6667.862527400616
 20
13961.25488955151
 30
0.0
 11
6667.862527400616
 21
11561.25488955151
 31
0.0
  0
LINE
  5
80A
330
1F
100
AcDbEntity
  8
WALL
100
AcDbLine
 10
6767.862527400616
 20
13961.25488955151
 30
0.0
 11
6767.862527400616
 21
11661.25488955151
 31
0.0
  0
LINE
  5
80B
330
1F
100
AcDbEntity
  8
WALL
100
AcDbLine
 10
8017.362527400619
 20
11561.25488955151
 30
0.0
 11
7717.862527400616
 21
11561.25488955151
 31
0.0
  0
LINE
  5
80C
330
1F
100
AcDbEntity
  8
WALL
100
AcDbLine
 10
6817.862527400617
 20
11561.25488955151
 30
0.0
 11
6667.862527400616
 21
11561.25488955151
 31
0.0
  0
LINE
  5
80D
330
1F
100
AcDbEntity
  8
WALL
100
AcDbLine
 10
8017.362527400619
 20
11661.25488955151
 30
0.0
 11
7717.862527400616
 21
11661.25488955152
 31
0.0
  0
LINE
  5
80E
330
1F
100
AcDbEntity
  8
WALL
100
AcDbLine
 10
6817.862527400617
 20
11661.25488955151
 30
0.0
 11
6767.862527400616
 21
11661.25488955151
 31
0.0
  0
LINE
  5
80F
330
1F
100
AcDbEntity
  8
WALL
100
AcDbLine
 10
9767.862527400617
 20
11661.25488955151
 30
0.0
 11
9767.862527400617
 21
13961.25488955151
 31
0.0
  0
LINE
  5
810
330
1F
100
AcDbEntity
  8
WALL
100
AcDbLine
 10
9867.862527400617
 20
11661.25488955151
 30
0.0
 11
9867.862527400617
 21
13961.25488955151
 31
0.0
  0
TEXT
  5
811
330
1F
100
AcDbEntity
  8
ANNO-TEXTS
  6
Continuous
100
AcDbText
 10
9696.795383399343
 20
12850.32434625938
 30
3.5554422e-09
 40
136.150313021305
  1
COMMON TOILET
  7
SIMPLEX
100
AcDbText
  0
TEXT
  5
812
330
1F
100
AcDbEntity
  8
ANNO-TEXTS
  6
Continuous
100
AcDbText
 10
9937.231553914571
 20
12669.3282754871
 30
3.5554422e-09
 40
136.150313021305
  1
1.3MX2.3M
  7
SIMPLEX
100
AcDbText
  0
LINE
  5
813
330
1F
100
AcDbEntity
  8
0
100
AcDbLine
 10
4067.362527400617
 20
11461.25488955151
 30
0.0
 11
3467.362527400617
 21
11461.25488955151
 31
0.0
  0
LINE
  5
814
330
1F
100
AcDbEntity
  8
WINDOW
100
AcDbLine
 10
5067.362527400617
 20
7186.25488955151
 30
0.0
 11
4467.362527400617
 21
7186.254889551522
 31
0.0
  0
LINE
  5
815
330
1F
100
AcDbEntity
  8
WINDOW
100
AcDbLine
 10
4467.362527400617
 20
7261.25488955151
 30
0.0
 11
4467.362527400617
 21
7111.25488955151
 31
0.0
  0
LINE
  5
816
330
1F
100
AcDbEntity
  8
WINDOW
100
AcDbLine
 10
5067.362527400617
 20
7261.25488955151
 30
0.0
 11
5067.362527400617
 21
7111.25488955151
 31
0.0
  0
LWPOLYLINE
  5
817
330
1F
100
AcDbEntity
  8
WINDOW
100
AcDbPolyline
 90
4
 70
1
 10
4417.362527400617
 20
7111.25488955151
 10
5117.362527400617
 20
7111.25488955151
 10
5117.362527400617
 20
7261.25488955151
 10
4417.362527400617
 20
7261.25488955151
  0
LWPOLYLINE
  5
818
330
1F
100
AcDbEntity
  8
WALL
100
AcDbPolyline
 90
4
 70
0
 10
20368.05304170902
 20
7111.25488955151
 10
20368.05304170902
 20
14111.25488955151
 10
28368.05304170902
 20
14111.25488955151
 10
28368.05304170902
 20
9111.25488955151
  0
LWPOLYLINE
  5
819
330
1F
100
AcDbEntity
  8
WALL
100
AcDbPolyline
 90
4
 70
0
 10
25068.05304170902
 20
7261.25488955151
 10
20518.05304170902
 20
7261.25488955151
 10
20518.05304170902
 20
13961.25488955151
 10
22493.05304170902
 20
13961.25488955151
  0
LWPOLYLINE
  5
81A
330
1F
100
AcDbEntity
  8
WALL
100
AcDbPolyline
 90
2
 70
0
 10
22643.05304170902
 20
13961.25488955151
 10
25068.05304170902
 20
13961.25488955151
  0
LWPOLYLINE
  5
81B
330
1F
100
AcDbEntity
  8
WALL
100
AcDbPolyline
 90
6
 70
0
 10
25218.05304170902
 20
13961.25488955151
 10
28218.05304170902
 20
13961.25488955151
 10
28218.05304170902
 20
9261.25488955151
 10
25068.05304170902
 20
9261.25488955151
 10
25068.05304170902
 20
7261.25488955151
 10
25018.05304170902
 20
7261.25488955151
  0
LINE
  5
81C
330
1F
100
AcDbEntity
  8
WALL
100
AcDbLine
 10
25218.05304170902
 20
9111.25488955151
 30
0.0
 11
28368.05304170902
 21
9111.254889551506
 31
0.0
  0
LINE
  5
81D
330
1F
100
AcDbEntity
  8
WALL
100
AcDbLine
 10
25218.05304170902
 20
9111.25488955151
 30
0.0
 11
25218.05304170902
 21
7111.25488955151
 31
0.0
  0
LINE
  5
81E
330
1F
100
AcDbEntity
  8
COLUMN
100
AcDbLine
 10
25218.05304170902
 20
7111.25488955151
 30
0.0
 11
25068.05304170902
 21
7111.25488955151
 31
0.0
  0
LINE
  5
81F
330
1F
100
AcDbEntity
  8
WALL
100
AcDbLine
 10
25068.05304170902
 20
7111.25488955151
 30
0.0
 11
20368.05304170902
 21
7111.25488955151
 31
0.0
  0
LWPOLYLINE
  5
820
102
{ACAD_REACTORS
330
851
330
86C
330
86F
102
}
330
1F
100
AcDbEntity
  8
0
  6
PHANTOM
 62
8
100
AcDbPolyline
 90
4
 70
0
 10
20368.05304170902
 20
7111.25488955151
 10
20368.05304170902
 20
4111.25488955151
 10
28368.05304170902
 20
4111.25488955151
 10
28368.05304170902
 20
9111.254889551506
  0
LWPOLYLINE
  5
822
330
1F
100
AcDbEntity
  8
COLUMN
100
AcDbPolyline
 90
5
 70
0
 10
28218.05304170902
 20
11761.25488955151
 10
28368.05304170902
 20
11761.25488955151
 10
28368.05304170902
 20
11461.25488955151
 10
28218.05304170902
 20
11461.25488955151
 10
28218.05304170902
 20
11761.25488955151
  0
LWPOLYLINE
  5
823
102
{ACAD_REACTORS
330
869
330
875
330
878
102
}
330
1F
100
AcDbEntity
  8
COLUMN
100
AcDbPolyline
 90
5
 70
0
 10
28218.05304170902
 20
9411.25488955151
 10
28368.05304170902
 20
9411.25488955151
 10
28368.05304170902
 20
9111.25488955151
 10
28218.05304170902
 20
9111.25488955151
 10
28218.05304170902
 20
9411.25488955151
  0
LWPOLYLINE
  5
824
102
{ACAD_REACTORS
330
83B
102
}
330
1F
100
AcDbEntity
  8
COLUMN
100
AcDbPolyline
 90
5
 70
0
 10
28218.05304170902
 20
14111.25488955151
 10
28368.05304170902
 20
14111.25488955151
 10
28368.05304170902
 20
13811.25488955151
 10
28218.05304170902
 20
13811.25488955151
 10
28218.05304170902
 20
14111.25488955151
  0
LWPOLYLINE
  5
825
102
{ACAD_REACTORS
330
862
102
}
330
1F
100
AcDbEntity
  8
COLUMN
100
AcDbPolyline
 90
5
 70
0
 10
25368.05304170902
 20
9261.254889551506
 10
25368.05304170902
 20
9111.254889551506
 10
25068.05304170902
 20
9111.25488955151
 10
25068.05304170902
 20
9261.25488955151
 10
25368.05304170902
 20
9261.254889551506
  0
LWPOLYLINE
  5
826
330
1F
100
AcDbEntity
  8
COLUMN
100
AcDbPolyline
 90
5
 70
0
 10
25293.05304170902
 20
14111.25488955151
 10
25293.05304170902
 20
13961.25488955151
 10
24993.05304170902
 20
13961.25488955151
 10
24993.05304170902
 20
14111.25488955151
 10
25293.05304170902
 20
14111.25488955151
  0
LWPOLYLINE
  5
827
330
1F
100
AcDbEntity
  8
COLUMN
100
AcDbPolyline
 90
5
 70
0
 10
22718.05304170902
 20
14111.25488955151
 10
22718.05304170902
 20
13961.25488955151
 10
22418.05304170902
 20
13961.25488955151
 10
22418.05304170902
 20
14111.25488955151
 10
22718.05304170902
 20
14111.25488955151
  0
LWPOLYLINE
  5
828
102
{ACAD_REACTORS
330
85B
330
85E
330
BF2
102
}
330
1F
100
AcDbEntity
  8
COLUMN
100
AcDbPolyline
 90
5
 70
0
 10
20368.05304170902
 20
11761.25488955151
 10
20518.05304170902
 20
11761.25488955151
 10
20518.05304170902
 20
11461.25488955151
 10
20368.05304170902
 20
11461.25488955151
 10
20368.05304170902
 20
11761.25488955151
  0
LWPOLYLINE
  5
829
102
{ACAD_REACTORS
330
858
330
85B
102
}
330
1F
100
AcDbEntity
  8
COLUMN
100
AcDbPolyline
 90
5
 70
0
 10
20368.05304170902
 20
9411.25488955151
 10
20518.05304170902
 20
9411.25488955151
 10
20518.05304170902
 20
9111.25488955151
 10
20368.05304170902
 20
9111.25488955151
 10
20368.05304170902
 20
9411.25488955151
  0
LWPOLYLINE
  5
82A
102
{ACAD_REACTORS
330
83B
102
}
330
1F
100
AcDbEntity
  8
COLUMN
100
AcDbPolyline
 90
5
 70
0
 10
20368.05304170902
 20
14111.25488955151
 10
20518.05304170902
 20
14111.25488955151
 10
20518.05304170902
 20
13811.25488955151
 10
20368.05304170902
 20
13811.25488955151
 10
20368.05304170902
 20
14111.25488955151
  0
LWPOLYLINE
  5
82B
102
{ACAD_REACTORS
330
855
330
858
102
}
330
1F
100
AcDbEntity
  8
COLUMN
100
AcDbPolyline
 90
5
 70
0
 10
20368.05304170902
 20
7411.254889551511
 10
20518.05304170902
 20
7411.254889551511
 10
20518.05304170902
 20
7111.25488955151
 10
20368.05304170902
 20
7111.25488955151
 10
20368.05304170902
 20
7411.254889551511
  0
LWPOLYLINE
  5
82C
330
1F
100
AcDbEntity
  8
COLUMN
100
AcDbPolyline
 90
5
 70
0
 10
25068.05304170902
 20
7411.254889551506
 10
25218.05304170902
 20
7411.254889551506
 10
25218.05304170902
 20
7111.254889551506
 10
25068.05304170902
 20
7111.254889551506
 10
25068.05304170902
 20
7411.254889551506
  0
LWPOLYLINE
  5
82D
330
1F
100
AcDbEntity
  8
COLUMN
100
AcDbPolyline
 90
5
 70
0
 10
22418.05304170902
 20
7111.25488955151
 10
22418.05304170902
 20
7261.25488955151
 10
22718.05304170902
 20
7261.25488955151
 10
22718.05304170902
 20
7111.25488955151
 10
22418.05304170902
 20
7111.25488955151
  0
LINE
  5
82E
330
1F
100
AcDbEntity
  8
0
  6
PHANTOM
 62
9
100
AcDbLine
 10
20368.05304170902
 20
15416.86334019608
 30
0.0
 11
20368.05304170902
 21
2455.34994225113
 31
0.0
  0
CIRCLE
  5
82F
330
1F
100
AcDbEntity
  8
0
  6
PHANTOM
 62
9
100
AcDbCircle
 10
20368.05304170902
 20
15666.86334019608
 30
0.0
 40
250.0
  0
MTEXT
  5
830
330
1F
100
AcDbEntity
  8
0
100
AcDbMText
 10
20264.71160883427
 20
15811.08617624116
 30
0.0
 40
250.0
 41
227.2724819630485
 46
0.0
 71
1
 72
5
  1
A
101
Embedded Object
 70
1
 10
1.0
 20
0.0
 30
0.0
 11
20264.71160883427
 21
15811.08617624116
 31
0.0
 40
227.2724819630485
 41
0.0
 42
233.4583901773533
 43
250.0
 71
2
 72
1
 44
227.2724819630485
 45
6.25
 73
0
 74
0
 46
0.0
  0
CIRCLE
  5
831
330
1F
100
AcDbEntity
  8
0
  6
PHANTOM
 62
9
100
AcDbCircle
 10
22568.05304170902
 20
15666.86334019608
 30
0.0
 40
250.0
  0
MTEXT
  5
832
330
1F
100
AcDbEntity
  8
0
100
AcDbMText
 10
22464.71160883427
 20
15811.08617624116
 30
0.0
 40
250.0
 41
227.2724819630485
 46
0.0
 71
1
 72
5
  1
B
101
Embedded Object
 70
1
 10
1.0
 20
0.0
 30
0.0
 11
22464.71160883427
 21
15811.08617624116
 31
0.0
 40
227.2724819630485
 41
0.0
 42
188.7789904502046
 43
250.0
 71
2
 72
1
 44
227.2724819630485
 45
6.25
 73
0
 74
0
 46
0.0
  0
LINE
  5
833
102
{ACAD_REACTORS
330
83F
330
842
102
}
330
1F
100
AcDbEntity
  8
0
  6
PHANTOM
 62
9
100
AcDbLine
 10
25143.05304170902
 20
15416.86334019608
 30
0.0
 11
25143.05304170902
 21
2455.34994225113
 31
0.0
  0
CIRCLE
  5
834
330
1F
100
AcDbEntity
  8
0
  6
PHANTOM
 62
9
100
AcDbCircle
 10
25143.05304170902
 20
15666.86334019608
 30
0.0
 40
250.0
  0
MTEXT
  5
835
330
1F
100
AcDbEntity
  8
0
100
AcDbMText
 10
25039.71160883427
 20
15811.08617624116
 30
0.0
 40
250.0
 41
227.2724819630485
 46
0.0
 71
1
 72
5
  1
C
101
Embedded Object
 70
1
 10
1.0
 20
0.0
 30
0.0
 11
25039.71160883427
 21
15811.08617624116
 31
0.0
 40
227.2724819630485
 41
0.0
 42
221.0095497953615
 43
258.5266030013642
 71
2
 72
1
 44
227.2724819630485
 45
6.25
 73
0
 74
0
 46
0.0
  0
LINE
  5
836
330
1F
100
AcDbEntity
  8
0
  6
PHANTOM
 62
9
100
AcDbLine
 10
28368.05304170902
 20
15416.86334019608
 30
0.0
 11
28368.05304170902
 21
2455.34994225113
 31
0.0
  0
CIRCLE
  5
837
330
1F
100
AcDbEntity
  8
0
  6
PHANTOM
 62
9
100
AcDbCircle
 10
28368.05304170902
 20
15666.86334019608
 30
0.0
 40
250.0
  0
MTEXT
  5
838
330
1F
100
AcDbEntity
  8
0
100
AcDbMText
 10
28264.71160883427
 20
15811.08617624116
 30
0.0
 40
250.0
 41
227.2724819630485
 46
0.0
 71
1
 72
5
  1
D
101
Embedded Object
 70
1
 10
1.0
 20
0.0
 30
0.0
 11
28264.71160883427
 21
15811.08617624116
 31
0.0
 40
227.2724819630485
 41
0.0
 42
206.6848567530696
 43
250.0
 71
2
 72
1
 44
227.2724819630485
 45
6.25
 73
0
 74
0
 46
0.0
  0
DIMENSION
  5
839
102
{ACAD_XDICTIONARY
360
83A
102
}
102
{ACAD_REACTORS
330
83B
102
}
330
1F
100
AcDbEntity
  8
0
100
AcDbDimension
280
0
  2
*D37
  3
2
 10
28368.05304170902
 20
15095.09317653929
 30
0.0
 11
24368.05304170902
 21
15166.15047531146
 31
0.0
 70
32
 71
5
 42
8000.0
 73
0
 74
0
 75
0
100
AcDbAlignedDimension
 13
20368.05304170902
 23
14111.25488955151
 33
0.0
 14
28368.05304170902
 24
14111.25488955151
 34
0.0
 50
0.0
100
AcDbRotatedDimension
  0
DIMENSION
  5
83C
330
1F
100
AcDbEntity
  8
0
100
AcDbDimension
280
0
  2
*D7
  3
2
 10
22568.05304170902
 20
14813.4339439021
 30
0.0
 11
21468.05304170902
 21
14884.49124267427
 31
0.0
 70
32
 71
5
 42
2200.0
 73
0
 74
0
 75
0
100
AcDbAlignedDimension
 13
20368.05304170902
 23
14111.25488955151
 33
0.0
 14
22568.05304170902
 24
14111.25488955151
 34
0.0
 50
0.0
100
AcDbRotatedDimension
  0
DIMENSION
  5
83D
102
{ACAD_XDICTIONARY
360
83E
102
}
102
{ACAD_REACTORS
330
83F
102
}
330
1F
100
AcDbEntity
  8
0
100
AcDbDimension
280
0
  2
*D38
  3
2
 10
25143.05304170902
 20
14813.4339439021
 30
0.0
 11
23855.55304170902
 21
14884.49124267427
 31
0.0
 70
32
 71
5
 42
2575.0
 73
0
 74
0
 75
0
100
AcDbAlignedDimension
 13
22568.05304170902
 23
14111.25488955151
 33
0.0
 14
25143.05304170902
 24
14201.45659402906
 34
0.0
 50
0.0
100
AcDbRotatedDimension
1001
ACAD
1000
DSTYLE
1002
{
1070
279
1070
1
1002
}
  0
DIMENSION
  5
840
102
{ACAD_XDICTIONARY
360
841
102
}
102
{ACAD_REACTORS
330
842
102
}
330
1F
100
AcDbEntity
  8
0
100
AcDbDimension
280
0
  2
*D39
  3
2
 10
28368.05304170902
 20
14813.43394390209
 30
0.0
 11
26755.55304170902
 21
14884.52534908627
 31
0.0
 70
32
 71
5
 42
3225.0
 73
0
 74
0
 75
0
100
AcDbAlignedDimension
 13
25143.05304170902
 23
14201.45659402906
 33
0.0
 14
28368.05304170902
 24
14213.29035324955
 34
0.0
 50
0.0
100
AcDbRotatedDimension
1001
ACAD
1000
DSTYLE
1002
{
1070
279
1070
1
1002
}
  0
LINE
  5
843
102
{ACAD_REACTORS
330
851
102
}
330
1F
100
AcDbEntity
  8
0
  6
PHANTOM
 62
9
100
AcDbLine
 10
19363.66665757099
 20
14111.25488955151
 30
0.0
 11
29630.50654210002
 21
14111.25488955151
 31
0.0
  0
CIRCLE
  5
844
330
1F
100
AcDbEntity
  8
0
  6
PHANTOM
 62
9
100
AcDbCircle
 10
19113.666657571
 20
14111.25488955151
 30
0.0
 40
250.0
  0
MTEXT
  5
845
330
1F
100
AcDbEntity
  8
0
100
AcDbMText
 10
19053.48922619412
 20
14255.47772559659
 30
0.0
 40
250.0
 41
227.2724819630485
 46
0.0
 71
1
 72
5
  1
1
101
Embedded Object
 70
1
 10
1.0
 20
0.0
 30
0.0
 11
19053.48922619412
 21
14255.47772559659
 31
0.0
 40
227.2724819630485
 41
0.0
 42
92.08731241473399
 43
251.0231923601637
 71
2
 72
1
 44
227.2724819630485
 45
6.25
 73
0
 74
0
 46
0.0
  0
LINE
  5
846
102
{ACAD_REACTORS
330
872
330
875
102
}
330
1F
100
AcDbEntity
  8
0
100
AcDbLine
 10
19363.66665757099
 20
11611.25488955151
 30
0.0
 11
29630.50654210002
 21
11611.25488955151
 31
0.0
  0
CIRCLE
  5
847
330
1F
100
AcDbEntity
  8
0
  6
PHANTOM
 62
9
100
AcDbCircle
 10
19113.666657571
 20
11611.25488955151
 30
0.0
 40
250.0
  0
MTEXT
  5
848
330
1F
100
AcDbEntity
  8
0
100
AcDbMText
 10
19053.48922619412
 20
11755.47772559659
 30
0.0
 40
250.0
 41
227.2724819630485
 46
0.0
 71
1
 72
5
  1
2
101
Embedded Object
 70
1
 10
1.0
 20
0.0
 30
0.0
 11
19053.48922619412
 21
11755.47772559659
 31
0.0
 40
227.2724819630485
 41
0.0
 42
165.5866302864938
 43
251.0231923601637
 71
2
 72
1
 44
227.2724819630485
 45
6.25
 73
0
 74
0
 46
0.0
  0
LINE
  5
849
330
1F
100
AcDbEntity
  8
0
  6
PHANTOM
 62
9
100
AcDbLine
 10
19363.66665757099
 20
9261.25488955151
 30
0.0
 11
29630.50654210002
 21
9261.25488955151
 31
0.0
  0
CIRCLE
  5
84A
330
1F
100
AcDbEntity
  8
0
  6
PHANTOM
 62
9
100
AcDbCircle
 10
19113.666657571
 20
9261.25488955151
 30
0.0
 40
250.0
  0
MTEXT
  5
84B
330
1F
100
AcDbEntity
  8
0
100
AcDbMText
 10
19053.48922619412
 20
9405.477725596587
 30
0.0
 40
250.0
 41
227.2724819630485
 46
0.0
 71
1
 72
5
  1
3
101
Embedded Object
 70
1
 10
1.0
 20
0.0
 30
0.0
 11
19053.48922619412
 21
9405.477725596587
 31
0.0
 40
227.2724819630485
 41
0.0
 42
163.7107776261937
 43
255.4570259208731
 71
2
 72
1
 44
227.2724819630485
 45
6.25
 73
0
 74
0
 46
0.0
  0
LINE
  5
84C
330
1F
100
AcDbEntity
  8
0
  6
PHANTOM
 62
9
100
AcDbLine
 10
19363.66665757099
 20
7111.25488955151
 30
0.0
 11
29630.50654210002
 21
7111.25488955151
 31
0.0
  0
CIRCLE
  5
84D
330
1F
100
AcDbEntity
  8
0
  6
PHANTOM
 62
9
100
AcDbCircle
 10
19113.666657571
 20
7111.25488955151
 30
0.0
 40
250.0
  0
MTEXT
  5
84E
330
1F
100
AcDbEntity
  8
0
100
AcDbMText
 10
19053.48922619412
 20
7255.477725596588
 30
0.0
 40
250.0
 41
227.2724819630485
 46
0.0
 71
1
 72
5
  1
4
101
Embedded Object
 70
1
 10
1.0
 20
0.0
 30
0.0
 11
19053.48922619412
 21
7255.477725596588
 31
0.0
 40
227.2724819630485
 41
0.0
 42
172.9195088676671
 43
250.0
 71
2
 72
1
 44
227.2724819630485
 45
6.25
 73
0
 74
0
 46
0.0
  0
DIMENSION
  5
84F
102
{ACAD_XDICTIONARY
360
850
102
}
102
{ACAD_REACTORS
330
851
102
}
330
1F
100
AcDbEntity
  8
0
100
AcDbDimension
280
0
  2
*D40
  3
2
 10
19523.56458442363
 20
4111.254889551512
 30
0.0
 11
19452.50728565146
 21
9111.254889551506
 31
0.0
 70
32
 71
5
 42
10000.0
 73
0
 74
0
 75
0
100
AcDbAlignedDimension
 13
20368.05304170902
 23
14111.25488955151
 33
0.0
 14
20368.05304170902
 24
4111.25488955151
 34
0.0
 50
90.0
100
AcDbRotatedDimension
  0
DIMENSION
  5
852
330
1F
100
AcDbEntity
  8
0
100
AcDbDimension
280
0
  2
*D8
  3
2
 10
19782.59022896851
 20
5911.254889551512
 30
0.0
 11
19711.53293019634
 21
5011.254889551505
 31
0.0
 70
32
 71
5
 42
1800.0
 73
0
 74
0
 75
0
100
AcDbAlignedDimension
 13
20368.05304170902
 23
4111.25488955151
 33
0.0
 14
20368.05304170902
 24
5911.254889551511
 34
0.0
 50
90.0
100
AcDbRotatedDimension
  0
DIMENSION
  5
853
102
{ACAD_XDICTIONARY
360
854
102
}
102
{ACAD_REACTORS
330
855
102
}
330
1F
100
AcDbEntity
  8
0
100
AcDbDimension
280
0
  2
*D41
  3
2
 10
19782.5902289685
 20
7111.254889551513
 30
0.0
 11
19711.53293019632
 21
6511.254889551506
 31
0.0
 70
32
 71
5
 42
1200.000000000001
 73
0
 74
0
 75
0
100
AcDbAlignedDimension
 13
20368.05304170902
 23
5911.254889551511
 33
0.0
 14
20368.05304170902
 24
7111.25488955151
 34
0.0
 50
90.0
100
AcDbRotatedDimension
1001
ACAD
1000
DSTYLE
1002
{
1070
279
1070
1
1002
}
  0
DIMENSION
  5
856
102
{ACAD_XDICTIONARY
360
857
102
}
102
{ACAD_REACTORS
330
858
102
}
330
1F
100
AcDbEntity
  8
0
100
AcDbDimension
280
0
  2
*D42
  3
2
 10
19782.5902289685
 20
9261.254889551514
 30
0.0
 11
19711.53293019633
 21
8186.254889551507
 31
0.0
 70
32
 71
5
 42
2150.000000000001
 73
0
 74
0
 75
0
100
AcDbAlignedDimension
 13
20368.05304170902
 23
7111.25488955151
 33
0.0
 14
20368.05304170902
 24
9261.25488955151
 34
0.0
 50
90.0
100
AcDbRotatedDimension
1001
ACAD
1000
DSTYLE
1002
{
1070
279
1070
1
1002
}
  0
DIMENSION
  5
859
102
{ACAD_XDICTIONARY
360
85A
102
}
102
{ACAD_REACTORS
330
85B
102
}
330
1F
100
AcDbEntity
  8
0
100
AcDbDimension
280
0
  2
*D43
  3
2
 10
19782.5902289685
 20
11611.25488955151
 30
0.0
 11
19711.49882378433
 21
10436.2548895515
 31
0.0
 70
32
 71
5
 42
2350.0
 73
0
 74
0
 75
0
100
AcDbAlignedDimension
 13
20368.05304170902
 23
9261.25488955151
 33
0.0
 14
20368.05304170902
 24
11611.25488955151
 34
0.0
 50
90.0
100
AcDbRotatedDimension
  0
DIMENSION
  5
85C
102
{ACAD_XDICTIONARY
360
85D
102
}
102
{ACAD_REACTORS
330
85E
102
}
330
1F
100
AcDbEntity
  8
0
100
AcDbDimension
280
0
  2
*D44
  3
2
 10
19782.5902289685
 20
14111.25488955152
 30
0.0
 11
19711.53293019633
 21
12861.25488955151
 31
0.0
 70
32
 71
5
 42
2500.000000000002
 73
0
 74
0
 75
0
100
AcDbAlignedDimension
 13
20368.05304170902
 23
11611.25488955151
 33
0.0
 14
20368.05304170902
 24
14111.25488955151
 34
0.0
 50
90.0
100
AcDbRotatedDimension
  0
DIMENSION
  5
85F
330
1F
100
AcDbEntity
  8
0
100
AcDbDimension
280
0
  2
*D9
  3
2
 10
20044.81023320175
 20
11611.25488955152
 30
0.0
 11
19973.75293442958
 21
12861.25488955151
 31
0.0
 70
32
 71
5
 42
2499.999999999998
 73
0
 74
0
 75
0
100
AcDbAlignedDimension
 13
20368.05304170902
 23
14111.25488955151
 33
0.0
 14
20368.05304170902
 24
11611.25488955151
 34
0.0
 50
90.0
100
AcDbRotatedDimension
  0
DIMENSION
  5
860
102
{ACAD_XDICTIONARY
360
861
102
}
102
{ACAD_REACTORS
330
862
102
}
330
1F
100
AcDbEntity
  8
0
100
AcDbDimension
280
0
  2
*D45
  3
2
 10
22611.06534534192
 20
9111.254889551514
 30
0.0
 11
22379.36002474165
 21
9217.010687641545
 31
0.0
 70
32
 71
5
 42
75.0
 73
0
 74
0
 75
0
100
AcDbAlignedDimension
 13
25068.05304170902
 23
9186.25488955151
 33
0.0
 14
25068.05304170902
 24
9111.25488955151
 34
0.0
 50
90.0
100
AcDbRotatedDimension
1001
ACAD
1000
DSTYLE
1002
{
1070
279
1070
1
1002
}
  0
DIMENSION
  5
866
330
1F
100
AcDbEntity
  8
0
100
AcDbDimension
280
0
  2
*D10
  3
2
 10
25218.05304170902
 20
3071.566510566772
 30
0.0
 11
22793.05304170902
 21
3142.623809338942
 31
0.0
 70
32
 71
5
 42
4850.0
 73
0
 74
0
 75
0
100
AcDbAlignedDimension
 13
20368.05304170902
 23
5911.254889551511
 33
0.0
 14
25218.05304170902
 24
5911.254889551507
 34
0.0
 50
0.0
100
AcDbRotatedDimension
  0
DIMENSION
  5
867
102
{ACAD_XDICTIONARY
360
868
102
}
102
{ACAD_REACTORS
330
869
102
}
330
1F
100
AcDbEntity
  8
0
100
AcDbDimension
280
0
  2
*D46
  3
2
 10
28368.05304170902
 20
3071.566510566772
 30
0.0
 11
26793.05304170902
 21
3142.657915750947
 31
0.0
 70
32
 71
5
 42
3150.0
 73
0
 74
0
 75
0
100
AcDbAlignedDimension
 13
25218.05304170902
 23
7111.25488955151
 33
0.0
 14
28368.05304170902
 24
9111.25488955151
 34
0.0
 50
0.0
100
AcDbRotatedDimension
1001
ACAD
1000
DSTYLE
1002
{
1070
279
1070
1
1002
}
  0
DIMENSION
  5
86A
102
{ACAD_XDICTIONARY
360
86B
102
}
102
{ACAD_REACTORS
330
86C
102
}
330
1F
100
AcDbEntity
  8
0
100
AcDbDimension
280
0
  2
*D47
  3
2
 10
20368.05304170902
 20
2761.854028173082
 30
0.0
 11
24368.05304170902
 21
2832.911326945252
 31
0.0
 70
32
 71
5
 42
8000.0
 73
0
 74
0
 75
0
100
AcDbAlignedDimension
 13
28368.05304170902
 23
9111.254889551506
 33
0.0
 14
20368.05304170902
 24
7111.25488955151
 34
0.0
 50
0.0
100
AcDbRotatedDimension
  0
DIMENSION
  5
86D
102
{ACAD_XDICTIONARY
360
86E
102
}
102
{ACAD_REACTORS
330
86F
102
}
330
1F
100
AcDbEntity
  8
0
100
AcDbDimension
280
0
  2
*D48
  3
2
 10
29362.28214930786
 20
4111.254889551512
 30
0.0
 11
29291.22485053568
 21
9111.254889551505
 31
0.0
 70
32
 71
5
 42
10000.0
 73
0
 74
0
 75
0
100
AcDbAlignedDimension
 13
28368.05304170902
 23
14111.25488955151
 33
0.0
 14
28368.05304170902
 24
4111.25488955151
 34
0.0
 50
90.0
100
AcDbRotatedDimension
  0
DIMENSION
  5
870
102
{ACAD_XDICTIONARY
360
871
102
}
102
{ACAD_REACTORS
330
872
102
}
330
1F
100
AcDbEntity
  8
0
100
AcDbDimension
280
0
  2
*D49
  3
2
 10
29106.67209868071
 20
11611.25488955151
 30
0.0
 11
29035.61479990854
 21
12861.2548895515
 31
0.0
 70
32
 71
5
 42
2500.000000000002
 73
0
 74
0
 75
0
100
AcDbAlignedDimension
 13
28368.05304170902
 23
14111.25488955151
 33
0.0
 14
28368.05304170902
 24
11611.25488955151
 34
0.0
 50
90.0
100
AcDbRotatedDimension
  0
DIMENSION
  5
873
102
{ACAD_XDICTIONARY
360
874
102
}
102
{ACAD_REACTORS
330
875
102
}
330
1F
100
AcDbEntity
  8
0
100
AcDbDimension
280
0
  2
*D50
  3
2
 10
29106.67209868073
 20
9261.254889551516
 30
0.0
 11
29035.58069349655
 21
10436.2548895515
 31
0.0
 70
32
 71
5
 42
2350.0
 73
0
 74
0
 75
0
100
AcDbAlignedDimension
 13
28368.05304170902
 23
11611.25488955151
 33
0.0
 14
28368.05304170902
 24
9261.25488955151
 34
0.0
 50
90.0
100
AcDbRotatedDimension
1001
ACAD
1000
DSTYLE
1002
{
1070
279
1070
1
1002
}
  0
DIMENSION
  5
876
102
{ACAD_XDICTIONARY
360
877
102
}
102
{ACAD_REACTORS
330
878
102
}
330
1F
100
AcDbEntity
  8
0
100
AcDbDimension
280
0
  2
*D51
  3
2
 10
29106.67209868074
 20
4111.254889551512
 30
0.0
 11
29035.61479990856
 21
6686.254889551503
 31
0.0
 70
32
 71
5
 42
5150.000000000002
 73
0
 74
0
 75
0
100
AcDbAlignedDimension
 13
28368.05304170902
 23
9261.25488955151
 33
0.0
 14
28368.05304170902
 24
4111.25488955151
 34
0.0
 50
90.0
100
AcDbRotatedDimension
1001
ACAD
1000
DSTYLE
1002
{
1070
279
1070
1
1002
}
  0
LINE
  5
879
330
1F
100
AcDbEntity
  8
WINDOW
100
AcDbLine
 10
21418.05304170902
 20
7186.25488955151
 30
0.0
 11
20818.05304170902
 21
7186.254889551522
 31
0.0
  0
LINE
  5
87A
330
1F
100
AcDbEntity
  8
WINDOW
100
AcDbLine
 10
20818.05304170902
 20
7261.25488955151
 30
0.0
 11
20818.05304170902
 21
7111.25488955151
 31
0.0
  0
LINE
  5
87B
330
1F
100
AcDbEntity
  8
WINDOW
100
AcDbLine
 10
21418.05304170902
 20
7261.25488955151
 30
0.0
 11
21418.05304170902
 21
7111.25488955151
 31
0.0
  0
LWPOLYLINE
  5
87C
330
1F
100
AcDbEntity
  8
WINDOW
100
AcDbPolyline
 90
4
 70
1
 10
20768.05304170902
 20
7111.25488955151
 10
21468.05304170902
 20
7111.25488955151
 10
21468.05304170902
 20
7261.25488955151
 10
20768.05304170902
 20
7261.25488955151
  0
LINE
  5
87D
330
1F
100
AcDbEntity
  8
WINDOW
100
AcDbLine
 10
27968.05304170902
 20
9186.25488955151
 30
0.0
 11
27268.05304170902
 21
9186.254889551514
 31
0.0
  0
LINE
  5
87E
330
1F
100
AcDbEntity
  8
WINDOW
100
AcDbLine
 10
27268.05304170902
 20
9261.25488955151
 30
0.0
 11
27268.05304170902
 21
9111.25488955151
 31
0.0
  0
LINE
  5
87F
330
1F
100
AcDbEntity
  8
WINDOW
100
AcDbLine
 10
27968.05304170902
 20
9261.25488955151
 30
0.0
 11
27968.05304170902
 21
9111.25488955151
 31
0.0
  0
LWPOLYLINE
  5
880
330
1F
100
AcDbEntity
  8
WINDOW
100
AcDbPolyline
 90
4
 70
1
 10
27218.05304170902
 20
9111.25488955151
 10
28018.05304170902
 20
9111.25488955151
 10
28018.05304170902
 20
9261.25488955151
 10
27218.05304170902
 20
9261.25488955151
  0
LINE
  5
881
330
1F
100
AcDbEntity
  8
STAIR
100
AcDbLine
 10
28218.05304170902
 20
10461.25488955151
 30
0.0
 11
25218.05304170902
 21
10461.25488955151
 31
0.0
  0
LINE
  5
88B
330
1F
100
AcDbEntity
  8
STAIR
100
AcDbLine
 10
27018.05304170902
 20
12961.25488955151
 30
0.0
 11
27018.05304170902
 21
9261.25488955151
 31
0.0
  0
LINE
  5
88E
330
1F
100
AcDbEntity
  8
STAIR
100
AcDbLine
 10
25218.05304170902
 20
10461.25488955151
 30
0.0
 11
25218.05304170902
 21
9261.25488955151
 31
0.0
  0
LINE
  5
891
330
1F
100
AcDbEntity
  8
WINDOW
100
AcDbLine
 10
22118.05304170902
 20
7186.25488955151
 30
0.0
 11
21518.05304170902
 21
7186.254889551522
 31
0.0
  0
LINE
  5
892
330
1F
100
AcDbEntity
  8
WINDOW
100
AcDbLine
 10
21518.05304170902
 20
7261.25488955151
 30
0.0
 11
21518.05304170902
 21
7111.25488955151
 31
0.0
  0
LWPOLYLINE
  5
893
330
1F
100
AcDbEntity
  8
WINDOW
100
AcDbPolyline
 90
4
 70
1
 10
21468.05304170902
 20
7111.25488955151
 10
22168.05304170902
 20
7111.25488955151
 10
22168.05304170902
 20
7261.25488955151
 10
21468.05304170902
 20
7261.25488955151
  0
LWPOLYLINE
  5
894
330
1F
100
AcDbEntity
  8
0
100
AcDbPolyline
 90
4
 70
1
 10
27018.05304170902
 20
11561.25488955151
 10
25818.05304170902
 20
11561.25488955151
 10
25818.05304170902
 20
10461.25488955151
 10
27018.05304170902
 20
10461.25488955151
  0
LINE
  5
895
330
1F
100
AcDbEntity
  8
0
100
AcDbLine
 10
27018.05304170902
 20
11561.25488955151
 30
0.0
 11
25818.05304170902
 21
10461.25488955151
 31
0.0
  0
LINE
  5
896
330
1F
100
AcDbEntity
  8
0
100
AcDbLine
 10
27018.05304170902
 20
10461.25488955151
 30
0.0
 11
25818.05304170902
 21
11561.25488955151
 31
0.0
  0
LINE
  5
897
330
1F
100
AcDbEntity
  8
WALL
100
AcDbLine
 10
25068.05304170902
 20
10211.25488955151
 30
0.0
 11
24918.05304170902
 21
10211.25488955151
 31
0.0
  0
LINE
  5
898
330
1F
100
AcDbEntity
  8
WALL
100
AcDbLine
 10
24068.05304170902
 20
10211.25488955151
 30
0.0
 11
20518.05304170902
 21
10211.25488955151
 31
0.0
  0
LINE
  5
899
330
1F
100
AcDbEntity
  8
WALL
100
AcDbLine
 10
25168.05304170902
 20
10311.25488955151
 30
0.0
 11
24968.05304170902
 21
10311.25488955151
 31
0.0
  0
LINE
  5
89A
330
1F
100
AcDbEntity
  8
WALL
100
AcDbLine
 10
24068.05304170902
 20
10311.25488955151
 30
0.0
 11
23573.05304170901
 21
10311.25488955151
 31
0.0
  0
LINE
  5
89B
330
1F
100
AcDbEntity
  8
WALL
100
AcDbLine
 10
23473.05304170901
 20
10311.25488955151
 30
0.0
 11
20518.05304170902
 21
10311.25488955151
 31
0.0
  0
LINE
  5
89C
330
1F
100
AcDbEntity
  8
WALL
100
AcDbLine
 10
23473.05304170902
 20
11561.25488955151
 30
0.0
 11
22718.05304170902
 21
11561.25488955151
 31
0.0
  0
LINE
  5
89D
330
1F
100
AcDbEntity
  8
WALL
100
AcDbLine
 10
23473.05304170902
 20
11661.25488955151
 30
0.0
 11
22718.05304170902
 21
11661.25488955151
 31
0.0
  0
LINE
  5
89E
330
1F
100
AcDbEntity
  8
WALL
100
AcDbLine
 10
23473.05304170901
 20
10311.25488955151
 30
0.0
 11
23473.05304170901
 21
10461.25488955151
 31
0.0
  0
LINE
  5
89F
330
1F
100
AcDbEntity
  8
WALL
100
AcDbLine
 10
23473.05304170902
 20
11211.25488955151
 30
0.0
 11
23473.05304170902
 21
11561.25488955151
 31
0.0
  0
LINE
  5
8A0
330
1F
100
AcDbEntity
  8
WALL
100
AcDbLine
 10
23473.05304170902
 20
11661.25488955151
 30
0.0
 11
23473.05304170902
 21
13061.25488955151
 31
0.0
  0
LINE
  5
8A1
330
1F
100
AcDbEntity
  8
WALL
100
AcDbLine
 10
23473.05304170902
 20
13811.25488955151
 30
0.0
 11
23473.05304170902
 21
13961.25488955151
 31
0.0
  0
LINE
  5
8A2
330
1F
100
AcDbEntity
  8
WALL
100
AcDbLine
 10
23573.05304170901
 20
10311.25488955151
 30
0.0
 11
23573.05304170901
 21
10411.25488955151
 31
0.0
  0
LINE
  5
8A3
330
1F
100
AcDbEntity
  8
WALL
100
AcDbLine
 10
23573.05304170901
 20
11211.25488955151
 30
0.0
 11
23573.05304170902
 21
13061.25488955151
 31
0.0
  0
LINE
  5
8A4
330
1F
100
AcDbEntity
  8
WALL
100
AcDbLine
 10
23573.05304170902
 20
13861.25488955151
 30
0.0
 11
23573.05304170902
 21
13961.25488955151
 31
0.0
  0
LINE
  5
8A5
330
1F
100
AcDbEntity
  8
WALL
100
AcDbLine
 10
25068.05304170902
 20
9261.25488955151
 30
0.0
 11
25068.05304170902
 21
10211.25488955151
 31
0.0
  0
LINE
  5
8A6
330
1F
100
AcDbEntity
  8
WALL
100
AcDbLine
 10
25168.05304170902
 20
9261.25488955151
 30
0.0
 11
25168.05304170902
 21
10311.25488955151
 31
0.0
  0
TEXT
  5
8A7
330
1F
100
AcDbEntity
  8
ANNO-TEXTS
  6
Continuous
100
AcDbText
 10
21708.66731118417
 20
9065.498568655144
 30
0.0
 40
136.150313021305
  1
MASTER'S BEDROOM
  7
SIMPLEX
100
AcDbText
  0
TEXT
  5
8A8
330
1F
100
AcDbEntity
  8
ANNO-TEXTS
  6
Continuous
100
AcDbText
 10
22179.58065654431
 20
8805.886026059066
 30
0.0
 40
136.150313021305
  1
4.55MX2.95M
  7
SIMPLEX
100
AcDbText
  0
LWPOLYLINE
  5
8A9
102
{ACAD_REACTORS
330
BDA
330
BF2
102
}
330
1F
100
AcDbEntity
  8
DOOR
100
AcDbPolyline
 90
14
 70
0
 10
24068.05304170902
 20
10211.25488955151
 10
24018.05304170902
 20
10211.25488955151
 10
24018.05304170902
 20
10311.25488955151
 10
24068.05304170902
 20
10311.25488955151
 10
24068.05304170902
 20
10211.25488955151
 42
0.4077954089280209
 10
24968.05304170902
 20
9211.25488955151
 10
24918.05304170902
 20
9211.25488955151
 10
24918.05304170902
 20
10211.25488955151
 10
24968.05304170902
 20
10211.25488955151
 10
25018.05304170902
 20
10211.25488955151
 10
25018.05304170902
 20
10311.25488955151
 10
24968.05304170902
 20
10311.25488955151
 10
24968.05304170902
 20
10211.25488955151
 10
24968.05304170902
 20
9211.25488955151
  0
LWPOLYLINE
  5
8AA
330
1F
100
AcDbEntity
  8
DOOR
100
AcDbPolyline
 90
14
 70
0
 10
23473.05304170901
 20
11211.25488955151
 10
23473.05304170901
 20
11261.25488955151
 10
23573.05304170901
 20
11261.25488955151
 10
23573.05304170901
 20
11211.25488955151
 10
23473.05304170901
 20
11211.25488955151
 42
0.4849273003924927
 10
22673.05304170901
 20
10411.25488955151
 10
22673.05304170901
 20
10461.25488955151
 10
23473.05304170901
 20
10461.25488955151
 10
23473.05304170901
 20
10411.25488955151
 10
23473.05304170901
 20
10361.25488955151
 10
23573.05304170901
 20
10361.25488955151
 10
23573.05304170901
 20
10411.25488955151
 10
23473.05304170901
 20
10411.25488955151
 10
22673.05304170901
 20
10411.25488955151
  0
LINE
  5
8AB
330
1F
100
AcDbEntity
  8
DOOR
100
AcDbLine
 10
23473.05304170902
 20
11211.25488955151
 30
0.0
 11
23473.05304170902
 21
10461.25488955151
 31
0.0
  0
LWPOLYLINE
  5
8AC
330
1F
100
AcDbEntity
  8
DOOR
100
AcDbPolyline
 90
14
 70
0
 10
23473.05304170901
 20
13061.25488955151
 10
23473.05304170901
 20
13011.25488955151
 10
23573.05304170901
 20
13011.25488955151
 10
23573.05304170901
 20
13061.25488955151
 10
23473.05304170901
 20
13061.25488955151
 42
-0.4849273003924927
 10
22673.05304170901
 20
13861.25488955151
 10
22673.05304170901
 20
13811.25488955151
 10
23473.05304170901
 20
13811.25488955151
 10
23473.05304170901
 20
13861.25488955151
 10
23473.05304170901
 20
13911.25488955151
 10
23573.05304170901
 20
13911.25488955151
 10
23573.05304170901
 20
13861.25488955151
 10
23473.05304170901
 20
13861.25488955151
 10
22673.05304170901
 20
13861.25488955151
  0
TEXT
  5
8AD
330
1F
100
AcDbEntity
  8
ANNO-TEXTS
  6
Continuous
100
AcDbText
 10
21548.83139640141
 20
12805.67441506529
 30
0.0
 40
136.150313021305
  1
BEDROOM 2
  7
SIMPLEX
100
AcDbText
  0
TEXT
  5
8AE
330
1F
100
AcDbEntity
  8
ANNO-TEXTS
  6
Continuous
100
AcDbText
 10
21543.86335002106
 20
12580.01381229367
 30
0.0
 40
136.150313021305
  1
3.0MX2.30M
  7
SIMPLEX
100
AcDbText
  0
TEXT
  5
8AF
330
1F
100
AcDbEntity
  8
ANNO-TEXTS
  6
Continuous
100
AcDbText
 10
21370.85287473454
 20
11021.82827283806
 30
0.0
 40
136.150313021305
  1
COMMON TOILET
  7
SIMPLEX
100
AcDbText
  0
TEXT
  5
8B0
330
1F
100
AcDbEntity
  8
ANNO-TEXTS
  6
Continuous
100
AcDbText
 10
21543.86335002106
 20
10796.16767006644
 30
0.0
 40
136.150313021305
  1
3.0MX1.25M
  7
SIMPLEX
100
AcDbText
  0
TEXT
  5
8B1
330
1F
100
AcDbEntity
  8
ANNO-TEXTS
  6
Continuous
100
AcDbText
 10
24879.23912773263
 20
12691.52794479089
 30
0.0
 40
136.150313021305
  1
OPEN AREA
  7
SIMPLEX
100
AcDbText
  0
TEXT
  5
8B2
330
1F
100
AcDbEntity
  8
ANNO-TEXTS
  6
Continuous
100
AcDbText
 10
24913.90133396203
 20
12431.91540219481
 30
0.0
 40
136.150313021305
  1
3.55MX2.4M
  7
SIMPLEX
100
AcDbText
  0
TEXT
  5
8B3
330
1F
100
AcDbEntity
  8
ANNO-TEXTS
  6
Continuous
100
AcDbText
 10
27189.30928464334
 20
13336.04298624579
 30
0.0
 40
136.150313021305
  1
LANDING
  7
SIMPLEX
100
AcDbText
  0
TEXT
  5
8B4
330
1F
100
AcDbEntity
  8
ANNO-TEXTS
  6
Continuous
100
AcDbText
 10
27241.0168278569
 20
9774.973020222336
 30
0.0
 40
136.150313021305
  1
LANDING
  7
SIMPLEX
100
AcDbText
  0
TEXT
  5
8B5
330
1F
100
AcDbEntity
  8
ANNO-TEXTS
  6
Continuous
100
AcDbText
 10
25984.94799680406
 20
11071.29086492594
 30
0.0
 40
136.150313021305
  1
OPEN TO 
  7
SIMPLEX
100
AcDbText
  0
TEXT
  5
8B6
330
1F
100
AcDbEntity
  8
ANNO-TEXTS
  6
Continuous
100
AcDbText
 10
26108.18305151966
 20
10836.14594111029
 30
0.0
 40
136.150313021305
  1
BELOW
  7
SIMPLEX
100
AcDbText
  0
LINE
  5
8B7
330
1F
100
AcDbEntity
  8
WINDOW
100
AcDbLine
 10
23943.05304170902
 20
7186.254889551509
 30
0.0
 11
24543.05304170902
 21
7186.254889551519
 31
0.0
  0
LINE
  5
8B8
330
1F
100
AcDbEntity
  8
WINDOW
100
AcDbLine
 10
24543.05304170902
 20
7261.254889551508
 30
0.0
 11
24543.05304170902
 21
7111.254889551509
 31
0.0
  0
LINE
  5
8B9
330
1F
100
AcDbEntity
  8
WINDOW
100
AcDbLine
 10
23943.05304170902
 20
7261.254889551508
 30
0.0
 11
23943.05304170902
 21
7111.254889551509
 31
0.0
  0
LWPOLYLINE
  5
8BA
330
1F
100
AcDbEntity
  8
WINDOW
100
AcDbPolyline
 90
4
 70
1
 10
24593.05304170902
 20
7111.254889551509
 10
23893.05304170902
 20
7111.254889551509
 10
23893.05304170902
 20
7261.254889551508
 10
24593.05304170902
 20
7261.254889551508
  0
LINE
  5
8BB
330
1F
100
AcDbEntity
  8
WINDOW
100
AcDbLine
 10
23243.05304170902
 20
7186.254889551509
 30
0.0
 11
23843.05304170902
 21
7186.254889551519
 31
0.0
  0
LINE
  5
8BC
330
1F
100
AcDbEntity
  8
WINDOW
100
AcDbLine
 10
23843.05304170902
 20
7261.254889551508
 30
0.0
 11
23843.05304170902
 21
7111.254889551509
 31
0.0
  0
LWPOLYLINE
  5
8BD
330
1F
100
AcDbEntity
  8
WINDOW
100
AcDbPolyline
 90
4
 70
1
 10
23893.05304170902
 20
7111.254889551509
 10
23193.05304170902
 20
7111.254889551509
 10
23193.05304170902
 20
7261.254889551508
 10
23893.05304170902
 20
7261.254889551508
  0
LINE
  5
8C1
330
1F
100
AcDbEntity
  8
0
100
AcDbLine
 10
11067.86252740062
 20
11661.25488955151
 30
0.0
 11
11067.86252740062
 21
13961.25488955151
 31
0.0
  0
LINE
  5
8C4
330
1F
100
AcDbEntity
  8
0
100
AcDbLine
 10
24968.05304170902
 20
9761.254889551517
 30
0.0
 11
25068.05304170902
 21
9761.254889551517
 31
0.0
  0
LINE
  5
BBA
330
1F
100
AcDbEntity
  8
0
  6
PHANTOM
 62
9
100
AcDbLine
 10
5517.362527400617
 20
15416.86334019608
 30
0.0
 11
5517.362527400617
 21
2455.34994225113
 31
0.0
  0
LINE
  5
BBF
330
1F
100
AcDbEntity
  8
0
  6
PHANTOM
 62
9
100
AcDbLine
 10
22568.05304170902
 20
15416.86334019608
 30
0.0
 11
22568.05304170902
 21
2455.34994225113
 31
0.0
  0
LWPOLYLINE
  5
BC0
330
1F
100
AcDbEntity
  8
COLUMN
100
AcDbPolyline
 90
5
 70
0
 10
22718.05304170902
 20
11686.25488955151
 10
22718.05304170902
 20
11536.25488955151
 10
22418.05304170902
 20
11536.25488955151
 10
22418.05304170902
 20
11686.25488955151
 10
22718.05304170902
 20
11686.25488955151
  0
LINE
  5
BC1
330
1F
100
AcDbEntity
  8
WALL
100
AcDbLine
 10
22418.05304170902
 20
11661.25488955151
 30
0.0
 11
20518.05304170902
 21
11661.25488955151
 31
0.0
  0
LINE
  5
BC2
330
1F
100
AcDbEntity
  8
WALL
100
AcDbLine
 10
22418.05304170902
 20
11561.25488955151
 30
0.0
 11
20518.05304170902
 21
11561.25488955151
 31
0.0
  0
DIMENSION
  5
BC3
102
{ACAD_XDICTIONARY
360
BD0
102
}
102
{ACAD_REACTORS
330
BDA
102
}
330
1F
100
AcDbEntity
  8
0
100
AcDbDimension
280
0
  2
*D52
  3
2
 10
20044.81023320173
 20
10261.25488955151
 30
0.0
 11
19973.71882801755
 21
8686.254889551505
 31
0.0
 70
32
 71
5
 42
3149.999999999999
 73
0
 74
0
 75
0
100
AcDbAlignedDimension
 13
20368.05304170902
 23
7111.25488955151
 33
0.0
 14
24018.05304170902
 24
10261.25488955151
 34
0.0
 50
90.0
100
AcDbRotatedDimension
  0
DIMENSION
  5
BDB
102
{ACAD_XDICTIONARY
360
BE8
102
}
102
{ACAD_REACTORS
330
BF2
102
}
330
1F
100
AcDbEntity
  8
0
100
AcDbDimension
280
0
  2
*D53
  3
2
 10
20044.81023320175
 20
11611.25488955151
 30
0.0
 11
19973.71882801757
 21
10936.2548895515
 31
0.0
 70
32
 71
5
 42
1350.000000000002
 73
0
 74
0
 75
0
100
AcDbAlignedDimension
 13
24018.05304170902
 23
10261.25488955151
 33
0.0
 14
20443.05304170902
 24
11611.25488955151
 34
0.0
 50
90.0
100
AcDbRotatedDimension
  0
LINE
  5
C3B
330
1F
100
AcDbEntity
  8
STAIR
100
AcDbLine
 10
9717.362527400617
 20
10461.25488955151
 30
0.0
 11
9717.362527400617
 21
9261.25488955151
 31
0.0
  0
LINE
  5
C3C
330
1F
100
AcDbEntity
  8
STAIR
100
AcDbLine
 10
9467.362527400617
 20
10461.25488955151
 30
0.0
 11
9467.362527400617
 21
9261.25488955151
 31
0.0
  0
LINE
  5
C3D
330
1F
100
AcDbEntity
  8
STAIR
100
AcDbLine
 10
9217.362527400617
 20
10461.25488955151
 30
0.0
 11
9217.362527400617
 21
9261.25488955151
 31
0.0
  0
LINE
  5
C3E
330
1F
100
AcDbEntity
  8
STAIR
100
AcDbLine
 10
8967.362527400617
 20
10461.25488955151
 30
0.0
 11
8967.362527400617
 21
9261.25488955151
 31
0.0
  0
LINE
  5
C3F
330
1F
100
AcDbEntity
  8
STAIR
100
AcDbLine
 10
8717.362527400617
 20
10461.25488955151
 30
0.0
 11
8717.362527400617
 21
9261.25488955151
 31
0.0
  0
LINE
  5
C40
330
1F
100
AcDbEntity
  8
STAIR
100
AcDbLine
 10
8467.362527400617
 20
10461.25488955151
 30
0.0
 11
8467.362527400617
 21
9261.25488955151
 31
0.0
  0
LINE
  5
C41
330
1F
100
AcDbEntity
  8
STAIR
100
AcDbLine
 10
26018.05304170902
 20
10461.25488955151
 30
0.0
 11
26018.05304170902
 21
9261.25488955151
 31
0.0
  0
LINE
  5
C42
330
1F
100
AcDbEntity
  8
STAIR
100
AcDbLine
 10
25518.05304170902
 20
10461.25488955151
 30
0.0
 11
25518.05304170902
 21
9261.25488955151
 31
0.0
  0
LINE
  5
C43
330
1F
100
AcDbEntity
  8
STAIR
100
AcDbLine
 10
25768.05304170902
 20
10461.25488955151
 30
0.0
 11
25768.05304170902
 21
9261.25488955151
 31
0.0
  0
LINE
  5
C44
330
1F
100
AcDbEntity
  8
STAIR
100
AcDbLine
 10
26268.05304170902
 20
10461.25488955151
 30
0.0
 11
26268.05304170902
 21
9261.25488955151
 31
0.0
  0
LINE
  5
C45
330
1F
100
AcDbEntity
  8
STAIR
100
AcDbLine
 10
26518.05304170902
 20
10461.25488955151
 30
0.0
 11
26518.05304170902
 21
9261.25488955151
 31
0.0
  0
LINE
  5
C46
330
1F
100
AcDbEntity
  8
STAIR
100
AcDbLine
 10
26768.05304170902
 20
10461.25488955151
 30
0.0
 11
26768.05304170902
 21
9261.25488955151
 31
0.0
  0
LINE
  5
C47
330
1F
100
AcDbEntity
  8
STAIR
100
AcDbLine
 10
28218.05304170902
 20
10711.25488955151
 30
0.0
 11
27018.05304170902
 21
10711.25488955151
 31
0.0
  0
LINE
  5
C49
330
1F
100
AcDbEntity
  8
STAIR
100
AcDbLine
 10
28218.05304170902
 20
10961.25488955151
 30
0.0
 11
27018.05304170902
 21
10961.25488955151
 31
0.0
  0
LINE
  5
C4A
330
1F
100
AcDbEntity
  8
STAIR
100
AcDbLine
 10
28218.05304170902
 20
11211.25488955151
 30
0.0
 11
27018.05304170902
 21
11211.25488955151
 31
0.0
  0
LINE
  5
C4B
330
1F
100
AcDbEntity
  8
STAIR
100
AcDbLine
 10
28218.05304170902
 20
11461.25488955151
 30
0.0
 11
27018.05304170902
 21
11461.25488955151
 31
0.0
  0
LINE
  5
C4C
330
1F
100
AcDbEntity
  8
STAIR
100
AcDbLine
 10
28218.05304170902
 20
11711.25488955151
 30
0.0
 11
27018.05304170902
 21
11711.25488955151
 31
0.0
  0
LINE
  5
C4D
330
1F
100
AcDbEntity
  8
STAIR
100
AcDbLine
 10
28218.05304170902
 20
11961.25488955151
 30
0.0
 11
27018.05304170902
 21
11961.25488955151
 31
0.0
  0
LINE
  5
C4E
330
1F
100
AcDbEntity
  8
STAIR
100
AcDbLine
 10
28218.05304170902
 20
12211.25488955151
 30
0.0
 11
27018.05304170902
 21
12211.25488955151
 31
0.0
  0
LINE
  5
C4F
330
1F
100
AcDbEntity
  8
STAIR
100
AcDbLine
 10
28218.05304170902
 20
12461.25488955151
 30
0.0
 11
27018.05304170902
 21
12461.25488955151
 31
0.0
  0
LINE
  5
C50
330
1F
100
AcDbEntity
  8
STAIR
100
AcDbLine
 10
28218.05304170902
 20
12711.25488955151
 30
0.0
 11
27018.05304170902
 21
12711.25488955151
 31
0.0
  0
LINE
  5
C51
330
1F
100
AcDbEntity
  8
STAIR
100
AcDbLine
 10
28218.05304170902
 20
12961.25488955151
 30
0.0
 11
27018.05304170902
 21
12961.25488955151
 31
0.0
  0
INSERT
  5
C70
330
1F
100
AcDbEntity
  8
0
100
AcDbBlockReference
 66
1
  2
DOOR ATTRIBUTE
 10
7127.946750665755
 20
7148.994737488113
 30
0.0
 41
0.5
 42
0.5
 43
0.5
  0
ATTRIB
  5
C71
330
C70
100
AcDbEntity
  8
0
100
AcDbText
 10
7394.993192422539
 20
7167.027667562095
 30
0.0
 40
50.0
  1
1000,2100
100
AcDbAttribute
  2
1000,2100
 70
0
280
1
 71
1
 72
0
  0
ATTRIB
  5
C72
330
C70
100
AcDbEntity
  8
0
100
AcDbText
 10
7151.720848079043
 20
7168.65543310579
 30
0.0
 40
50.0
  1
DOOR:
100
AcDbAttribute
  2
DOOR:
 70
0
280
1
 71
1
 72
0
  0
SEQEND
  5
C73
330
1F
100
AcDbEntity
  8
0
  0
INSERT
  5
C74
330
1F
100
AcDbEntity
  8
0
100
AcDbBlockReference
 66
1
  2
WINDOW
 10
4117.792172746034
 20
6957.371475808685
 30
0.0
  0
ATTRIB
  5
C75
330
C74
100
AcDbEntity
  8
0
100
AcDbText
 10
4455.310484483161
 20
6974.73749971373
 30
0.0
 40
50.0
  1
1400,1200
100
AcDbAttribute
  2
1200,1200
 70
0
280
1
 71
1
 72
0
  0
ATTRIB
  5
C76
330
C74
100
AcDbEntity
  8
0
100
AcDbText
 10
4117.792172746034
 20
6968.237842056234
 30
0.0
 40
50.0
  1
WINDOW:
100
AcDbAttribute
  2
WINDOW:
 70
0
280
1
 71
1
 72
0
  0
SEQEND
  5
C77
330
1F
100
AcDbEntity
  8
0
  0
INSERT
  5
C78
330
1F
100
AcDbEntity
  8
0
100
AcDbBlockReference
 66
1
  2
WINDOW
 10
6035.519812408311
 20
6957.371475808685
 30
0.0
  0
ATTRIB
  5
C79
330
C78
100
AcDbEntity
  8
0
100
AcDbText
 10
6373.038124145438
 20
6974.73749971373
 30
0.0
 40
50.0
  1
700,1200
100
AcDbAttribute
  2
1200,1200
 70
0
280
1
 71
1
 72
0
  0
ATTRIB
  5
C7A
330
C78
100
AcDbEntity
  8
0
100
AcDbText
 10
6035.519812408311
 20
6968.237842056234
 30
0.0
 40
50.0
  1
WINDOW:
100
AcDbAttribute
  2
WINDOW:
 70
0
280
1
 71
1
 72
0
  0
SEQEND
  5
C7B
330
1F
100
AcDbEntity
  8
0
  0
INSERT
  5
C7C
330
1F
100
AcDbEntity
  8
0
100
AcDbBlockReference
 66
1
  2
WINDOW
 10
8296.452248965905
 20
7935.520235612843
 30
0.0
 50
90.0
  0
ATTRIB
  5
C7D
330
C7C
100
AcDbEntity
  8
0
100
AcDbText
 10
8279.086225060855
 20
8273.038547349972
 30
0.0
 40
50.0
  1
900,1200
 50
90.0
100
AcDbAttribute
  2
1200,1200
 70
0
280
1
 71
1
 72
0
  0
ATTRIB
  5
C7E
330
C7C
100
AcDbEntity
  8
0
100
AcDbText
 10
8285.585882718351
 20
7935.520235612843
 30
0.0
 40
50.0
  1
WINDOW:
 50
90.0
100
AcDbAttribute
  2
WINDOW:
 70
0
280
1
 71
1
 72
0
  0
SEQEND
  5
C7F
330
1F
100
AcDbEntity
  8
0
  0
INSERT
  5
C80
330
1F
100
AcDbEntity
  8
0
100
AcDbBlockReference
 66
1
  2
WINDOW
 10
10262.35410746938
 20
8999.530611569191
 30
0.0
  0
ATTRIB
  5
C81
330
C80
100
AcDbEntity
  8
0
100
AcDbText
 10
10599.8724192065
 20
9016.896635474237
 30
0.0
 40
50.0
  1
800,2600
100
AcDbAttribute
  2
1200,1200
 70
0
280
1
 71
1
 72
0
  0
ATTRIB
  5
C82
330
C80
100
AcDbEntity
  8
0
100
AcDbText
 10
10262.35410746938
 20
9010.396977816741
 30
0.0
 40
50.0
  1
WINDOW:
100
AcDbAttribute
  2
WINDOW:
 70
0
280
1
 71
1
 72
0
  0
SEQEND
  5
C83
330
1F
100
AcDbEntity
  8
0
  0
INSERT
  5
C90
330
1F
100
AcDbEntity
  8
0
100
AcDbBlockReference
 66
1
  2
DOOR ATTRIBUTE
 10
6949.581399578621
 20
11573.99473748811
 30
0.0
 41
0.5
 42
0.5
 43
0.5
  0
ATTRIB
  5
C91
330
C90
100
AcDbEntity
  8
0
100
AcDbText
 10
7216.627841335403
 20
11592.02766756209
 30
0.0
 40
50.0
  1
900,2100
100
AcDbAttribute
  2
1000,2100
 70
0
280
1
 71
1
 72
0
  0
ATTRIB
  5
C92
330
C90
100
AcDbEntity
  8
0
100
AcDbText
 10
6973.355496991908
 20
11593.65543310579
 30
0.0
 40
50.0
  1
DOOR:
100
AcDbAttribute
  2
DOOR:
 70
0
280
1
 71
1
 72
0
  0
SEQEND
  5
C93
330
1F
100
AcDbEntity
  8
0
  0
INSERT
  5
C94
330
1F
100
AcDbEntity
  8
0
100
AcDbBlockReference
 66
1
  2
DOOR ATTRIBUTE
 10
10027.27596019
 20
11573.99473748811
 30
0.0
 41
0.5
 42
0.5
 43
0.5
  0
ATTRIB
  5
C95
330
C94
100
AcDbEntity
  8
0
100
AcDbText
 10
10294.32240194679
 20
11592.02766756209
 30
0.0
 40
50.0
  1
800,2100
100
AcDbAttribute
  2
1000,2100
 70
0
280
1
 71
1
 72
0
  0
ATTRIB
  5
C96
330
C94
100
AcDbEntity
  8
0
100
AcDbText
 10
10051.05005760329
 20
11593.65543310579
 30
0.0
 40
50.0
  1
DOOR:
100
AcDbAttribute
  2
DOOR:
 70
0
280
1
 71
1
 72
0
  0
SEQEND
  5
C97
330
1F
100
AcDbEntity
  8
0
  0
INSERT
  5
C98
330
1F
100
AcDbEntity
  8
0
100
AcDbBlockReference
 66
1
  2
DOOR ATTRIBUTE
 10
23552.30429956959
 20
13180.65080180277
 30
0.0
 41
0.5
 42
0.5
 43
0.5
 50
90.0
  0
ATTRIB
  5
C99
330
C98
100
AcDbEntity
  8
0
100
AcDbText
 10
23534.27136949561
 20
13447.69724355955
 30
0.0
 40
50.0
  1
900,2100
 50
90.0
100
AcDbAttribute
  2
1000,2100
 70
0
280
1
 71
1
 72
0
  0
ATTRIB
  5
C9A
330
C98
100
AcDbEntity
  8
0
100
AcDbText
 10
23532.64360395191
 20
13204.42489921606
 30
0.0
 40
50.0
  1
DOOR:
 50
90.0
100
AcDbAttribute
  2
DOOR:
 70
0
280
1
 71
1
 72
0
  0
SEQEND
  5
C9B
330
1F
100
AcDbEntity
  8
0
  0
INSERT
  5
C9C
330
1F
100
AcDbEntity
  8
0
100
AcDbBlockReference
 66
1
  2
DOOR ATTRIBUTE
 10
23552.30429956959
 20
10486.58524793923
 30
0.0
 41
0.5
 42
0.5
 43
0.5
 50
90.0
  0
ATTRIB
  5
C9D
330
C9C
100
AcDbEntity
  8
0
100
AcDbText
 10
23534.27136949561
 20
10753.63168969602
 30
0.0
 40
50.0
  1
900,2100
 50
90.0
100
AcDbAttribute
  2
1000,2100
 70
0
280
1
 71
1
 72
0
  0
ATTRIB
  5
C9E
330
C9C
100
AcDbEntity
  8
0
100
AcDbText
 10
23532.64360395191
 20
10510.35934535252
 30
0.0
 40
50.0
  1
DOOR:
 50
90.0
100
AcDbAttribute
  2
DOOR:
 70
0
280
1
 71
1
 72
0
  0
SEQEND
  5
C9F
330
1F
100
AcDbEntity
  8
0
  0
INSERT
  5
CA0
330
1F
100
AcDbEntity
  8
0
100
AcDbBlockReference
 66
1
  2
DOOR ATTRIBUTE
 10
24202.66172485319
 20
10222.29330712872
 30
0.0
 41
0.5
 42
0.5
 43
0.5
  0
ATTRIB
  5
CA1
330
CA0
100
AcDbEntity
  8
0
100
AcDbText
 10
24469.70816660997
 20
10240.32623720271
 30
0.0
 40
50.0
  1
1000,2100
100
AcDbAttribute
  2
1000,2100
 70
0
280
1
 71
1
 72
0
  0
ATTRIB
  5
CA2
330
CA0
100
AcDbEntity
  8
0
100
AcDbText
 10
24226.43582226648
 20
10241.9540027464
 30
0.0
 40
50.0
  1
DOOR:
100
AcDbAttribute
  2
DOOR:
 70
0
280
1
 71
1
 72
0
  0
SEQEND
  5
CA3
330
1F
100
AcDbEntity
  8
0
  0
INSERT
  5
CB6
330
1F
100
AcDbEntity
  8
0
100
AcDbBlockReference
 66
1
  2
WINDOW
 10
27330.54444520083
 20
8999.530611569191
 30
0.0
  0
ATTRIB
  5
CB7
330
CB6
100
AcDbEntity
  8
0
100
AcDbText
 10
27668.06275693795
 20
9016.896635474237
 30
0.0
 40
50.0
  1
800,2600
100
AcDbAttribute
  2
1200,1200
 70
0
280
1
 71
1
 72
0
  0
ATTRIB
  5
CB8
330
CB6
100
AcDbEntity
  8
0
100
AcDbText
 10
27330.54444520083
 20
9010.396977816741
 30
0.0
 40
50.0
  1
WINDOW:
100
AcDbAttribute
  2
WINDOW:
 70
0
280
1
 71
1
 72
0
  0
SEQEND
  5
CB9
330
1F
100
AcDbEntity
  8
0
  0
LINE
  5
CBA
330
1F
100
AcDbEntity
  8
WINDOW
100
AcDbLine
 10
23243.05304170902
 20
7261.254889551508
 30
0.0
 11
23243.05304170902
 21
7111.254889551509
 31
0.0
  0
INSERT
  5
CBB
330
1F
100
AcDbEntity
  8
0
100
AcDbBlockReference
 66
1
  2
WINDOW
 10
21137.4066098996
 20
6957.371475808685
 30
0.0
  0
ATTRIB
  5
CBC
330
CBB
100
AcDbEntity
  8
0
100
AcDbText
 10
21474.92492163673
 20
6974.73749971373
 30
0.0
 40
50.0
  1
1400,1200
100
AcDbAttribute
  2
1200,1200
 70
0
280
1
 71
1
 72
0
  0
ATTRIB
  5
CBD
330
CBB
100
AcDbEntity
  8
0
100
AcDbText
 10
21137.4066098996
 20
6968.237842056234
 30
0.0
 40
50.0
  1
WINDOW:
100
AcDbAttribute
  2
WINDOW:
 70
0
280
1
 71
1
 72
0
  0
SEQEND
  5
CBE
330
1F
100
AcDbEntity
  8
0
  0
INSERT
  5
CBF
330
1F
100
AcDbEntity
  8
0
100
AcDbBlockReference
 66
1
  2
WINDOW
 10
23592.30268174544
 20
6957.371475808685
 30
0.0
  0
ATTRIB
  5
CC0
330
CBF
100
AcDbEntity
  8
0
100
AcDbText
 10
23929.82099348257
 20
6974.73749971373
 30
0.0
 40
50.0
  1
1400,1200
100
AcDbAttribute
  2
1200,1200
 70
0
280
1
 71
1
 72
0
  0
ATTRIB
  5
CC1
330
CBF
100
AcDbEntity
  8
0
100
AcDbText
 10
23592.30268174544
 20
6968.237842056234
 30
0.0
 40
50.0
  1
WINDOW:
100
AcDbAttribute
  2
WINDOW:
 70
0
280
1
 71
1
 72
0
  0
SEQEND
  5
CC2
330
1F
100
AcDbEntity
  8
0
  0
LINE
  5
CD3
330
1F
100
AcDbEntity
  8
WINDOW
100
AcDbLine
 10
22118.05304170902
 20
7261.25488955151
 30
0.0
 11
22118.05304170902
 21
7111.25488955151
 31
0.0
  0
LWPOLYLINE
  5
D6F
330
1F
100
AcDbEntity
  8
FLOOR
100
AcDbPolyline
 90
6
 70
1
 10
3317.0
 20
7111.0
 10
3317.0
 20
14111.0
 10
11317.0
 20
14111.0
 10
11317.0
 20
9111.0
 10
8167.0
 20
9111.0
 10
8167.0
 20
7111.0
  0
LWPOLYLINE
  5
D70
330
1F
100
AcDbEntity
  8
FLOOR
100
AcDbPolyline
 90
6
 70
1
 10
20368.0
 20
7111.0
 10
20368.0
 20
14111.0
 10
28368.0
 20
14111.0
 10
28368.0
 20
9111.0
 10
25218.0
 20
9111.0
 10
25218.0
 20
7111.0
  0
ENDSEC
  0
SECTION
  2
OBJECTS
  0
DICTIONARY
  5
C
330
0
100
AcDbDictionary
281
1
  3
ACAD_CIP_PREVIOUS_PRODUCT_INFO
350
216
  3
ACAD_COLOR
350
6B
  3
ACAD_DETAILVIEWSTYLE
350
21B
  3
ACAD_GROUP
350
D
  3
ACAD_LAYOUT
350
1A
  3
ACAD_MATERIAL
350
6A
  3
ACAD_MLEADERSTYLE
350
12D
  3
ACAD_MLINESTYLE
350
17
  3
ACAD_PLOTSETTINGS
350
19
  3
ACAD_PLOTSTYLENAME
350
E
  3
ACAD_SCALELIST
350
10C
  3
ACAD_SECTIONVIEWSTYLE
350
219
  3
ACAD_TABLESTYLE
350
7E
  3
ACAD_VISUALSTYLE
350
EF
  3
ACDB_RECOMPOSE_DATA
350
CF6
  3
AcDbVariableDictionary
350
5E
  3
EZDXF_META
350
D73
  0
DICTIONARY
  5
1FF
330
2
100
AcDbDictionary
280
1
281
1
  3
ACAD_LAYERSTATES
360
200
  0
DICTIONARY
  5
13C
330
10
100
AcDbDictionary
280
1
281
1
  0
DICTIONARY
  5
1CE
330
1F
100
AcDbDictionary
280
1
281
1
  3
ACAD_SORTENTS
360
BBB
  0
DICTIONARY
  5
C54
330
C53
100
AcDbDictionary
280
1
281
1
  0
DICTIONARY
  5
C5B
330
C5A
100
AcDbDictionary
280
1
281
1
  0
DICTIONARY
  5
742
330
741
100
AcDbDictionary
280
1
281
1
  3
ACAD_DIMASSOC
360
743
  0
DICTIONARY
  5
746
330
745
100
AcDbDictionary
280
1
281
1
  3
ACAD_DIMASSOC
360
747
  0
DICTIONARY
  5
749
330
748
100
AcDbDictionary
280
1
281
1
  3
ACAD_DIMASSOC
360
74A
  0
DICTIONARY
  5
75B
330
75A
100
AcDbDictionary
280
1
281
1
  3
ACAD_DIMASSOC
360
75C
  0
DICTIONARY
  5
75E
330
75D
100
AcDbDictionary
280
1
281
1
  3
ACAD_DIMASSOC
360
75F
  0
DICTIONARY
  5
761
330
760
100
AcDbDictionary
280
1
281
1
  3
ACAD_DIMASSOC
360
762
  0
DICTIONARY
  5
764
330
763
100
AcDbDictionary
280
1
281
1
  3
ACAD_DIMASSOC
360
765
  0
DICTIONARY
  5
767
330
766
100
AcDbDictionary
280
1
281
1
  3
ACAD_DIMASSOC
360
768
  0
DICTIONARY
  5
76A
330
769
100
AcDbDictionary
280
1
281
1
  3
ACAD_DIMASSOC
360
76B
  0
DICTIONARY
  5
771
330
770
100
AcDbDictionary
280
1
281
1
  3
ACAD_DIMASSOC
360
772
  0
DICTIONARY
  5
774
330
773
100
AcDbDictionary
280
1
281
1
  3
ACAD_DIMASSOC
360
775
  0
DICTIONARY
  5
777
330
776
100
AcDbDictionary
280
1
281
1
  3
ACAD_DIMASSOC
360
778
  0
DICTIONARY
  5
77A
330
779
100
AcDbDictionary
280
1
281
1
  3
ACAD_DIMASSOC
360
77B
  0
DICTIONARY
  5
77D
330
77C
100
AcDbDictionary
280
1
281
1
  3
ACAD_DIMASSOC
360
77E
  0
DICTIONARY
  5
780
330
77F
100
AcDbDictionary
280
1
281
1
  3
ACAD_DIMASSOC
360
781
  0
DICTIONARY
  5
783
330
782
100
AcDbDictionary
280
1
281
1
  3
ACAD_DIMASSOC
360
784
  0
DICTIONARY
  5
786
330
785
100
AcDbDictionary
280
1
281
1
  3
ACAD_DIMASSOC
360
787
  0
DICTIONARY
  5
7D4
330
7D3
100
AcDbDictionary
280
1
281
1
  3
ACAD_DIMASSOC
360
7D5
  0
DICTIONARY
  5
7D7
330
7D6
100
AcDbDictionary
280
1
281
1
  3
ACAD_DIMASSOC
360
7D8
  0
DICTIONARY
  5
7DA
330
7D9
100
AcDbDictionary
280
1
281
1
  3
ACAD_DIMASSOC
360
7DB
  0
DICTIONARY
  5
7DD
330
7DC
100
AcDbDictionary
280
1
281
1
  3
ACAD_DIMASSOC
360
7DE
  0
DICTIONARY
  5
7E0
330
7DF
100
AcDbDictionary
280
1
281
1
  3
ACAD_DIMASSOC
360
7E1
  0
DICTIONARY
  5
7E3
330
7E2
100
AcDbDictionary
280
1
281
1
  3
ACAD_DIMASSOC
360
7E4
  0
DICTIONARY
  5
7E6
330
7E5
100
AcDbDictionary
280
1
281
1
  3
ACAD_DIMASSOC
360
7E7
  0
DICTIONARY
  5
7E9
330
7E8
100
AcDbDictionary
280
1
281
1
  3
ACAD_DIMASSOC
360
7EA
  0
DICTIONARY
  5
7EC
330
7EB
100
AcDbDictionary
280
1
281
1
  3
ACAD_DIMASSOC
360
7ED
  0
DICTIONARY
  5
83A
330
839
100
AcDbDictionary
280
1
281
1
  3
ACAD_DIMASSOC
360
83B
  0
DICTIONARY
  5
83E
330
83D
100
AcDbDictionary
280
1
281
1
  3
ACAD_DIMASSOC
360
83F
  0
DICTIONARY
  5
841
330
840
100
AcDbDictionary
280
1
281
1
  3
ACAD_DIMASSOC
360
842
  0
DICTIONARY
  5
850
330
84F
100
AcDbDictionary
280
1
281
1
  3
ACAD_DIMASSOC
360
851
  0
DICTIONARY
  5
854
330
853
100
AcDbDictionary
280
1
281
1
  3
ACAD_DIMASSOC
360
855
  0
DICTIONARY
  5
857
330
856
100
AcDbDictionary
280
1
281
1
  3
ACAD_DIMASSOC
360
858
  0
DICTIONARY
  5
85A
330
859
100
AcDbDictionary
280
1
281
1
  3
ACAD_DIMASSOC
360
85B
  0
DICTIONARY
  5
85D
330
85C
100
AcDbDictionary
280
1
281
1
  3
ACAD_DIMASSOC
360
85E
  0
DICTIONARY
  5
861
330
860
100
AcDbDictionary
280
1
281
1
  3
ACAD_DIMASSOC
360
862
  0
DICTIONARY
  5
868
330
867
100
AcDbDictionary
280
1
281
1
  3
ACAD_DIMASSOC
360
869
  0
DICTIONARY
  5
86B
330
86A
100
AcDbDictionary
280
1
281
1
  3
ACAD_DIMASSOC
360
86C
  0
DICTIONARY
  5
86E
330
86D
100
AcDbDictionary
280
1
281
1
  3
ACAD_DIMASSOC
360
86F
  0
DICTIONARY
  5
871
330
870
100
AcDbDictionary
280
1
281
1
  3
ACAD_DIMASSOC
360
872
  0
DICTIONARY
  5
874
330
873
100
AcDbDictionary
280
1
281
1
  3
ACAD_DIMASSOC
360
875
  0
DICTIONARY
  5
877
330
876
100
AcDbDictionary
280
1
281
1
  3
ACAD_DIMASSOC
360
878
  0
DICTIONARY
  5
BD0
330
BC3
100
AcDbDictionary
280
1
281
1
  3
ACAD_DIMASSOC
360
BDA
  0
DICTIONARY
  5
BE8
330
BDB
100
AcDbDictionary
280
1
281
1
  3
ACAD_DIMASSOC
360
BF2
  0
XRECORD
  5
216
102
{ACAD_REACTORS
330
C
102
}
330
C
100
AcDbXrecord
280
1
300
ACD
300
2022
300

  0
DICTIONARY
  5
6B
102
{ACAD_REACTORS
330
C
102
}
330
C
100
AcDbDictionary
281
1
  0
DICTIONARY
  5
21B
102
{ACAD_REACTORS
330
C
102
}
330
C
100
AcDbDictionary
281
1
  3
Metric50
350
21C
  0
DICTIONARY
  5
D
102
{ACAD_REACTORS
330
C
102
}
330
C
100
AcDbDictionary
281
1
  0
DICTIONARY
  5
1A
102
{ACAD_REACTORS
330
C
102
}
330
C
100
AcDbDictionary
281
1
  3
Layout1
350
D3
  3
Layout2
350
D7
  3
Model
350
22
  0
DICTIONARY
  5
6A
102
{ACAD_REACTORS
330
C
102
}
330
C
100
AcDbDictionary
281
1
  3
ByBlock
350
ED
  3
ByLayer
350
EC
  3
Global
350
EE
  0
DICTIONARY
  5
12D
102
{ACAD_REACTORS
330
C
102
}
330
C
100
AcDbDictionary
281
1
  3
Annotative
350
13B
  3
Standard
350
12E
  0
DICTIONARY
  5
17
102
{ACAD_REACTORS
330
C
102
}
330
C
100
AcDbDictionary
281
1
  3
Standard
350
18
  0
DICTIONARY
  5
19
102
{ACAD_REACTORS
330
C
102
}
330
C
100
AcDbDictionary
281
1
  0
ACDBDICTIONARYWDFLT
  5
E
102
{ACAD_REACTORS
330
C
102
}
330
C
100
AcDbDictionary
281
1
  3
Normal
350
F
100
AcDbDictionaryWithDefault
340
F
  0
DICTIONARY
  5
10C
102
{ACAD_REACTORS
330
C
102
}
330
C
100
AcDbDictionary
281
1
  3
A0
350
10D
  3
A1
350
1BE
  3
A2
350
1BF
  3
A3
350
1C0
  3
A4
350
1C1
  3
A5
350
1C2
  3
A6
350
1C3
  3
A7
350
1C4
  3
A8
350
1C5
  3
A9
350
1C6
  3
B0
350
1C7
  3
B1
350
1C8
  3
B2
350
1C9
  3
B3
350
1CA
  3
B4
350
1CB
  3
B5
350
1CC
  3
B6
350
1CD
  0
DICTIONARY
  5
219
102
{ACAD_REACTORS
330
C
102
}
330
C
100
AcDbDictionary
281
1
  3
Metric50
350
21A
  0
DICTIONARY
  5
7E
102
{ACAD_REACTORS
330
C
102
}
330
C
100
AcDbDictionary
281
1
  3
Standard
350
7F
  0
DICTIONARY
  5
EF
102
{ACAD_REACTORS
330
C
102
}
330
C
100
AcDbDictionary
281
1
  3
2dWireframe
350
F5
  3
Basic
350
F4
  3
Brighten
350
FB
  3
ColorChange
350
FF
  3
Conceptual
350
F8
  3
Dim
350
FA
  3
EdgeColorOff
350
1E6
  3
Facepattern
350
FE
  3
Flat
350
F0
  3
FlatWithEdges
350
F1
  3
Gouraud
350
F2
  3
GouraudWithEdges
350
F3
  3
Hidden
350
F7
  3
JitterOff
350
1E4
  3
Linepattern
350
FD
  3
OverhangOff
350
1E5
  3
Realistic
350
F9
  3
Shaded
350
1F3
  3
Shaded with edges
350
1F2
  3
Shades of Gray
350
1EF
  3
Sketchy
350
1F0
  3
Thicken
350
FC
  3
Wireframe
350
F6
  3
X-Ray
350
1F1
  0
XRECORD
  5
CF6
102
{ACAD_REACTORS
330
C
102
}
330
C
100
AcDbXrecord
280
1
 90
1
330
7F
  0
DICTIONARY
  5
5E
102
{ACAD_REACTORS
330
C
102
}
330
C
100
AcDbDictionary
281
1
  3
CANNOSCALE
350
146
  3
CENTEREXE
350
259
  3
CENTERLTYPEFILE
350
25A
  3
CMLEADERSTYLE
350
145
  3
CTABLESTYLE
350
84
  3
CVIEWDETAILSTYLE
350
227
  3
CVIEWSECTIONSTYLE
350
228
  3
DIMASSOC
350
5F
  3
HIDETEXT
350
63
  3
LAYEREVAL
350
1AE
  3
LAYERNOTIFY
350
1AF
  0
DICTIONARY
  5
200
102
{ACAD_REACTORS
330
1FF
102
}
330
1FF
100
AcDbDictionary
281
1
  0
SORTENTSTABLE
  5
BBB
102
{ACAD_REACTORS
330
1CE
102
}
330
1CE
100
AcDbSortentsTable
330
1F
331
6FB
  5
72C
331
6FC
  5
72D
331
6FD
  5
72E
331
6FE
  5
72F
331
6FF
  5
730
331
700
  5
731
331
701
  5
732
331
702
  5
733
331
703
  5
734
331
704
  5
735
331
705
  5
736
331
706
  5
737
331
707
  5
738
331
708
  5
739
331
709
  5
73A
331
70A
  5
73B
331
70B
  5
73C
331
70C
  5
73D
331
70D
  5
73E
331
70E
  5
73F
331
70F
  5
740
331
710
  5
741
331
711
  5
744
331
712
  5
745
331
713
  5
748
331
714
  5
74B
331
715
  5
74C
331
716
  5
74D
331
717
  5
74E
331
718
  5
74F
331
719
  5
750
331
71A
  5
751
331
71B
  5
752
331
71C
  5
753
331
71D
  5
754
331
71E
  5
755
331
71F
  5
756
331
720
  5
757
331
721
  5
758
331
722
  5
759
331
723
  5
75A
331
724
  5
75D
331
725
  5
760
331
726
  5
763
331
727
  5
766
331
728
  5
769
331
729
  5
76C
331
72A
  5
770
331
72B
  5
773
331
72C
  5
776
331
72D
  5
779
331
72E
  5
77C
331
72F
  5
77F
331
730
  5
782
331
731
  5
785
331
732
  5
788
331
733
  5
789
331
734
  5
78A
331
735
  5
78B
331
736
  5
720
331
737
  5
721
331
738
  5
722
331
739
  5
723
331
73A
  5
724
331
73B
  5
725
331
73C
  5
726
331
73D
  5
727
331
73E
  5
728
331
73F
  5
729
331
740
  5
72A
331
741
  5
78C
331
744
  5
78D
331
745
  5
78E
331
748
  5
78F
331
74B
  5
790
331
74C
  5
791
331
74D
  5
792
331
74E
  5
714
331
74F
  5
715
331
750
  5
716
331
751
  5
717
331
752
  5
718
331
753
  5
719
331
754
  5
71A
331
755
  5
71B
331
756
  5
71C
331
757
  5
71D
331
758
  5
71E
331
759
  5
71F
331
75A
  5
793
331
75D
  5
794
331
760
  5
795
331
763
  5
796
331
766
  5
797
331
769
  5
798
331
76C
  5
799
331
770
  5
79A
331
773
  5
79B
331
776
  5
79C
331
779
  5
79D
331
77C
  5
79E
331
77F
  5
79F
331
782
  5
7A0
331
785
  5
7A1
331
788
  5
7A2
331
789
  5
7A3
331
78A
  5
7A4
331
78B
  5
7A5
331
78C
  5
7A6
331
78D
  5
7A7
331
78E
  5
7A8
331
78F
  5
7A9
331
790
  5
7AA
331
791
  5
7AB
331
792
  5
7AC
331
793
  5
7AD
331
794
  5
7AE
331
795
  5
7AF
331
798
  5
7B2
331
799
  5
7B3
331
79A
  5
7B4
331
79B
  5
7B5
331
79C
  5
7B6
331
79D
  5
7B7
331
79E
  5
7B8
331
79F
  5
7B9
331
7A2
  5
7BC
331
7A5
  5
7BF
331
7A8
  5
7C2
331
7AB
  5
7C5
331
7AE
  5
7C8
331
7B1
  5
7CB
331
7B4
  5
7CE
331
7B7
  5
7D1
331
7BA
  5
7D6
331
7BB
  5
7D9
331
7BC
  5
7DC
331
7BD
  5
7DF
331
7BE
  5
7E2
331
7BF
  5
7E5
331
7C0
  5
7E8
331
7C1
  5
7EB
331
7C2
  5
7EE
331
7C3
  5
7EF
331
7C4
  5
7F0
331
7C5
  5
7F1
331
7C6
  5
7F2
331
7C7
  5
7F3
331
7C8
  5
7F4
331
7C9
  5
7F5
331
7CA
  5
7F6
331
7CB
  5
7F7
331
7CC
  5
7F8
331
7CD
  5
7F9
331
7CE
  5
7FA
331
7CF
  5
7FB
331
7D0
  5
7FC
331
7D1
  5
7FD
331
7D2
  5
7FE
331
7D3
  5
7FF
331
7D6
  5
800
331
7D9
  5
801
331
7DC
  5
802
331
7DF
  5
803
331
7E2
  5
804
331
7E5
  5
805
331
7E8
  5
806
331
7EB
  5
807
331
7EE
  5
808
331
7EF
  5
809
331
7F0
  5
80A
331
7F1
  5
80B
331
7F2
  5
80C
331
7F3
  5
80D
331
7F4
  5
80E
331
7F5
  5
80F
331
7F6
  5
810
331
7F7
  5
811
331
7F8
  5
812
331
7F9
  5
813
331
7FA
  5
814
331
7FB
  5
815
331
7FC
  5
816
331
7FD
  5
817
331
7FE
  5
818
331
7FF
  5
819
331
800
  5
81A
331
801
  5
81B
331
803
  5
81D
331
807
  5
827
331
808
  5
828
331
809
  5
829
331
80A
  5
82A
331
80B
  5
82B
331
80C
  5
82C
331
80D
  5
82D
331
80E
  5
82E
331
80F
  5
82F
331
810
  5
830
331
811
  5
831
331
812
  5
832
331
813
  5
833
331
814
  5
834
331
815
  5
835
331
816
  5
836
331
817
  5
837
331
818
  5
838
331
819
  5
839
331
81A
  5
83C
331
81B
  5
83D
331
81C
  5
840
331
81D
  5
843
331
81E
  5
844
331
81F
  5
845
331
820
  5
846
331
821
  5
847
331
822
  5
848
331
823
  5
849
331
824
  5
84A
331
825
  5
84B
331
826
  5
84C
331
827
  5
84D
331
828
  5
84E
331
829
  5
84F
331
82A
  5
852
331
82B
  5
853
331
82C
  5
856
331
82D
  5
859
331
82E
  5
6FC
331
82F
  5
6FD
331
830
  5
6FE
331
831
  5
6FF
331
832
  5
700
331
833
  5
701
331
834
  5
702
331
835
  5
703
331
836
  5
704
331
837
  5
705
331
838
  5
706
331
839
  5
85C
331
83C
  5
85F
331
83D
  5
860
331
840
  5
863
331
843
  5
707
331
844
  5
708
331
845
  5
709
331
846
  5
70A
331
847
  5
70B
331
848
  5
70C
331
849
  5
70D
331
84A
  5
70E
331
84B
  5
70F
331
84C
  5
710
331
84D
  5
711
331
84E
  5
712
331
84F
  5
713
331
852
  5
866
331
853
  5
86A
331
856
  5
86D
331
859
  5
870
331
85C
  5
873
331
85F
  5
876
331
860
  5
879
331
866
  5
87A
331
867
  5
87B
331
86A
  5
87C
331
86D
  5
87D
331
870
  5
87E
331
873
  5
87F
331
876
  5
880
331
879
  5
881
331
87A
  5
882
331
87B
  5
883
331
87C
  5
884
331
87D
  5
885
331
87E
  5
886
331
87F
  5
887
331
880
  5
888
331
881
  5
889
331
88B
  5
8A2
331
88E
  5
8A3
331
891
  5
8A4
331
892
  5
8A5
331
893
  5
8A6
331
894
  5
8A7
331
895
  5
8A8
331
896
  5
8A9
331
897
  5
8AA
331
898
  5
8AB
331
899
  5
8AC
331
89A
  5
8AD
331
89B
  5
8AE
331
89C
  5
8AF
331
89D
  5
8B1
331
89E
  5
8B3
331
89F
  5
8B4
331
8A0
  5
8B5
331
8A1
  5
8B6
331
8A2
  5
8B7
331
8A3
  5
8B8
331
8A4
  5
8B9
331
8A5
  5
8BA
331
8A6
  5
8BB
331
8A7
  5
8BC
331
8A8
  5
8BD
331
8A9
  5
8BE
331
8AA
  5
8BF
331
8AB
  5
8C0
331
8AC
  5
8C1
331
8AD
  5
8C2
331
8AE
  5
8C3
331
8AF
  5
8C4
331
8B0
  5
8C5
331
8B1
  5
BBF
331
8B2
  5
BC0
331
8B3
  5
BC2
331
8B4
  5
BC3
331
8B5
  5
BDB
331
8B6
  5
C3B
331
8B7
  5
C3C
331
8B8
  5
C3D
331
8B9
  5
C3E
331
8BA
  5
C3F
331
8BB
  5
C40
331
8BC
  5
C41
331
8BD
  5
C42
331
8BE
  5
C43
331
8BF
  5
C44
331
8C0
  5
C45
331
8C1
  5
C46
331
8C4
  5
C47
331
BBA
  5
72B
331
BBF
  5
6FB
331
BC0
  5
C49
331
BC1
  5
8B2
331
BC2
  5
8B0
331
BC3
  5
C4A
331
BDB
  5
C4B
331
C3B
  5
826
331
C3C
  5
825
331
C3D
  5
824
331
C3E
  5
821
331
C3F
  5
823
331
C40
  5
822
331
C41
  5
C4C
331
C42
  5
C4D
331
C43
  5
C4E
331
C44
  5
C4F
331
C45
  5
C50
331
C46
  5
C51
331
C47
  5
893
331
C49
  5
8A1
331
C4A
  5
8A0
331
C4B
  5
89F
331
C4C
  5
89E
331
C4D
  5
89D
331
C4E
  5
89C
331
C4F
  5
89B
331
C50
  5
899
331
C51
  5
89A
  0
DIMASSOC
  5
743
102
{ACAD_REACTORS
330
742
102
}
330
742
100
AcDbDimAssoc
330
741
 90
3
 70
0
 71
0
  1
AcDbOsnapPointRef
 72
13
331
731
 73
2
 91
1
 40
0.0
 10
0.0
 20
0.0
 30
2e+50
 75
0
  1
AcDbOsnapPointRef
 72
1
331
723
 73
2
 91
1
 40
1.0
 10
0.0
 20
0.0
 30
2e+50
 75
0
  0
DIMASSOC
  5
747
102
{ACAD_REACTORS
330
746
102
}
330
746
100
AcDbDimAssoc
330
745
 90
2
 70
0
 71
0
  1
AcDbOsnapPointRef
 72
10
331
73B
 73
2
 91
0
 40
0.0937704347364039
 10
0.0
 20
0.0
 30
0.0
 75
0
  0
DIMASSOC
  5
74A
102
{ACAD_REACTORS
330
749
102
}
330
749
100
AcDbDimAssoc
330
748
 90
1
 70
0
 71
0
  1
AcDbOsnapPointRef
 72
10
331
73B
 73
2
 91
0
 40
0.0937704347364039
 10
0.0
 20
0.0
 30
0.0
 75
0
  0
DIMASSOC
  5
75C
102
{ACAD_REACTORS
330
75B
102
}
330
75B
100
AcDbDimAssoc
330
75A
 90
3
 70
0
 71
0
  1
AcDbOsnapPointRef
 72
8
331
74E
 73
2
 91
0
 40
0.0978281920663358
 10
0.0
 20
0.0
 30
0.0
 75
1
  1
AcDbOsnapPointRef
 72
0
 40
0.0
 10
785.5923757212659
 20
12291.8011816411
 30
0.0
 75
0
  1
AcDbOsnapPointRef
 72
1
331
70F
 73
2
 91
1
 40
1.0
 10
0.0
 20
0.0
 30
2e+50
 75
0
  0
DIMASSOC
  5
75F
102
{ACAD_REACTORS
330
75E
102
}
330
75E
100
AcDbDimAssoc
330
75D
 90
2
 70
0
 71
0
  1
AcDbOsnapPointRef
 72
8
331
70E
 73
2
 91
0
 40
1.0
 10
0.0
 20
0.0
 30
0.0
 75
1
  1
AcDbOsnapPointRef
 72
0
 40
0.0
 10
785.5923757212659
 20
2291.801181641105
 30
0.0
 75
0
  0
DIMASSOC
  5
762
102
{ACAD_REACTORS
330
761
102
}
330
761
100
AcDbDimAssoc
330
760
 90
3
 70
0
 71
0
  1
AcDbOsnapPointRef
 72
8
331
70E
 73
2
 91
0
 40
1.0
 10
0.0
 20
0.0
 30
0.0
 75
1
  1
AcDbOsnapPointRef
 72
0
 40
0.0
 10
785.5923757212659
 20
5291.801181641105
 30
0.0
 75
0
  1
AcDbOsnapPointRef
 72
1
331
732
 73
2
 91
3
 40
1.0
 10
0.0
 20
0.0
 30
2e+50
 75
0
  0
DIMASSOC
  5
765
102
{ACAD_REACTORS
330
764
102
}
330
764
100
AcDbDimAssoc
330
763
 90
3
 70
0
 71
0
  1
AcDbOsnapPointRef
 72
1
331
732
 73
2
 91
3
 40
1.0
 10
0.0
 20
0.0
 30
2e+50
 75
0
  1
AcDbOsnapPointRef
 72
2
331
730
 73
2
 91
4
 40
0.5
 10
0.0
 20
0.0
 30
0.0
 75
0
  0
DIMASSOC
  5
768
102
{ACAD_REACTORS
330
767
102
}
330
767
100
AcDbDimAssoc
330
766
 90
3
 70
0
 71
0
  1
AcDbOsnapPointRef
 72
2
331
730
 73
2
 91
4
 40
0.5
 10
0.0
 20
0.0
 30
0.0
 75
0
  1
AcDbOsnapPointRef
 72
2
331
72F
 73
2
 91
4
 40
0.5
 10
0.0
 20
0.0
 30
0.0
 75
0
  0
DIMASSOC
  5
76B
102
{ACAD_REACTORS
330
76A
102
}
330
76A
100
AcDbDimAssoc
330
769
 90
1
 70
0
 71
0
  1
AcDbOsnapPointRef
 72
2
331
72F
 73
2
 91
4
 40
0.5
 10
0.0
 20
0.0
 30
0.0
 75
0
  0
DIMASSOC
  5
772
102
{ACAD_REACTORS
330
771
102
}
330
771
100
AcDbDimAssoc
330
770
 90
1
 70
0
 71
0
  1
AcDbOsnapPointRef
 72
1
331
725
 73
2
 91
2
 40
1.0
 10
0.0
 20
0.0
 30
2e+50
 75
0
  0
DIMASSOC
  5
775
102
{ACAD_REACTORS
330
774
102
}
330
774
100
AcDbDimAssoc
330
773
 90
2
 70
0
 71
0
  1
AcDbOsnapPointRef
 72
8
331
710
 73
2
 91
0
 40
0.0
 10
0.0
 20
0.0
 30
0.0
 75
1
  1
AcDbOsnapPointRef
 72
0
 40
0.0
 10
785.5923757212659
 20
4091.801181641105
 30
0.0
 75
0
  0
DIMASSOC
  5
778
102
{ACAD_REACTORS
330
777
102
}
330
777
100
AcDbDimAssoc
330
776
 90
3
 70
0
 71
0
  1
AcDbOsnapPointRef
 72
8
331
710
 73
2
 91
0
 40
0.0
 10
0.0
 20
0.0
 30
0.0
 75
1
  1
AcDbOsnapPointRef
 72
0
 40
0.0
 10
8785.592375721266
 20
7291.801181641105
 30
0.0
 75
0
  1
AcDbOsnapPointRef
 72
1
331
722
 73
2
 91
2
 40
1.0
 10
0.0
 20
0.0
 30
2e+50
 75
0
  0
DIMASSOC
  5
77B
102
{ACAD_REACTORS
330
77A
102
}
330
77A
100
AcDbDimAssoc
330
779
 90
1
 70
0
 71
0
  1
AcDbOsnapPointRef
 72
1
331
70F
 73
2
 91
3
 40
1.0
 10
0.0
 20
0.0
 30
2e+50
 75
0
  0
DIMASSOC
  5
77E
102
{ACAD_REACTORS
330
77D
102
}
330
77D
100
AcDbDimAssoc
330
77C
 90
2
 70
0
 71
0
  1
AcDbOsnapPointRef
 72
1
331
70F
 73
2
 91
2
 40
1.0
 10
0.0
 20
0.0
 30
2e+50
 75
0
  0
DIMASSOC
  5
781
102
{ACAD_REACTORS
330
780
102
}
330
780
100
AcDbDimAssoc
330
77F
 90
2
 70
0
 71
0
  1
AcDbOsnapPointRef
 72
8
331
751
 73
2
 91
0
 40
0.8770358245974614
 10
0.0
 20
0.0
 30
0.0
 75
1
  1
AcDbOsnapPointRef
 72
0
 40
0.0
 10
8785.592375721266
 20
12291.8011816411
 30
0.0
 75
0
  0
DIMASSOC
  5
784
102
{ACAD_REACTORS
330
783
102
}
330
783
100
AcDbDimAssoc
330
782
 90
3
 70
0
 71
0
  1
AcDbOsnapPointRef
 72
8
331
751
 73
2
 91
0
 40
0.8770358245974614
 10
0.0
 20
0.0
 30
0.0
 75
1
  1
AcDbOsnapPointRef
 72
0
 40
0.0
 10
8785.592375721266
 20
7441.801181641105
 30
0.0
 75
0
  1
AcDbOsnapPointRef
 72
2
331
722
 73
2
 91
2
 40
0.5
 10
0.0
 20
0.0
 30
0.0
 75
0
  0
DIMASSOC
  5
787
102
{ACAD_REACTORS
330
786
102
}
330
786
100
AcDbDimAssoc
330
785
 90
1
 70
0
 71
0
  1
AcDbOsnapPointRef
 72
2
331
722
 73
2
 91
2
 40
0.5
 10
0.0
 20
0.0
 30
0.0
 75
0
  0
DIMASSOC
  5
7D5
102
{ACAD_REACTORS
330
7D4
102
}
330
7D4
100
AcDbDimAssoc
330
7D3
 90
1
 70
0
 71
0
  1
AcDbOsnapPointRef
 72
8
331
7C7
 73
2
 91
0
 40
0.0978281920663358
 10
0.0
 20
0.0
 30
0.0
 75
1
  1
AcDbOsnapPointRef
 72
0
 40
0.0
 10
785.5923757212659
 20
12291.8011816411
 30
0.0
 75
0
  0
DIMASSOC
  5
7D8
102
{ACAD_REACTORS
330
7D7
102
}
330
7D7
100
AcDbDimAssoc
330
7D6
 90
2
 70
0
 71
0
  1
AcDbOsnapPointRef
 72
8
331
7C3
 73
2
 91
0
 40
0.8722444751271927
 10
0.0
 20
0.0
 30
0.0
 75
1
  1
AcDbOsnapPointRef
 72
0
 40
0.0
 10
17731.50087363597
 20
22406.75641116822
 30
0.0
 75
0
  0
DIMASSOC
  5
7DB
102
{ACAD_REACTORS
330
7DA
102
}
330
7DA
100
AcDbDimAssoc
330
7D9
 90
2
 70
0
 71
0
  1
AcDbOsnapPointRef
 72
8
331
7C7
 73
2
 91
0
 40
0.8770358245974614
 10
0.0
 20
0.0
 30
0.0
 75
1
  1
AcDbOsnapPointRef
 72
0
 40
0.0
 10
25731.50087363597
 20
22406.75641116822
 30
0.0
 75
0
  0
DIMASSOC
  5
7DE
102
{ACAD_REACTORS
330
7DD
102
}
330
7DD
100
AcDbDimAssoc
330
7DC
 90
2
 70
0
 71
0
  1
AcDbOsnapPointRef
 72
1
331
79B
 73
2
 91
3
 40
1.0
 10
0.0
 20
0.0
 30
2e+50
 75
0
  0
DIMASSOC
  5
7E1
102
{ACAD_REACTORS
330
7E0
102
}
330
7E0
100
AcDbDimAssoc
330
7DF
 90
3
 70
0
 71
0
  1
AcDbOsnapPointRef
 72
1
331
79B
 73
2
 91
3
 40
1.0
 10
0.0
 20
0.0
 30
2e+50
 75
0
  1
AcDbOsnapPointRef
 72
13
331
79D
 73
2
 91
1
 40
0.0
 10
0.0
 20
0.0
 30
2e+50
 75
0
  0
DIMASSOC
  5
7E4
102
{ACAD_REACTORS
330
7E3
102
}
330
7E3
100
AcDbDimAssoc
330
7E2
 90
3
 70
0
 71
0
  1
AcDbOsnapPointRef
 72
13
331
79D
 73
2
 91
1
 40
0.0
 10
0.0
 20
0.0
 30
2e+50
 75
0
  1
AcDbOsnapPointRef
 72
13
331
79A
 73
2
 91
0
 40
0.0
 10
0.0
 20
0.0
 30
2e+50
 75
0
  0
DIMASSOC
  5
7E7
102
{ACAD_REACTORS
330
7E6
102
}
330
7E6
100
AcDbDimAssoc
330
7E5
 90
3
 70
0
 71
0
  1
AcDbOsnapPointRef
 72
13
331
79A
 73
2
 91
0
 40
0.0
 10
0.0
 20
0.0
 30
2e+50
 75
0
  1
AcDbOsnapPointRef
 72
1
331
79D
 73
2
 91
4
 40
1.0
 10
0.0
 20
0.0
 30
2e+50
 75
0
  0
DIMASSOC
  5
7EA
102
{ACAD_REACTORS
330
7E9
102
}
330
7E9
100
AcDbDimAssoc
330
7E8
 90
1
 70
0
 71
0
  1
AcDbOsnapPointRef
 72
1
331
79D
 73
2
 91
4
 40
1.0
 10
0.0
 20
0.0
 30
2e+50
 75
0
  0
DIMASSOC
  5
7ED
102
{ACAD_REACTORS
330
7EC
102
}
330
7EC
100
AcDbDimAssoc
330
7EB
 90
1
 70
0
 71
0
  1
AcDbOsnapPointRef
 72
1
331
79D
 73
2
 91
3
 40
1.0
 10
0.0
 20
0.0
 30
2e+50
 75
0
  0
DIMASSOC
  5
83B
102
{ACAD_REACTORS
330
83A
102
}
330
83A
100
AcDbDimAssoc
330
839
 90
3
 70
0
 71
0
  1
AcDbOsnapPointRef
 72
13
331
82A
 73
2
 91
1
 40
0.0
 10
0.0
 20
0.0
 30
2e+50
 75
0
  1
AcDbOsnapPointRef
 72
1
331
824
 73
2
 91
1
 40
1.0
 10
0.0
 20
0.0
 30
2e+50
 75
0
  0
DIMASSOC
  5
83F
102
{ACAD_REACTORS
330
83E
102
}
330
83E
100
AcDbDimAssoc
330
83D
 90
2
 70
0
 71
0
  1
AcDbOsnapPointRef
 72
10
331
833
 73
2
 91
0
 40
0.0937704347364039
 10
0.0
 20
0.0
 30
0.0
 75
0
  0
DIMASSOC
  5
842
102
{ACAD_REACTORS
330
841
102
}
330
841
100
AcDbDimAssoc
330
840
 90
1
 70
0
 71
0
  1
AcDbOsnapPointRef
 72
10
331
833
 73
2
 91
0
 40
0.0937704347364039
 10
0.0
 20
0.0
 30
0.0
 75
0
  0
DIMASSOC
  5
851
102
{ACAD_REACTORS
330
850
102
}
330
850
100
AcDbDimAssoc
330
84F
 90
3
 70
0
 71
0
  1
AcDbOsnapPointRef
 72
8
331
843
 73
2
 91
0
 40
0.0978281920663358
 10
0.0
 20
0.0
 30
0.0
 75
1
  1
AcDbOsnapPointRef
 72
0
 40
0.0
 10
785.5923757212659
 20
12291.8011816411
 30
0.0
 75
0
  1
AcDbOsnapPointRef
 72
1
331
820
 73
2
 91
1
 40
1.0
 10
0.0
 20
0.0
 30
2e+50
 75
0
  0
DIMASSOC
  5
855
102
{ACAD_REACTORS
330
854
102
}
330
854
100
AcDbDimAssoc
330
853
 90
2
 70
0
 71
0
  1
AcDbOsnapPointRef
 72
1
331
82B
 73
2
 91
3
 40
1.0
 10
0.0
 20
0.0
 30
2e+50
 75
0
  0
DIMASSOC
  5
858
102
{ACAD_REACTORS
330
857
102
}
330
857
100
AcDbDimAssoc
330
856
 90
3
 70
0
 71
0
  1
AcDbOsnapPointRef
 72
1
331
82B
 73
2
 91
3
 40
1.0
 10
0.0
 20
0.0
 30
2e+50
 75
0
  1
AcDbOsnapPointRef
 72
2
331
829
 73
2
 91
4
 40
0.5
 10
0.0
 20
0.0
 30
0.0
 75
0
  0
DIMASSOC
  5
85B
102
{ACAD_REACTORS
330
85A
102
}
330
85A
100
AcDbDimAssoc
330
859
 90
3
 70
0
 71
0
  1
AcDbOsnapPointRef
 72
2
331
829
 73
2
 91
4
 40
0.5
 10
0.0
 20
0.0
 30
0.0
 75
0
  1
AcDbOsnapPointRef
 72
2
331
828
 73
2
 91
4
 40
0.5
 10
0.0
 20
0.0
 30
0.0
 75
0
  0
DIMASSOC
  5
85E
102
{ACAD_REACTORS
330
85D
102
}
330
85D
100
AcDbDimAssoc
330
85C
 90
1
 70
0
 71
0
  1
AcDbOsnapPointRef
 72
2
331
828
 73
2
 91
4
 40
0.5
 10
0.0
 20
0.0
 30
0.0
 75
0
  0
DIMASSOC
  5
862
102
{ACAD_REACTORS
330
861
102
}
330
861
100
AcDbDimAssoc
330
860
 90
3
 70
0
 71
0
  1
AcDbOsnapPointRef
 72
2
331
825
 73
2
 91
3
 40
23.66666666666667
 10
0.0
 20
0.0
 30
0.0
 75
0
  1
AcDbOsnapPointRef
 72
1
331
825
 73
2
 91
2
 40
1.0
 10
0.0
 20
0.0
 30
2e+50
 75
0
  0
DIMASSOC
  5
869
102
{ACAD_REACTORS
330
868
102
}
330
868
100
AcDbDimAssoc
330
867
 90
2
 70
0
 71
0
  1
AcDbOsnapPointRef
 72
1
331
823
 73
2
 91
2
 40
1.0
 10
0.0
 20
0.0
 30
2e+50
 75
0
  0
DIMASSOC
  5
86C
102
{ACAD_REACTORS
330
86B
102
}
330
86B
100
AcDbDimAssoc
330
86A
 90
1
 70
0
 71
0
  1
AcDbOsnapPointRef
 72
1
331
820
 73
2
 91
3
 40
1.0
 10
0.0
 20
0.0
 30
2e+50
 75
0
  0
DIMASSOC
  5
86F
102
{ACAD_REACTORS
330
86E
102
}
330
86E
100
AcDbDimAssoc
330
86D
 90
2
 70
0
 71
0
  1
AcDbOsnapPointRef
 72
1
331
820
 73
2
 91
2
 40
1.0
 10
0.0
 20
0.0
 30
2e+50
 75
0
  0
DIMASSOC
  5
872
102
{ACAD_REACTORS
330
871
102
}
330
871
100
AcDbDimAssoc
330
870
 90
2
 70
0
 71
0
  1
AcDbOsnapPointRef
 72
8
331
846
 73
2
 91
0
 40
0.8770358245974614
 10
0.0
 20
0.0
 30
0.0
 75
1
  1
AcDbOsnapPointRef
 72
0
 40
0.0
 10
8785.592375721266
 20
12291.8011816411
 30
0.0
 75
0
  0
DIMASSOC
  5
875
102
{ACAD_REACTORS
330
874
102
}
330
874
100
AcDbDimAssoc
330
873
 90
3
 70
0
 71
0
  1
AcDbOsnapPointRef
 72
8
331
846
 73
2
 91
0
 40
0.8770358245974614
 10
0.0
 20
0.0
 30
0.0
 75
1
  1
AcDbOsnapPointRef
 72
0
 40
0.0
 10
8785.592375721266
 20
7441.801181641105
 30
0.0
 75
0
  1
AcDbOsnapPointRef
 72
2
331
823
 73
2
 91
2
 40
0.5
 10
0.0
 20
0.0
 30
0.0
 75
0
  0
DIMASSOC
  5
878
102
{ACAD_REACTORS
330
877
102
}
330
877
100
AcDbDimAssoc
330
876
 90
1
 70
0
 71
0
  1
AcDbOsnapPointRef
 72
2
331
823
 73
2
 91
2
 40
0.5
 10
0.0
 20
0.0
 30
0.0
 75
0
  0
DIMASSOC
  5
BDA
102
{ACAD_REACTORS
330
BD0
102
}
330
BD0
100
AcDbDimAssoc
330
BC3
 90
2
 70
0
 71
0
  1
AcDbOsnapPointRef
 72
2
331
8A9
 73
2
 91
2
 40
0.5
 10
0.0
 20
0.0
 30
0.0
 75
0
  0
DIMASSOC
  5
BF2
102
{ACAD_REACTORS
330
BE8
102
}
330
BE8
100
AcDbDimAssoc
330
BDB
 90
3
 70
0
 71
0
  1
AcDbOsnapPointRef
 72
2
331
8A9
 73
2
 91
2
 40
0.5
 10
0.0
 20
0.0
 30
0.0
 75
0
  1
AcDbOsnapPointRef
 72
14
331
828
 73
2
 91
2
 40
150.0
 10
0.0
 20
0.0
 30
0.0
 75
0
  0
ACDBDETAILVIEWSTYLE
  5
21C
102
{ACAD_REACTORS
330
21B
102
}
330
21B
100
AcDbModelDocViewStyle
 70
0
  3
Metric50
290
0
300
Metric50
 90
0
100
AcDbDetailViewStyle
 70
0
 71
0
 90
3
 71
1
340
11
 62
256
 40
5.0
340
0
 62
256
 40
5.0
300

 40
0.0
280
1
 71
2
340
16
 90
25
 62
256
 71
3
340
11
 62
256
 40
5.0
 90
0
 40
15.0
 90
1
300
%<\AcVar ViewDetailId>% (%<\AcVar ViewScale \f "%sn">%)
 71
4
340
16
 90
25
 62
256
340
16
 90
25
 62
256
280
0
  0
LAYOUT
  5
D3
102
{ACAD_REACTORS
330
1A
102
}
330
1A
100
AcDbPlotSettings
  1

  2
C:\Documents and Settings\basas\Application Data\Autodesk\AutoCAD 2005\R16.1\enu\plotters\Default Windows System Printer.pc3
  4

  6

 40
0.0
 41
0.0
 42
0.0
 43
0.0
 44
0.0
 45
0.0
 46
0.0
 47
0.0
 48
0.0
 49
0.0
140
0.0
141
0.0
142
1.0
143
1.0
 70
688
 72
0
 73
0
 74
5
  7

 75
16
 76
0
 77
2
 78
300
147
1.0
148
0.0
149
0.0
100
AcDbLayout
  1
Layout1
 70
1
 71
1
 10
0.0
 20
0.0
 11
12.0
 21
9.0
 12
0.0
 22
0.0
 32
0.0
 14
0.0
 24
0.0
 34
0.0
 15
0.0
 25
0.0
 35
0.0
146
0.0
 13
0.0
 23
0.0
 33
0.0
 16
1.0
 26
0.0
 36
0.0
 17
0.0
 27
1.0
 37
0.0
 76
0
330
D2
  0
LAYOUT
  5
D7
102
{ACAD_REACTORS
330
1A
102
}
330
1A
100
AcDbPlotSettings
  1

  2
C:\Documents and Settings\basas\Application Data\Autodesk\AutoCAD 2005\R16.1\enu\plotters\Default Windows System Printer.pc3
  4

  6

 40
0.0
 41
0.0
 42
0.0
 43
0.0
 44
0.0
 45
0.0
 46
0.0
 47
0.0
 48
0.0
 49
0.0
140
0.0
141
0.0
142
1.0
143
1.0
 70
688
 72
0
 73
0
 74
5
  7

 75
16
 76
0
 77
2
 78
300
147
1.0
148
0.0
149
0.0
100
AcDbLayout
  1
Layout2
 70
1
 71
2
 10
0.0
 20
0.0
 11
12.0
 21
9.0
 12
0.0
 22
0.0
 32
0.0
 14
0.0
 24
0.0
 34
0.0
 15
0.0
 25
0.0
 35
0.0
146
0.0
 13
0.0
 23
0.0
 33
0.0
 16
1.0
 26
0.0
 36
0.0
 17
0.0
 27
1.0
 37
0.0
 76
0
330
D6
  0
LAYOUT
  5
22
102
{ACAD_XDICTIONARY
360
205
102
}
102
{ACAD_REACTORS
330
1A
102
}
330
1A
100
AcDbPlotSettings
  1

  2
none_device
  4
ISO_A4_(210.00_x_297.00_MM)
  6

 40
7.5
 41
20.0
 42
7.5
 43
20.0
 44
210.0
 45
297.0
 46
11.54999923706054
 47
-13.65000009536743
 48
0.0
 49
0.0
140
0.0
141
0.0
142
1.0
143
8.704084754739808
 70
11952
 72
1
 73
0
 74
0
  7

 75
0
 76
0
 77
2
 78
300
147
0.1148885871608098
148
0.0
149
0.0
100
AcDbLayout
  1
Model
 70
1
 71
0
 10
0.0
 20
0.0
 11
12.0
 21
9.0
 12
0.0
 22
0.0
 32
0.0
 14
0.0
 24
0.0
 34
0.0
 15
0.0
 25
0.0
 35
0.0
146
0.0
 13
0.0
 23
0.0
 33
0.0
 16
1.0
 26
0.0
 36
0.0
 17
0.0
 27
1.0
 37
0.0
 76
0
330
1F
331
EA
1001
ACAD_PSEXT
1000
None
1000
None
1000
Not applicable
1000
The layout will not be plotted unless a new plotter configuration name is selected.
1070
0
  0
MATERIAL
  5
ED
102
{ACAD_XDICTIONARY
360
1F9
102
}
102
{ACAD_REACTORS
330
6A
102
}
330
6A
100
AcDbMaterial
  1
ByBlock
  2

 70
0
 40
1.0
 71
0
 41
1.0
 91
-1023410177
 42
1.0
 72
1
  3

 73
1
 74
1
 75
1
 44
0.5
 73
0
 45
1.0
 46
1.0
 77
1
  4

 78
1
 79
1
170
1
 48
1.0
171
1
  6

172
1
173
1
174
1
140
1.0
141
1.0
175
1
  7

176
1
177
1
178
1
143
1.0
179
1
  8

270
1
271
1
272
1
145
1.0
146
1.0
273
1
  9

274
1
275
1
276
1
 42
1.0
 72
1
  3

 73
1
 74
1
 75
1
 94
63
  0
MATERIAL
  5
EC
102
{ACAD_XDICTIONARY
360
1F7
102
}
102
{ACAD_REACTORS
330
6A
102
}
330
6A
100
AcDbMaterial
  1
ByLayer
  2

 70
0
 40
1.0
 71
0
 41
1.0
 91
-1023410177
 42
1.0
 72
1
  3

 73
1
 74
1
 75
1
 44
0.5
 73
0
 45
1.0
 46
1.0
 77
1
  4

 78
1
 79
1
170
1
 48
1.0
171
1
  6

172
1
173
1
174
1
140
1.0
141
1.0
175
1
  7

176
1
177
1
178
1
143
1.0
179
1
  8

270
1
271
1
272
1
145
1.0
146
1.0
273
1
  9

274
1
275
1
276
1
 42
1.0
 72
1
  3

 73
1
 74
1
 75
1
 94
63
  0
MATERIAL
  5
EE
102
{ACAD_XDICTIONARY
360
173
102
}
102
{ACAD_REACTORS
330
6A
102
}
330
6A
100
AcDbMaterial
  1
Global
  2

 70
0
 40
1.0
 71
0
 41
1.0
 91
-1023410177
 42
1.0
 72
1
  3

 73
1
 74
1
 75
1
 43
0.0007999999797903
 43
0.0
 43
0.0
 43
0.0
 43
0.0
 43
0.0007999999797903
 43
0.0
 43
0.0
 43
0.0
 43
0.0
 43
1.0
 43
0.0
 43
0.0
 43
0.0
 43
0.0
 43
1.0
 44
0.5
 73
0
 45
1.0
 46
1.0
 77
1
  4

 78
1
 79
1
170
1
 48
1.0
171
1
  6

172
1
173
1
174
1
 49
0.0007999999797903
 49
0.0
 49
0.0
 49
0.0
 49
0.0
 49
0.0007999999797903
 49
0.0
 49
0.0
 49
0.0
 49
0.0
 49
1.0
 49
0.0
 49
0.0
 49
0.0
 49
0.0
 49
1.0
140
1.0
141
1.0
175
1
  7

176
1
177
1
178
1
142
0.0007999999797903
142
0.0
142
0.0
142
0.0
142
0.0
142
0.0007999999797903
142
0.0
142
0.0
142
0.0
142
0.0
142
1.0
142
0.0
142
0.0
142
0.0
142
0.0
142
1.0
143
1.0
179
1
  8

270
1
271
1
272
1
144
0.0007999999797903
144
0.0
144
0.0
144
0.0
144
0.0
144
0.0007999999797903
144
0.0
144
0.0
144
0.0
144
0.0
144
1.0
144
0.0
144
0.0
144
0.0
144
0.0
144
1.0
145
1.0
146
1.0
273
1
  9

274
1
275
1
276
1
 42
1.0
 72
1
  3

 73
1
 74
1
 75
1
 94
63
1001
ACAD
1070
-1
1070
3
1070
0
1000

1071
0
1070
0
  0
MLEADERSTYLE
  5
13B
102
{ACAD_REACTORS
330
12D
102
}
330
12D
100
AcDbMLeaderStyle
179
2
170
2
171
1
172
0
 90
2
 40
0.0
 41
0.0
173
1
 91
-1056964608
340
14
 92
-2
290
1
 42
2.0
291
1
 43
8.0
  3
Standard
 44
4.0
300

342
11
174
1
175
1
176
0
178
1
 93
-1056964608
 45
4.0
292
0
297
0
 46
4.0
293
1
 94
-1056964608
 47
1.0
 49
1.0
140
1.0
294
1
141
0.0
177
0
142
1.0
295
0
296
1
143
3.75
271
0
272
9
273
9
298
0
  0
MLEADERSTYLE
  5
12E
102
{ACAD_REACTORS
330
12D
102
}
330
12D
100
AcDbMLeaderStyle
179
2
170
2
171
1
172
0
 90
2
 40
0.0
 41
0.0
173
1
 91
-1056964608
340
14
 92
-2
290
1
 42
2.0
291
1
 43
8.0
  3
Standard
 44
4.0
300

342
11
174
1
175
1
176
0
178
1
 93
-1056964608
 45
4.0
292
0
297
0
 46
4.0
293
1
 94
-1056964608
 47
1.0
 49
1.0
140
1.0
294
1
141
0.0
177
0
142
1.0
295
0
296
0
143
3.75
271
0
272
9
273
9
298
0
  0
MLINESTYLE
  5
18
102
{ACAD_REACTORS
330
17
102
}
330
17
100
AcDbMlineStyle
  2
STANDARD
 70
0
  3

 62
256
 51
90.0
 52
90.0
 71
2
 49
0.5
 62
256
  6
BYLAYER
 49
-0.5
 62
256
  6
BYLAYER
  0
ACDBPLACEHOLDER
  5
F
102
{ACAD_REACTORS
330
E
102
}
330
E
  0
SCALE
  5
10D
102
{ACAD_REACTORS
330
10C
102
}
330
10C
100
AcDbScale
 70
0
300
1:1
140
1.0
141
1.0
290
1
  0
SCALE
  5
1BE
102
{ACAD_REACTORS
330
10C
102
}
330
10C
100
AcDbScale
 70
0
300
1:2
140
1.0
141
2.0
290
0
  0
SCALE
  5
1BF
102
{ACAD_REACTORS
330
10C
102
}
330
10C
100
AcDbScale
 70
0
300
1:4
140
1.0
141
4.0
290
0
  0
SCALE
  5
1C0
102
{ACAD_REACTORS
330
10C
102
}
330
10C
100
AcDbScale
 70
0
300
1:5
140
1.0
141
5.0
290
0
  0
SCALE
  5
1C1
102
{ACAD_REACTORS
330
10C
102
}
330
10C
100
AcDbScale
 70
0
300
1:8
140
1.0
141
8.0
290
0
  0
SCALE
  5
1C2
102
{ACAD_REACTORS
330
10C
102
}
330
10C
100
AcDbScale
 70
0
300
1:10
140
1.0
141
10.0
290
0
  0
SCALE
  5
1C3
102
{ACAD_REACTORS
330
10C
102
}
330
10C
100
AcDbScale
 70
0
300
1:16
140
1.0
141
16.0
290
0
  0
SCALE
  5
1C4
102
{ACAD_REACTORS
330
10C
102
}
330
10C
100
AcDbScale
 70
0
300
1:20
140
1.0
141
20.0
290
0
  0
SCALE
  5
1C5
102
{ACAD_REACTORS
330
10C
102
}
330
10C
100
AcDbScale
 70
0
300
1:30
140
1.0
141
30.0
290
0
  0
SCALE
  5
1C6
102
{ACAD_REACTORS
330
10C
102
}
330
10C
100
AcDbScale
 70
0
300
1:40
140
1.0
141
40.0
290
0
  0
SCALE
  5
1C7
102
{ACAD_REACTORS
330
10C
102
}
330
10C
100
AcDbScale
 70
0
300
1:50
140
1.0
141
50.0
290
0
  0
SCALE
  5
1C8
102
{ACAD_REACTORS
330
10C
102
}
330
10C
100
AcDbScale
 70
0
300
1:100
140
1.0
141
100.0
290
0
  0
SCALE
  5
1C9
102
{ACAD_REACTORS
330
10C
102
}
330
10C
100
AcDbScale
 70
0
300
2:1
140
2.0
141
1.0
290
0
  0
SCALE
  5
1CA
102
{ACAD_REACTORS
330
10C
102
}
330
10C
100
AcDbScale
 70
0
300
4:1
140
4.0
141
1.0
290
0
  0
SCALE
  5
1CB
102
{ACAD_REACTORS
330
10C
102
}
330
10C
100
AcDbScale
 70
0
300
8:1
140
8.0
141
1.0
290
0
  0
SCALE
  5
1CC
102
{ACAD_REACTORS
330
10C
102
}
330
10C
100
AcDbScale
 70
0
300
10:1
140
10.0
141
1.0
290
0
  0
SCALE
  5
1CD
102
{ACAD_REACTORS
330
10C
102
}
330
10C
100
AcDbScale
 70
0
300
100:1
140
100.0
141
1.0
290
0
  0
ACDBSECTIONVIEWSTYLE
  5
21A
102
{ACAD_REACTORS
330
219
102
}
330
219
100
AcDbModelDocViewStyle
 70
0
  3
Metric50
290
0
300
Metric50
 90
0
100
AcDbSectionViewStyle
 70
0
 71
0
 90
102
 71
1
340
11
 62
256
 40
5.0
340
0
340
0
 62
256
 40
5.0
300
I, O, Q, S, X, Z
 40
10.0
 90
0
 40
2.5
 90
0
 71
2
340
16
 90
25
 62
256
340
16
 90
50
 62
256
 40
5.0
 40
2.5
 40
5.0
 71
3
340
11
 62
256
 40
5.0
 90
0
 40
15.0
 90
1
300
%<\AcVar ViewSectionStartId>%-%<\AcVar ViewSectionEndId>% (%<\AcVar ViewScale \f "%sn">%)
 71
4
 62
256
 62
257
300
ANSI31
 40
1.0
 90
0
290
0
290
0
 90
6
 40
0.0
 40
1.570796326794896
 40
0.2617993877991494
 40
1.308996938995747
 40
-0.2617993877991494
 40
1.832595714594046
  0
TABLESTYLE
  5
7F
102
{ACAD_XDICTIONARY
360
162
102
}
102
{ACAD_REACTORS
330
7E
102
}
330
7E
100
AcDbTableStyle
280
0
  3
Standard
 70
0
 71
0
 40
1.5
 41
1.5
280
0
281
0
  7
Standard
140
4.5
170
2
 62
0
 63
7
283
0
 90
512
 91
0
  1

274
-2
284
1
 64
0
275
-2
285
1
 65
0
276
-2
286
1
 66
0
277
-2
287
1
 67
0
278
-2
288
1
 68
0
279
-2
289
1
 69
0
  7
Standard
140
6.0
170
5
 62
0
 63
7
283
0
 90
512
 91
0
  1

274
-2
284
1
 64
0
275
-2
285
1
 65
0
276
-2
286
1
 66
0
277
-2
287
1
 67
0
278
-2
288
1
 68
0
279
-2
289
1
 69
0
  7
Standard
140
4.5
170
5
 62
0
 63
7
283
0
 90
512
 91
0
  1

274
-2
284
1
 64
0
275
-2
285
1
 65
0
276
-2
286
1
 66
0
277
-2
287
1
 67
0
278
-2
288
1
 68
0
279
-2
289
1
 69
0
  0
VISUALSTYLE
  5
F5
102
{ACAD_REACTORS
330
EF
102
}
330
EF
100
AcDbVisualStyle
  2
2dWireframe
 70
4
177
3
291
0
 70
58
 90
0
176
1
 90
2
176
1
 90
1
176
1
 90
0
176
1
 40
0.6
176
1
 40
30.0
176
1
 62
7
420
16777215
176
1
 90
1
176
1
 90
4
176
1
 62
7
176
1
 62
257
176
1
 90
1
176
1
 90
1
176
1
 40
1.0
176
1
 90
0
176
1
 62
257
176
1
 40
1.0
176
1
 90
1
176
1
 90
6
176
1
 90
2
176
1
 62
7
176
1
 90
5
176
1
 90
0
176
1
 90
0
176
1
290
0
176
1
 90
1
176
1
 40
0.0
176
1
 90
0
176
1
290
1
176
1
290
1
176
1
290
0
176
1
290
0
176
1
290
0
176
1
290
0
176
1
290
0
176
1
290
0
176
1
290
0
176
1
 90
50
176
1
 40
0.0
176
1
 40
1.0
176
1
 90
0
176
1
 62
18
420
0
176
1
 90
50
176
1
 90
3
176
1
 62
5
420
255
176
1
290
0
176
1
 90
50
176
1
 90
50
176
1
 90
50
176
1
290
0
176
1
 90
50
176
1
 62
256
176
0
 40
1.0
176
0
 90
2
176
1
  1
strokes_ogs.tif
176
1
290
0
176
1
 40
1.0
176
1
 40
1.0
176
1
  0
VISUALSTYLE
  5
F4
102
{ACAD_REACTORS
330
EF
102
}
330
EF
100
AcDbVisualStyle
  2
Basic
 70
7
177
3
291
1
 70
58
 90
1
176
1
 90
0
176
1
 90
1
176
1
 90
0
176
1
 40
0.6
176
1
 40
30.0
176
1
 62
7
420
16777215
176
1
 90
0
176
1
 90
4
176
1
 62
7
176
1
 62
257
176
1
 90
1
176
1
 90
1
176
1
 40
1.0
176
1
 90
8
176
1
 62
7
176
1
 40
1.0
176
1
 90
1
176
1
 90
6
176
1
 90
2
176
1
 62
7
176
1
 90
5
176
1
 90
0
176
1
 90
0
176
1
290
0
176
1
 90
1
176
1
 40
0.0
176
1
 90
0
176
1
290
0
176
1
290
1
176
1
290
1
176
1
290
0
176
1
290
0
176
1
290
0
176
1
290
0
176
1
290
0
176
1
290
0
176
1
 90
50
176
1
 40
0.0
176
1
 40
1.0
176
1
 90
0
176
1
 62
18
420
0
176
1
 90
50
176
1
 90
3
176
1
 62
5
420
255
176
1
290
0
176
1
 90
50
176
1
 90
50
176
1
 90
50
176
1
290
0
176
1
 90
50
176
1
 62
256
176
0
 40
1.0
176
0
 90
2
176
1
  1
strokes_ogs.tif
176
1
290
0
176
1
 40
1.0
176
1
 40
1.0
176
1
  0
VISUALSTYLE
  5
FB
102
{ACAD_REACTORS
330
EF
102
}
330
EF
100
AcDbVisualStyle
  2
Brighten
 70
12
177
3
291
1
 70
58
 90
2
176
1
 90
2
176
1
 90
1
176
1
 90
0
176
1
 40
0.6
176
1
 40
30.0
176
1
 62
7
420
16777215
176
1
 90
1
176
1
 90
4
176
1
 62
7
176
1
 62
257
176
1
 90
1
176
1
 90
1
176
1
 40
1.0
176
1
 90
8
176
1
 62
7
176
1
 40
1.0
176
1
 90
1
176
1
 90
6
176
1
 90
2
176
1
 62
7
176
1
 90
5
176
1
 90
0
176
1
 90
0
176
1
290
0
176
1
 90
1
176
1
 40
50.0
176
1
 90
0
176
1
290
0
176
1
290
1
176
1
290
1
176
1
290
0
176
1
290
0
176
1
290
0
176
1
290
0
176
1
290
0
176
1
290
0
176
1
 90
50
176
1
 40
0.0
176
1
 40
1.0
176
1
 90
0
176
1
 62
18
420
0
176
1
 90
50
176
1
 90
3
176
1
 62
5
420
255
176
1
290
0
176
1
 90
50
176
1
 90
50
176
1
 90
50
176
1
290
0
176
1
 90
50
176
1
 62
256
176
0
 40
1.0
176
0
 90
2
176
1
  1
strokes_ogs.tif
176
1
290
0
176
1
 40
1.0
176
1
 40
1.0
176
1
  0
VISUALSTYLE
  5
FF
102
{ACAD_REACTORS
330
EF
102
}
330
EF
100
AcDbVisualStyle
  2
ColorChange
 70
16
177
3
291
1
 70
58
 90
2
176
1
 90
2
176
1
 90
3
176
1
 90
0
176
1
 40
0.6
176
1
 40
30.0
176
1
 62
8
420
8421504
176
1
 90
1
176
1
 90
4
176
1
 62
7
176
1
 62
257
176
1
 90
1
176
1
 90
1
176
1
 40
1.0
176
1
 90
8
176
1
 62
8
420
8421504
176
1
 40
1.0
176
1
 90
1
176
1
 90
6
176
1
 90
2
176
1
 62
7
176
1
 90
5
176
1
 90
0
176
1
 90
0
176
1
290
0
176
1
 90
1
176
1
 40
0.0
176
1
 90
0
176
1
290
0
176
1
290
1
176
1
290
1
176
1
290
0
176
1
290
0
176
1
290
0
176
1
290
0
176
1
290
0
176
1
290
0
176
1
 90
50
176
1
 40
0.0
176
1
 40
1.0
176
1
 90
0
176
1
 62
18
420
0
176
1
 90
50
176
1
 90
3
176
1
 62
5
420
255
176
1
290
0
176
1
 90
50
176
1
 90
50
176
1
 90
50
176
1
290
0
176
1
 90
50
176
1
 62
256
176
0
 40
1.0
176
0
 90
2
176
1
  1
strokes_ogs.tif
176
1
290
0
176
1
 40
1.0
176
1
 40
1.0
176
1
  0
VISUALSTYLE
  5
F8
102
{ACAD_REACTORS
330
EF
102
}
330
EF
100
AcDbVisualStyle
  2
Conceptual
 70
9
177
3
291
0
 70
58
 90
3
176
1
 90
2
176
1
 90
1
176
1
 90
0
176
1
 40
0.6
176
1
 40
30.0
176
1
 62
7
420
16777215
176
1
 90
2
176
1
 90
2
176
1
 62
7
176
1
 62
257
176
1
 90
1
176
1
 90
1
176
1
 40
40.0
176
1
 90
8
176
1
 62
7
176
1
 40
1.0
176
1
 90
1
176
1
 90
6
176
1
 90
2
176
1
 62
7
176
1
 90
3
176
1
 90
0
176
1
 90
0
176
1
290
0
176
1
 90
1
176
1
 40
0.0
176
1
 90
0
176
1
290
0
176
1
290
1
176
1
290
1
176
1
290
0
176
1
290
0
176
1
290
0
176
1
290
0
176
1
290
0
176
1
290
0
176
1
 90
50
176
1
 40
0.0
176
1
 40
1.0
176
1
 90
0
176
1
 62
18
420
0
176
1
 90
50
176
1
 90
3
176
1
 62
5
420
255
176
1
290
0
176
1
 90
50
176
1
 90
50
176
1
 90
50
176
1
290
0
176
1
 90
50
176
1
 62
256
176
0
 40
1.0
176
0
 90
2
176
1
  1
strokes_ogs.tif
176
1
290
0
176
1
 40
1.0
176
1
 40
1.0
176
1
  0
VISUALSTYLE
  5
FA
102
{ACAD_REACTORS
330
EF
102
}
330
EF
100
AcDbVisualStyle
  2
Dim
 70
11
177
3
291
1
 70
58
 90
2
176
1
 90
2
176
1
 90
1
176
1
 90
0
176
1
 40
0.6
176
1
 40
30.0
176
1
 62
7
420
16777215
176
1
 90
1
176
1
 90
4
176
1
 62
7
176
1
 62
257
176
1
 90
1
176
1
 90
1
176
1
 40
1.0
176
1
 90
8
176
1
 62
7
176
1
 40
1.0
176
1
 90
1
176
1
 90
6
176
1
 90
2
176
1
 62
7
176
1
 90
5
176
1
 90
0
176
1
 90
0
176
1
290
0
176
1
 90
1
176
1
 40
-50.0
176
1
 90
0
176
1
290
0
176
1
290
1
176
1
290
1
176
1
290
0
176
1
290
0
176
1
290
0
176
1
290
0
176
1
290
0
176
1
290
0
176
1
 90
50
176
1
 40
0.0
176
1
 40
1.0
176
1
 90
0
176
1
 62
18
420
0
176
1
 90
50
176
1
 90
3
176
1
 62
5
420
255
176
1
290
0
176
1
 90
50
176
1
 90
50
176
1
 90
50
176
1
290
0
176
1
 90
50
176
1
 62
256
176
0
 40
1.0
176
0
 90
2
176
1
  1
strokes_ogs.tif
176
1
290
0
176
1
 40
1.0
176
1
 40
1.0
176
1
  0
VISUALSTYLE
  5
1E6
102
{ACAD_REACTORS
330
EF
102
}
330
EF
100
AcDbVisualStyle
  2
EdgeColorOff
 70
22
177
3
291
1
 70
58
 90
2
176
0
 90
2
176
0
 90
0
176
0
 90
0
176
0
 40
0.6
176
0
 40
30.0
176
0
 62
7
420
16777215
176
0
 90
1
176
0
 90
4
176
0
 62
7
176
0
 62
257
176
0
 90
1
176
0
 90
1
176
0
 40
1.0
176
0
 90
8
176
2
 62
7
176
0
 40
1.0
176
0
 90
1
176
0
 90
6
176
0
 90
2
176
0
 62
7
176
0
 90
5
176
0
 90
0
176
0
 90
0
176
0
290
0
176
0
 90
1
176
0
 40
0.0
176
0
 90
0
176
0
290
0
176
1
290
1
176
1
290
1
176
1
290
0
176
1
290
0
176
1
290
0
176
1
290
0
176
1
290
0
176
1
290
0
176
1
 90
50
176
1
 40
0.0
176
1
 40
1.0
176
1
 90
0
176
1
 62
18
420
0
176
1
 90
50
176
1
 90
3
176
1
 62
5
420
255
176
1
290
0
176
1
 90
50
176
1
 90
50
176
1
 90
50
176
1
290
0
176
1
 90
50
176
1
 62
256
176
0
 40
1.0
176
0
 90
2
176
1
  1
strokes_ogs.tif
176
1
290
0
176
1
 40
1.0
176
1
 40
1.0
176
1
  0
VISUALSTYLE
  5
FE
102
{ACAD_REACTORS
330
EF
102
}
330
EF
100
AcDbVisualStyle
  2
Facepattern
 70
15
177
3
291
1
 70
58
 90
2
176
1
 90
2
176
1
 90
1
176
1
 90
0
176
1
 40
0.6
176
1
 40
30.0
176
1
 62
7
420
16777215
176
1
 90
1
176
1
 90
4
176
1
 62
7
176
1
 62
257
176
1
 90
1
176
1
 90
1
176
1
 40
1.0
176
1
 90
8
176
1
 62
7
176
1
 40
1.0
176
1
 90
1
176
1
 90
6
176
1
 90
2
176
1
 62
7
176
1
 90
5
176
1
 90
0
176
1
 90
0
176
1
290
0
176
1
 90
1
176
1
 40
0.0
176
1
 90
0
176
1
290
0
176
1
290
1
176
1
290
1
176
1
290
0
176
1
290
0
176
1
290
0
176
1
290
0
176
1
290
0
176
1
290
0
176
1
 90
50
176
1
 40
0.0
176
1
 40
1.0
176
1
 90
0
176
1
 62
18
420
0
176
1
 90
50
176
1
 90
3
176
1
 62
5
420
255
176
1
290
0
176
1
 90
50
176
1
 90
50
176
1
 90
50
176
1
290
0
176
1
 90
50
176
1
 62
256
176
0
 40
1.0
176
0
 90
2
176
1
  1
strokes_ogs.tif
176
1
290
0
176
1
 40
1.0
176
1
 40
1.0
176
1
  0
VISUALSTYLE
  5
F0
102
{ACAD_REACTORS
330
EF
102
}
330
EF
100
AcDbVisualStyle
  2
Flat
 70
0
177
3
291
1
 70
58
 90
2
176
1
 90
1
176
1
 90
1
176
1
 90
2
176
1
 40
0.6
176
1
 40
30.0
176
1
 62
7
420
16777215
176
1
 90
0
176
1
 90
0
176
1
 62
7
176
1
 62
257
176
1
 90
1
176
1
 90
1
176
1
 40
1.0
176
1
 90
8
176
1
 62
7
176
1
 40
1.0
176
1
 90
1
176
1
 90
6
176
1
 90
2
176
1
 62
7
176
1
 90
5
176
1
 90
0
176
1
 90
0
176
1
290
0
176
1
 90
13
176
1
 40
0.0
176
1
 90
0
176
1
290
0
176
1
290
1
176
1
290
1
176
1
290
0
176
1
290
0
176
1
290
0
176
1
290
0
176
1
290
0
176
1
290
0
176
1
 90
50
176
1
 40
0.0
176
1
 40
1.0
176
1
 90
0
176
1
 62
18
420
0
176
1
 90
50
176
1
 90
3
176
1
 62
5
420
255
176
1
290
0
176
1
 90
50
176
1
 90
50
176
1
 90
50
176
1
290
0
176
1
 90
50
176
1
 62
256
176
0
 40
1.0
176
0
 90
2
176
1
  1
strokes_ogs.tif
176
1
290
0
176
1
 40
1.0
176
1
 40
1.0
176
1
  0
VISUALSTYLE
  5
F1
102
{ACAD_REACTORS
330
EF
102
}
330
EF
100
AcDbVisualStyle
  2
FlatWithEdges
 70
1
177
3
291
1
 70
58
 90
2
176
1
 90
1
176
1
 90
1
176
1
 90
2
176
1
 40
0.6
176
1
 40
30.0
176
1
 62
7
420
16777215
176
1
 90
1
176
1
 90
0
176
1
 62
7
176
1
 62
257
176
1
 90
1
176
1
 90
1
176
1
 40
1.0
176
1
 90
0
176
1
 62
257
176
1
 40
1.0
176
1
 90
1
176
1
 90
6
176
1
 90
2
176
1
 62
7
176
1
 90
5
176
1
 90
0
176
1
 90
0
176
1
290
0
176
1
 90
13
176
1
 40
0.0
176
1
 90
0
176
1
290
0
176
1
290
1
176
1
290
1
176
1
290
0
176
1
290
0
176
1
290
0
176
1
290
0
176
1
290
0
176
1
290
0
176
1
 90
50
176
1
 40
0.0
176
1
 40
1.0
176
1
 90
0
176
1
 62
18
420
0
176
1
 90
50
176
1
 90
3
176
1
 62
5
420
255
176
1
290
0
176
1
 90
50
176
1
 90
50
176
1
 90
50
176
1
290
0
176
1
 90
50
176
1
 62
256
176
0
 40
1.0
176
0
 90
2
176
1
  1
strokes_ogs.tif
176
1
290
0
176
1
 40
1.0
176
1
 40
1.0
176
1
  0
VISUALSTYLE
  5
F2
102
{ACAD_REACTORS
330
EF
102
}
330
EF
100
AcDbVisualStyle
  2
Gouraud
 70
2
177
3
291
1
 70
58
 90
2
176
1
 90
2
176
1
 90
1
176
1
 90
2
176
1
 40
0.6
176
1
 40
30.0
176
1
 62
7
420
16777215
176
1
 90
0
176
1
 90
0
176
1
 62
7
176
1
 62
257
176
1
 90
1
176
1
 90
1
176
1
 40
1.0
176
1
 90
0
176
1
 62
7
176
1
 40
1.0
176
1
 90
1
176
1
 90
6
176
1
 90
2
176
1
 62
7
176
1
 90
5
176
1
 90
0
176
1
 90
0
176
1
290
0
176
1
 90
13
176
1
 40
0.0
176
1
 90
0
176
1
290
0
176
1
290
1
176
1
290
1
176
1
290
0
176
1
290
0
176
1
290
0
176
1
290
0
176
1
290
0
176
1
290
0
176
1
 90
50
176
1
 40
0.0
176
1
 40
1.0
176
1
 90
0
176
1
 62
18
420
0
176
1
 90
50
176
1
 90
3
176
1
 62
5
420
255
176
1
290
0
176
1
 90
50
176
1
 90
50
176
1
 90
50
176
1
290
0
176
1
 90
50
176
1
 62
256
176
0
 40
1.0
176
0
 90
2
176
1
  1
strokes_ogs.tif
176
1
290
0
176
1
 40
1.0
176
1
 40
1.0
176
1
  0
VISUALSTYLE
  5
F3
102
{ACAD_REACTORS
330
EF
102
}
330
EF
100
AcDbVisualStyle
  2
GouraudWithEdges
 70
3
177
3
291
1
 70
58
 90
2
176
1
 90
2
176
1
 90
1
176
1
 90
2
176
1
 40
0.6
176
1
 40
30.0
176
1
 62
7
420
16777215
176
1
 90
1
176
1
 90
0
176
1
 62
7
176
1
 62
257
176
1
 90
1
176
1
 90
1
176
1
 40
1.0
176
1
 90
0
176
1
 62
257
176
1
 40
1.0
176
1
 90
1
176
1
 90
6
176
1
 90
2
176
1
 62
7
176
1
 90
5
176
1
 90
0
176
1
 90
0
176
1
290
0
176
1
 90
13
176
1
 40
0.0
176
1
 90
0
176
1
290
0
176
1
290
1
176
1
290
1
176
1
290
0
176
1
290
0
176
1
290
0
176
1
290
0
176
1
290
0
176
1
290
0
176
1
 90
50
176
1
 40
0.0
176
1
 40
1.0
176
1
 90
0
176
1
 62
18
420
0
176
1
 90
50
176
1
 90
3
176
1
 62
5
420
255
176
1
290
0
176
1
 90
50
176
1
 90
50
176
1
 90
50
176
1
290
0
176
1
 90
50
176
1
 62
256
176
0
 40
1.0
176
0
 90
2
176
1
  1
strokes_ogs.tif
176
1
290
0
176
1
 40
1.0
176
1
 40
1.0
176
1
  0
VISUALSTYLE
  5
F7
102
{ACAD_REACTORS
330
EF
102
}
330
EF
100
AcDbVisualStyle
  2
Hidden
 70
6
177
3
291
0
 70
58
 90
1
176
1
 90
2
176
1
 90
2
176
1
 90
0
176
1
 40
0.6
176
1
 40
30.0
176
1
 62
7
420
16777215
176
1
 90
2
176
1
 90
2
176
1
 62
7
176
1
 62
257
176
1
 90
2
176
1
 90
1
176
1
 40
40.0
176
1
 90
0
176
1
 62
257
176
1
 40
1.0
176
1
 90
1
176
1
 90
6
176
1
 90
2
176
1
 62
7
176
1
 90
3
176
1
 90
0
176
1
 90
0
176
1
290
0
176
1
 90
1
176
1
 40
0.0
176
1
 90
0
176
1
290
0
176
1
290
1
176
1
290
1
176
1
290
0
176
1
290
0
176
1
290
0
176
1
290
0
176
1
290
0
176
1
290
0
176
1
 90
50
176
1
 40
0.0
176
1
 40
1.0
176
1
 90
0
176
1
 62
18
420
0
176
1
 90
50
176
1
 90
3
176
1
 62
5
420
255
176
1
290
0
176
1
 90
50
176
1
 90
50
176
1
 90
50
176
1
290
0
176
1
 90
50
176
1
 62
256
176
0
 40
1.0
176
0
 90
2
176
1
  1
strokes_ogs.tif
176
1
290
0
176
1
 40
1.0
176
1
 40
1.0
176
1
  0
VISUALSTYLE
  5
1E4
102
{ACAD_REACTORS
330
EF
102
}
330
EF
100
AcDbVisualStyle
  2
JitterOff
 70
20
177
3
291
1
 70
58
 90
2
176
0
 90
2
176
0
 90
0
176
0
 90
0
176
0
 40
0.6
176
0
 40
30.0
176
0
 62
7
420
16777215
176
0
 90
1
176
0
 90
4
176
0
 62
7
176
0
 62
257
176
0
 90
1
176
0
 90
1
176
0
 40
1.0
176
0
 90
10
176
2
 62
7
176
0
 40
1.0
176
0
 90
1
176
0
 90
6
176
0
 90
2
176
0
 62
7
176
0
 90
5
176
0
 90
0
176
0
 90
0
176
0
290
0
176
0
 90
1
176
0
 40
0.0
176
0
 90
0
176
0
290
0
176
1
290
1
176
1
290
1
176
1
290
0
176
1
290
0
176
1
290
0
176
1
290
0
176
1
290
0
176
1
290
0
176
1
 90
50
176
1
 40
0.0
176
1
 40
1.0
176
1
 90
0
176
1
 62
18
420
0
176
1
 90
50
176
1
 90
3
176
1
 62
5
420
255
176
1
290
0
176
1
 90
50
176
1
 90
50
176
1
 90
50
176
1
290
0
176
1
 90
50
176
1
 62
256
176
0
 40
1.0
176
0
 90
2
176
1
  1
strokes_ogs.tif
176
1
290
0
176
1
 40
1.0
176
1
 40
1.0
176
1
  0
VISUALSTYLE
  5
FD
102
{ACAD_REACTORS
330
EF
102
}
330
EF
100
AcDbVisualStyle
  2
Linepattern
 70
14
177
3
291
1
 70
58
 90
2
176
1
 90
2
176
1
 90
1
176
1
 90
0
176
1
 40
0.6
176
1
 40
30.0
176
1
 62
7
420
16777215
176
1
 90
1
176
1
 90
4
176
1
 62
7
176
1
 62
257
176
1
 90
7
176
1
 90
7
176
1
 40
1.0
176
1
 90
8
176
1
 62
7
176
1
 40
1.0
176
1
 90
1
176
1
 90
6
176
1
 90
2
176
1
 62
7
176
1
 90
5
176
1
 90
0
176
1
 90
0
176
1
290
0
176
1
 90
1
176
1
 40
0.0
176
1
 90
0
176
1
290
0
176
1
290
1
176
1
290
1
176
1
290
0
176
1
290
0
176
1
290
0
176
1
290
0
176
1
290
0
176
1
290
0
176
1
 90
50
176
1
 40
0.0
176
1
 40
1.0
176
1
 90
0
176
1
 62
18
420
0
176
1
 90
50
176
1
 90
3
176
1
 62
5
420
255
176
1
290
0
176
1
 90
50
176
1
 90
50
176
1
 90
50
176
1
290
0
176
1
 90
50
176
1
 62
256
176
0
 40
1.0
176
0
 90
2
176
1
  1
strokes_ogs.tif
176
1
290
0
176
1
 40
1.0
176
1
 40
1.0
176
1
  0
VISUALSTYLE
  5
1E5
102
{ACAD_REACTORS
330
EF
102
}
330
EF
100
AcDbVisualStyle
  2
OverhangOff
 70
21
177
3
291
1
 70
58
 90
2
176
0
 90
2
176
0
 90
0
176
0
 90
0
176
0
 40
0.6
176
0
 40
30.0
176
0
 62
7
420
16777215
176
0
 90
1
176
0
 90
4
176
0
 62
7
176
0
 62
257
176
0
 90
1
176
0
 90
1
176
0
 40
1.0
176
0
 90
9
176
2
 62
7
176
0
 40
1.0
176
0
 90
1
176
0
 90
6
176
0
 90
2
176
0
 62
7
176
0
 90
5
176
0
 90
0
176
0
 90
0
176
0
290
0
176
0
 90
1
176
0
 40
0.0
176
0
 90
0
176
0
290
0
176
1
290
1
176
1
290
1
176
1
290
0
176
1
290
0
176
1
290
0
176
1
290
0
176
1
290
0
176
1
290
0
176
1
 90
50
176
1
 40
0.0
176
1
 40
1.0
176
1
 90
0
176
1
 62
18
420
0
176
1
 90
50
176
1
 90
3
176
1
 62
5
420
255
176
1
290
0
176
1
 90
50
176
1
 90
50
176
1
 90
50
176
1
290
0
176
1
 90
50
176
1
 62
256
176
0
 40
1.0
176
0
 90
2
176
1
  1
strokes_ogs.tif
176
1
290
0
176
1
 40
1.0
176
1
 40
1.0
176
1
  0
VISUALSTYLE
  5
F9
102
{ACAD_REACTORS
330
EF
102
}
330
EF
100
AcDbVisualStyle
  2
Realistic
 70
8
177
3
291
0
 70
58
 90
2
176
1
 90
3
176
1
 90
0
176
1
 90
2
176
1
 40
0.6
176
1
 40
30.0
176
1
 62
7
420
16777215
176
1
 90
0
176
1
 90
0
176
1
 62
7
176
1
 62
257
176
1
 90
1
176
1
 90
1
176
1
 40
1.0
176
1
 90
8
176
1
 62
257
176
1
 40
1.0
176
1
 90
1
176
1
 90
6
176
1
 90
2
176
1
 62
7
176
1
 90
3
176
1
 90
0
176
1
 90
0
176
1
290
0
176
1
 90
13
176
1
 40
0.0
176
1
 90
0
176
1
290
0
176
1
290
1
176
1
290
1
176
1
290
0
176
1
290
0
176
1
290
0
176
1
290
0
176
1
290
0
176
1
290
0
176
1
 90
50
176
1
 40
0.0
176
1
 40
1.0
176
1
 90
0
176
1
 62
18
420
0
176
1
 90
50
176
1
 90
3
176
1
 62
5
420
255
176
1
290
0
176
1
 90
50
176
1
 90
50
176
1
 90
50
176
1
290
0
176
1
 90
50
176
1
 62
256
176
0
 40
1.0
176
0
 90
2
176
1
  1
strokes_ogs.tif
176
1
290
0
176
1
 40
1.0
176
1
 40
1.0
176
1
  0
VISUALSTYLE
  5
1F3
102
{ACAD_REACTORS
330
EF
102
}
330
EF
100
AcDbVisualStyle
  2
Shaded
 70
27
177
3
291
0
 70
58
 90
2
176
1
 90
2
176
1
 90
1
176
1
 90
2
176
1
 40
0.6
176
1
 40
30.0
176
1
 62
7
420
16777215
176
1
 90
0
176
1
 90
4
176
1
 62
7
176
1
 62
257
176
1
 90
1
176
1
 90
1
176
1
 40
1.0
176
1
 90
8
176
1
 62
257
176
1
 40
1.0
176
1
 90
1
176
1
 90
6
176
1
 90
2
176
1
 62
8
420
7895160
176
1
 90
3
176
1
 90
0
176
1
 90
0
176
1
290
0
176
1
 90
5
176
1
 40
0.0
176
1
 90
0
176
1
290
0
176
1
290
1
176
1
290
1
176
1
290
0
176
1
290
0
176
1
290
0
176
1
290
0
176
1
290
0
176
1
290
0
176
1
 90
50
176
1
 40
0.0
176
1
 40
1.0
176
1
 90
0
176
1
 62
18
420
0
176
1
 90
50
176
1
 90
3
176
1
 62
5
420
255
176
1
290
0
176
1
 90
50
176
1
 90
50
176
1
 90
50
176
1
290
0
176
1
 90
50
176
1
 62
256
176
0
 40
1.0
176
0
 90
2
176
1
  1
strokes_ogs.tif
176
1
290
0
176
1
 40
1.0
176
1
 40
1.0
176
1
  0
VISUALSTYLE
  5
1F2
102
{ACAD_REACTORS
330
EF
102
}
330
EF
100
AcDbVisualStyle
  2
Shaded with edges
 70
26
177
3
291
0
 70
58
 90
2
176
1
 90
2
176
1
 90
1
176
1
 90
2
176
1
 40
0.6
176
1
 40
30.0
176
1
 62
7
420
16777215
176
1
 90
1
176
1
 90
2
176
1
 62
7
176
1
 62
257
176
1
 90
2
176
1
 90
1
176
1
 40
1.0
176
1
 90
8
176
1
 62
257
176
1
 40
1.0
176
1
 90
1
176
1
 90
6
176
1
 90
2
176
1
 62
7
176
1
 90
3
176
1
 90
0
176
1
 90
0
176
1
290
0
176
1
 90
5
176
1
 40
0.0
176
1
 90
0
176
1
290
0
176
1
290
1
176
1
290
1
176
1
290
0
176
1
290
0
176
1
290
0
176
1
290
0
176
1
290
0
176
1
290
0
176
1
 90
50
176
1
 40
0.0
176
1
 40
1.0
176
1
 90
0
176
1
 62
18
420
0
176
1
 90
50
176
1
 90
3
176
1
 62
5
420
255
176
1
290
0
176
1
 90
50
176
1
 90
50
176
1
 90
50
176
1
290
0
176
1
 90
50
176
1
 62
256
176
0
 40
1.0
176
0
 90
2
176
1
  1
strokes_ogs.tif
176
1
290
0
176
1
 40
1.0
176
1
 40
1.0
176
1
  0
VISUALSTYLE
  5
1EF
102
{ACAD_REACTORS
330
EF
102
}
330
EF
100
AcDbVisualStyle
  2
Shades of Gray
 70
23
177
3
291
0
 70
58
 90
2
176
1
 90
2
176
1
 90
3
176
1
 90
0
176
1
 40
0.6
176
1
 40
30.0
176
1
 62
7
420
16777215
176
1
 90
2
176
1
 90
2
176
1
 62
7
176
1
 62
7
176
1
 90
1
176
1
 90
1
176
1
 40
40.0
176
1
 90
8
176
1
 62
7
176
1
 40
1.0
176
1
 90
1
176
1
 90
6
176
1
 90
2
176
1
 62
7
176
1
 90
3
176
1
 90
0
176
1
 90
0
176
1
290
0
176
1
 90
1
176
1
 40
0.0
176
1
 90
0
176
1
290
0
176
1
290
1
176
1
290
1
176
1
290
0
176
1
290
0
176
1
290
0
176
1
290
0
176
1
290
0
176
1
290
0
176
1
 90
50
176
1
 40
0.0
176
1
 40
1.0
176
1
 90
0
176
1
 62
18
420
0
176
1
 90
50
176
1
 90
3
176
1
 62
5
420
255
176
1
290
0
176
1
 90
50
176
1
 90
50
176
1
 90
50
176
1
290
0
176
1
 90
50
176
1
 62
256
176
0
 40
1.0
176
0
 90
2
176
1
  1
strokes_ogs.tif
176
1
290
0
176
1
 40
1.0
176
1
 40
1.0
176
1
  0
VISUALSTYLE
  5
1F0
102
{ACAD_REACTORS
330
EF
102
}
330
EF
100
AcDbVisualStyle
  2
Sketchy
 70
24
177
3
291
0
 70
58
 90
1
176
1
 90
2
176
1
 90
2
176
1
 90
0
176
1
 40
0.6
176
1
 40
30.0
176
1
 62
7
420
16777215
176
1
 90
2
176
1
 90
2
176
1
 62
7
176
1
 62
7
176
1
 90
1
176
1
 90
1
176
1
 40
40.0
176
1
 90
11
176
1
 62
7
176
1
 40
1.0
176
1
 90
1
176
1
 90
6
176
1
 90
2
176
1
 62
7
176
1
 90
6
176
1
 90
0
176
1
 90
0
176
1
290
0
176
1
 90
1
176
1
 40
0.0
176
1
 90
0
176
1
290
0
176
1
290
1
176
1
290
1
176
1
290
0
176
1
290
0
176
1
290
0
176
1
290
0
176
1
290
0
176
1
290
0
176
1
 90
50
176
1
 40
0.0
176
1
 40
1.0
176
1
 90
0
176
1
 62
18
420
0
176
1
 90
50
176
1
 90
3
176
1
 62
5
420
255
176
1
290
0
176
1
 90
50
176
1
 90
50
176
1
 90
50
176
1
290
0
176
1
 90
50
176
1
 62
256
176
0
 40
1.0
176
0
 90
2
176
1
  1
strokes_ogs.tif
176
1
290
0
176
1
 40
1.0
176
1
 40
1.0
176
1
  0
VISUALSTYLE
  5
FC
102
{ACAD_REACTORS
330
EF
102
}
330
EF
100
AcDbVisualStyle
  2
Thicken
 70
13
177
3
291
1
 70
58
 90
2
176
1
 90
2
176
1
 90
1
176
1
 90
0
176
1
 40
0.6
176
1
 40
30.0
176
1
 62
7
420
16777215
176
1
 90
1
176
1
 90
4
176
1
 62
7
176
1
 62
257
176
1
 90
1
176
1
 90
1
176
1
 40
1.0
176
1
 90
12
176
1
 62
7
176
1
 40
1.0
176
1
 90
1
176
1
 90
6
176
1
 90
2
176
1
 62
7
176
1
 90
5
176
1
 90
0
176
1
 90
0
176
1
290
0
176
1
 90
1
176
1
 40
0.0
176
1
 90
0
176
1
290
0
176
1
290
1
176
1
290
1
176
1
290
0
176
1
290
0
176
1
290
0
176
1
290
0
176
1
290
0
176
1
290
0
176
1
 90
50
176
1
 40
0.0
176
1
 40
1.0
176
1
 90
0
176
1
 62
18
420
0
176
1
 90
50
176
1
 90
3
176
1
 62
5
420
255
176
1
290
0
176
1
 90
50
176
1
 90
50
176
1
 90
50
176
1
290
0
176
1
 90
50
176
1
 62
256
176
0
 40
1.0
176
0
 90
2
176
1
  1
strokes_ogs.tif
176
1
290
0
176
1
 40
1.0
176
1
 40
1.0
176
1
  0
VISUALSTYLE
  5
F6
102
{ACAD_REACTORS
330
EF
102
}
330
EF
100
AcDbVisualStyle
  2
Wireframe
 70
5
177
3
291
0
 70
58
 90
0
176
1
 90
2
176
1
 90
0
176
1
 90
0
176
1
 40
0.6
176
1
 40
30.0
176
1
 62
7
420
16777215
176
1
 90
1
176
1
 90
4
176
1
 62
7
176
1
 62
257
176
1
 90
1
176
1
 90
1
176
1
 40
1.0
176
1
 90
0
176
1
 62
257
176
1
 40
1.0
176
1
 90
1
176
1
 90
6
176
1
 90
2
176
1
 62
7
176
1
 90
3
176
1
 90
0
176
1
 90
0
176
1
290
0
176
1
 90
1
176
1
 40
0.0
176
1
 90
0
176
1
290
0
176
1
290
1
176
1
290
1
176
1
290
0
176
1
290
0
176
1
290
0
176
1
290
0
176
1
290
0
176
1
290
0
176
1
 90
50
176
1
 40
0.0
176
1
 40
1.0
176
1
 90
0
176
1
 62
18
420
0
176
1
 90
50
176
1
 90
3
176
1
 62
5
420
255
176
1
290
0
176
1
 90
50
176
1
 90
50
176
1
 90
50
176
1
290
0
176
1
 90
50
176
1
 62
256
176
0
 40
1.0
176
0
 90
2
176
1
  1
strokes_ogs.tif
176
1
290
0
176
1
 40
1.0
176
1
 40
1.0
176
1
  0
VISUALSTYLE
  5
1F1
102
{ACAD_REACTORS
330
EF
102
}
330
EF
100
AcDbVisualStyle
  2
X-Ray
 70
25
177
3
291
0
 70
58
 90
2
176
1
 90
2
176
1
 90
1
176
1
 90
1
176
1
 40
0.5
176
1
 40
30.0
176
1
 62
7
420
16777215
176
1
 90
1
176
1
 90
0
176
1
 62
7
176
1
 62
257
176
1
 90
1
176
1
 90
1
176
1
 40
1.0
176
1
 90
8
176
1
 62
7
176
1
 40
1.0
176
1
 90
1
176
1
 90
6
176
1
 90
2
176
1
 62
7
176
1
 90
3
176
1
 90
0
176
1
 90
0
176
1
290
0
176
1
 90
13
176
1
 40
0.0
176
1
 90
0
176
1
290
0
176
1
290
1
176
1
290
1
176
1
290
0
176
1
290
0
176
1
290
0
176
1
290
0
176
1
290
0
176
1
290
0
176
1
 90
50
176
1
 40
0.0
176
1
 40
1.0
176
1
 90
0
176
1
 62
18
420
0
176
1
 90
50
176
1
 90
3
176
1
 62
5
420
255
176
1
290
0
176
1
 90
50
176
1
 90
50
176
1
 90
50
176
1
290
0
176
1
 90
50
176
1
 62
256
176
0
 40
1.0
176
0
 90
2
176
1
  1
strokes_ogs.tif
176
1
290
0
176
1
 40
1.0
176
1
 40
1.0
176
1
  0
DICTIONARYVAR
  5
146
102
{ACAD_REACTORS
330
5E
102
}
330
5E
100
DictionaryVariables
280
0
  1
1:1
  0
DICTIONARYVAR
  5
259
102
{ACAD_REACTORS
330
5E
102
}
330
5E
100
DictionaryVariables
280
0
  1
3.500000
  0
DICTIONARYVAR
  5
25A
102
{ACAD_REACTORS
330
5E
102
}
330
5E
100
DictionaryVariables
280
0
  1
acadiso.lin
  0
DICTIONARYVAR
  5
145
102
{ACAD_REACTORS
330
5E
102
}
330
5E
100
DictionaryVariables
280
0
  1
STANDARD
  0
DICTIONARYVAR
  5
84
102
{ACAD_REACTORS
330
5E
102
}
330
5E
100
DictionaryVariables
280
0
  1
STANDARD
  0
DICTIONARYVAR
  5
227
102
{ACAD_REACTORS
330
5E
102
}
330
5E
100
DictionaryVariables
280
0
  1
Metric50
  0
DICTIONARYVAR
  5
228
102
{ACAD_REACTORS
330
5E
102
}
330
5E
100
DictionaryVariables
280
0
  1
Metric50
  0
DICTIONARYVAR
  5
5F
102
{ACAD_REACTORS
330
5E
102
}
330
5E
100
DictionaryVariables
280
0
  1
2
  0
DICTIONARYVAR
  5
63
102
{ACAD_REACTORS
330
5E
102
}
330
5E
100
DictionaryVariables
280
0
  1
1
  0
DICTIONARYVAR
  5
1AE
102
{ACAD_REACTORS
330
5E
102
}
330
5E
100
DictionaryVariables
280
0
  1
0
  0
DICTIONARYVAR
  5
1AF
102
{ACAD_REACTORS
330
5E
102
}
330
5E
100
DictionaryVariables
280
0
  1
0
  0
DICTIONARY
  5
205
330
22
100
AcDbDictionary
280
1
281
1
  0
DICTIONARY
  5
1F9
330
ED
100
AcDbDictionary
280
1
281
1
  3
FBXASSET
360
1FA
  0
DICTIONARY
  5
1F7
330
EC
100
AcDbDictionary
280
1
281
1
  3
FBXASSET
360
1F8
  0
DICTIONARY
  5
173
330
EE
100
AcDbDictionary
280
1
281
1
  3
BUMPTILE
360
175
  3
DIFFUSETILE
360
174
  3
FBXASSET
360
1FB
  3
OPACITYTILE
360
176
  3
REFLECTIONTILE
360
177
  0
DICTIONARY
  5
162
330
7F
100
AcDbDictionary
280
1
281
1
  3
ACAD_ROUNDTRIP_2008_TABLESTYLE_CELLSTYLEMAP
360
CF5
  0
XRECORD
  5
1FA
102
{ACAD_REACTORS
330
1F9
102
}
330
1F9
100
AcDbXrecord
280
1
 70
1
 90
429727718
  1
D62C5603-E3A1-4AEA-B7FB-FE5D8D0755AF
310
504B03040A0000080000CC70623B3DEE336E79000000790000001B0000006175746F6465736B2D64657369676E2D7061636B6167652E786D6C3C3F786D6C2076657273696F6E3D22312E302220656E636F64696E673D227574662D3822203F3E3C666F726D6174733E3C666F726D61743E687474703A2F2F736368656D612E
310
6175746F6465736B2E636F6D2F64657369676E2D7061636B6167652F323030393C2F666F726D61743E3C2F666F726D6174733E504B0304140006080800CC70623BD486FD9CA0000000F4000000130000005B436F6E74656E745F54797065735D2E786D6C7D8EC10E82300C865F65E91D8A1E8C310C0EEA1BF002731658846E
310
D98AC1B77784ABF1D8FE5FBFBF75BBCE937A534CCEB38643598122B6FEE978D0B0485F9C41B54DDD7D022595594E1A469170414C76A4D9A4D207E29CF43ECE46F218070CC6BECC4078ACAA135ACF422C856C0E68EA1BF5669944DDD7BCDE7B1F8E415D77AECB980613C2E4AC91FC167A2B244592486606FC29C8FD7F045B9A
310
EF7053A7E60B504B0304140006080800CC70623B853B8169EB0000007C01000008000000636F72652E786D6C8D90416EC3201045AF62CDB6C206821CC7C244919D9CA01740401C94182C03558F5F9C3852BBEB6A467FFE9B197D7EFC9E1EC5975982F5AE035262288C535E5B377690E21535501C055FBC8FBF6C503839990E
310
5619041F179FE64D52DE45E362569DD7661365082642A11EB9E920A89B99642953CC8E702F67A9EE7234257977194EC9EAE275C4EABCCF5EAD5940D4AC6F0E35A568B8F43562CD7046CD199FD07E60174276A7BE677B5EADB0E0D14EEFFB6A31321A0D82627C4084204C3F096B71DD52F6819B16635EADF63F509AF53FA164
310
5DDCD1EDDD17164090FCC8732078B56691CB33A85CD7DCC40F504B0304140006080800CC70623B55019EA25F0000007C00000007000000636E782E786D6C4DCB3B0E80201045D1AD90E915ED2CF8AC45050C11660C8261F98AB1B07AC9C97D42D718D865D3E909258CFD00CCE24AC6E326A164D74DC0B4128928FF32603847
310
2BA13128B1252AC747C6BAB984FC68F0B87FE8960A5C09FE86CFB69FBA01504B0304140006080800CC70623BDBABAAF470010000D40300000C0000006662782F636F72652E786D6CC553D16E823014FD95A6AF4B694182CC941A83FA05FB810A9511A125A5257EFE2E82712ECEB8A7F100CD39F7F69E734AF9FADC366850B6
310
AF8DCE7018308C942E4C59EB2AC3DE1D498AD15A706B8CFB56869196ADCAF00863C12B6B7C374385D14E6907A836A59A41D9F7CA615434B0C8705F7CAA5606D23BA8E84F41278B93AC54100640439DE0BDB320004D43C63716C7C399D30917DCFBBA9CD9BA8469F5B156168B24CED3F7248AC8769F27244EB73B92EED8862C
310
B7F13E0C179B3C8F979C8ECD82BBBABDAA2BAC924E9558448CBD9330242CFA08E3154B5651FCC6D215639C8EE5774DBE2B5F6CF2B5768B68963BB5F5588420E442FC700B1139D4CB01F450C1E918227C2E09DF070D8140C84E1E9AAB8F1340832A9CB13130A5F1376A908D57309505ECF2A0DF179C4E9D30F5B239B87E3823
310
7A79C6F31DE1A8A5AEC08474B03C7837EAE4938639B44E5932B833D2C6B6B279CDC613877FA26EE21F4A2A4C63EC7F29A2F301D1F9F7A0E37D145F504B0304140006080800CC70623B9C113CC27E0000009D0000000B0000006662782F636E782E786D6C4DCCDF0A83201C86E15B91DFB94BFB330DD428C8FB886521330DA7
310
6397BF1A1DECE883878F57749FCDA1B7892F1BBC047A23808C7F84D9FA55424E0BE6803A256208E9EF06C84F9B91703228B1C690F78B66B34CD9A5439DF5CF0BFBF65E35BCA1B8D6A5C6F540381E886698B5741C695F9503EBA150A2F8958E3DC3EA0B504B0304140006080800CC70623B7DF2F77C2A010000120200003100
310
00006662782F41393633353835312D344632462D344230382D423046372D3739314545314133324237412F636F72652E786D6C8D51DB8EC22014FC15C2939B0D2DB4B45643319AE817EC0F6041255A68B86CFCFC856D4D76DF7CE190393373060EDB3DC707F856CE6B6B7A480A0C81328395DA5C7B18C3057510EC3873D686
310
3F34088C18550F330C39BB3A1BA7051AAC09CA84841A2BD5020AEF55806078A44B0FFD7053A328440C89E1EFC52486BBB8AA8214A99D789CF9E05200300FC927E4FB4D5B375D43103D5527440FB843077C5AA3F5861C8F645F5787F59E95B390B318B55CE45AA638FAA2957BD7248B390B7A7CC51F9C124149C82B8C378810
310
84AB2F42B7B8DD56F413775B8C5999E9FF4471926F8AA236A1AE96B8B3CC434E5839373893369E1FAF30EA395917409EB7F26AF8801C171837A4A6AC9C89E9F9C9B1A58BA30FD6A5EF5DDDCF894B9AD9B6A59C957943A9FCAE2FD5BC4DFE03504B0304140006080800CC70623BAD7543B64E01000033030000300000006662
310
782F41393633353835312D344632462D344230382D423046372D3739314545314133324237412F636E782E786D6CD593CD6EC32010845F0571AD6CE3D48AD20813A9873E410FBD12D82434182C7EAAE6EDBB2424CD25871E7B41D6EC30B3FA84F9E67BB2E40B4234DE8DB46F1925E094D7C6ED479AD3AE5951B2113C789FEE
310
6C943839C1488B4C05DF079FE72A69D8C96C13AAD6B8631503449F83828872B949AC57D26200B826A308D316B4064D6E46FCDA41C05550DC9E483A00797BFD207EFB092A45DE9514C1BBD22178396BD39D891265658C238DEA00936C654E5E433CB65A26D9F6EDB5EBC14EBF49A45CB856E66048291F6939A9A81BB5C89177
310
38143CA680F4AA299D66A042CEB3354A2684DC9D8D178FE0D9B8B41CAAD720F880EE7EF93C0C18769E099ECC04D5A102C8049A8A05632F4DDF376CF1DE0F6BB65C2F8627B65A33C6BB62177CEBBDAD973006829F89F22E814B54F4BC2BE347F8AA8F681390B50FA73F804400B5F542E796F19FF974E7F78DB802FE05E20750
310
4B0304140006080800CC70623BE75B7789680500003C100000340000006662782F41393633353835312D344632462D344230382D423046372D3739314545314133324237412F6F626A656374732E786D6CAD575B8F9B3818FD2B887D06C22499CB8AA1CA655245D5B455A356FB305264C061D8018C6C3393D95FBFC7600890
310
A4CD5EF210B0B1BFEBF98E3F7B1FF6596ABC522E1296DF9BAE3D320D9A872C4AF2F8DE2CE5CEBA358D0FBEC719939D65A691938CDE9B6ADAF4BD98B3B2D05311DD91329583D9D5FC0F438434A7A611A644887B5384CF34233629258BA878B12322891DEFF6B66BD70BFB62634E8AE781D082709A4B588AF91C528CDA28B73F
310
1C998EEF39EABBEFA97FBD6A7C7E9553F9D3D79FE442923C3C523610337627CB87ABE99D359D4CC6D6E4FACAB5E6ABF9D2726FC6A3C5F56271377BB88362213924694B38DD99FE47C48627A1E7D49F5A8BB5E1A74C0A599ED3B0F21F1E56366B89112D681E218F0915D0D6F17AD41FBA2A369DCF6335D62ABBD39779D5DDD1
310
11D4D8DE3CBB96B2E04FB8202E41051754A1AA8E8F76B4C6DFE810B580B1547F4B84911149794252234D024EF8BBE963A95AE27B3D310A9D5C215C7960FAEE415ED75694C6AFB17BCACA5D99A60A9AA65F217B0BFC53292ACB92BF283FAD0D3621576592CB5BED907C2FA8E9DF794E35E97BEA31BED21FEB401ABB94C44839
310
DCACBF0E1C5DA8DA5B2F4DFFD32AD86F543D9E565E7056502E157C00AD2671CD534549AB752FCA9CDA00677A313F04E51B22FF19E57B300579E3C97EB29F682D92935CEC18CF901B7B54FD8C51F362B56FC72FE0B3C1EAE335EDCCBF5AEC39ADB17DC238973F804BA5E6F6BFE7AF1FB32E523BE9F3BD571418E3631DCA4D48
310
5250CF639223210A9446CA30052EDF057BD35F8329C1ECD84552BF0DC8D18BE7BCE23BFE6BD960AB4A7DE79923A103BEBD80F911CBAA2C60DB19B01CF164A5583B772EE6D3FFA56666CBCDA74DC97724A48F9A58967497E489C4D979006FD7A05E227A1EBDD0F737C623387A9C844D3709995625106D157315F8B8392CD4E0
310
A0B9A720C4BE9829CEF37EA1E13111214D53925356365ADA634861B52519DD27A00AEB808EAF0628E6F435519D446F45CF2C9CF5214F0A15B2F6D06B79DA3EE3CBF7F56780D2F4E7EF73A0F5E5B02A38D07DC852C6B7C1FBB6664213E0C39E3EBA7FF4E1AD23EA2829407C85E586727488B751B2DB9502BC7B228A3FD68B6E
310
A65A22397E690AA8D158D7E404EC8CDA235CC3B7D1898680131CEC2CDF2638C65196279577750F15884AEE19F94199155B92B13297978469D4F8D358DF0AEF7631E28DC8F0D9F437D5D39A83B2231A1D52D543813A824EF8D44BCFF2FA6A31BD1E8DAD87F1CCB526B3879935BF59CDADD5C37479BB1CDD4CA7B3556B516589
310
EF352754B706114D9C885EC9131DE6EFEB43D99AFE2391C2F958179413D7CFEF6B1B6DB1E7600F00DE6E5C67454A339A4BA2E0FBA85ED26F045D454F463DBFCE484C2F90F2E5E3666003662ED8F755951A7D1BECD5B30B550B2785C8E7320B7292A4838DDA71BBC863ED7613CAF659337A3354231D4FF4A182A54904C2898C
310
98B28C4AD0CE056CCF332A80986E571EE9DBC305BB5FEB7E509220A58D25CF042D712A806AC0AD0C657FDEF80D2D9CEAA2EE4D1C76F60BFE74219A06527D6F82DF6412526107381E55E353090704D085B52408A8913C4ED159D79BDA71BB4BC506F4831350EB6F975CD22D69BF7AC49B91A2C0A9DDA3D5CA36AD20FC478E37
310
E61844E2352865EBCB61A275A65283CAAA9DD27703B4102F5AF51EF5F573B75CBB5AD38BC845F7A49F82A0966A49C2E3EA5EA0ECD326CD965F1DB402C6FA8B51A4658C5C5E2EC9E214602E55810345408596591009A82E7E7FFACA19EEA299B14A0081A705CB3296EBC14CDF658DCD336EA6D1136881AAEB87B81AB9EE53D5
310
F5EB8BC8362082DA24122F98680A4E7930C01A0079749CEA14382A0783E5EBA5A10F8C098456A03D6A4AEB6BB881E2513747552A5DB22C7EDAF83BD5528081A365F7FF06504B0304140006080000CC70623B000000000000000000000000350000006662782F41393633353835312D344632462D344230382D423046372D37
310
39314545314133324237412F76657274696365732E62696E504B0304140006080800CC70623BF270F1330600000004000000360000006662782F41393633353835312D344632462D344230382D423046372D3739314545314133324237412F747269616E676C65732E62696E636660600000504B0304140006080000CC7062
310
3B000000000000000000000000370000006662782F41393633353835312D344632462D344230382D423046372D3739314545314133324237412F617474726962757465732E62696E504B0304140006080800CC70623B08DA0BD19000000041010000360000006662782F41393633353835312D344632462D344230382D4230
310
46372D3739314545314133324237412F6469726563746F72792E786D6C858F410AC3201045AF22B36F53E9A60B35CBEEBAE80D244E44489C6234F4F835464A48035D0DF398FF9F8AF63D0E6CC63039F212F8F9020C7D47C6792B21C5FE7403D62A1188E2E60C98D7234A5830286103A55745067B9D86B8A3CF9C7F90C11DE6
310
07FB144396D7B6A82D282E9A152AD114D5EF2CB866EEE831B8EEA07A7BB5A8D7D61A2BAAEB7FD5F70921FF497D00504B0304140006080800CC70623BEDD1DC58FD000000A00100003B0000006662782F41393633353835312D344632462D344230382D423046372D3739314545314133324237412F7265736F75726365732F
310
636F72652E786D6C8D504B6E833010BD0A9A6D65B00922041947112427E8052C33A156828DFCA97AFC9A40A576D7CDCCE87D344F8F9FBFE667F689CE6B6B3A6039850C8DB2A336530731DC4903D95970676DF82583CCC8193B5861107C72362E3BA4AC096842428D1D7107A5F7182053CF7474E0D507CE32973124857FE48B
310
540F3961CEF244279DE03EB81420DB9EAC1384436FA353E879B1B182C7A8C75DA3C7F453DF353A1075D537A7BA6464B8F535A99AE14A9A2BBD90E350DD183B5CFABE3AF262350B1EF4FC9351399401471025A527C218A1E53BAB5A5AB765F5469B96525EACF23FA6B88CFF34456DC2A1DCE36E360F82A5202F42F062ED2BAD
310
579969AFDD8A6F504B010214000A0000080000CC70623B3DEE336E79000000790000001B00000000000000000000000000000000006175746F6465736B2D64657369676E2D7061636B6167652E786D6C504B01021400140006080800CC70623BD486FD9CA0000000F40000001300000000000000000000000000B20000005B
310
436F6E74656E745F54797065735D2E786D6C504B01021400140006080800CC70623B853B8169EB0000007C010000080000000000000000000000000083010000636F72652E786D6C504B01021400140006080800CC70623B55019EA25F0000007C000000070000000000000000000000000094020000636E782E786D6C504B
310
01021400140006080800CC70623BDBABAAF470010000D40300000C00000000000000000000000000180300006662782F636F72652E786D6C504B01021400140006080800CC70623B9C113CC27E0000009D0000000B00000000000000000000000000B20400006662782F636E782E786D6C504B01021400140006080800CC70
310
623B7DF2F77C2A010000120200003100000000000000000000000000590500006662782F41393633353835312D344632462D344230382D423046372D3739314545314133324237412F636F72652E786D6C504B01021400140006080800CC70623BAD7543B64E010000330300003000000000000000000000000000D2060000
310
6662782F41393633353835312D344632462D344230382D423046372D3739314545314133324237412F636E782E786D6C504B01021400140006080800CC70623BE75B7789680500003C10000034000000000000000000000000006E0800006662782F41393633353835312D344632462D344230382D423046372D3739314545
310
314133324237412F6F626A656374732E786D6C504B01021400140006080000CC70623B0000000000000000000000003500000000000000000000000000280E00006662782F41393633353835312D344632462D344230382D423046372D3739314545314133324237412F76657274696365732E62696E504B01021400140006
310
080800CC70623BF270F133060000000400000036000000000000000000000000007B0E00006662782F41393633353835312D344632462D344230382D423046372D3739314545314133324237412F747269616E676C65732E62696E504B01021400140006080000CC70623B0000000000000000000000003700000000000000
310
000000000000D50E00006662782F41393633353835312D344632462D344230382D423046372D3739314545314133324237412F617474726962757465732E62696E504B01021400140006080800CC70623B08DA0BD1900000004101000036000000000000000000000000002A0F00006662782F41393633353835312D344632
310
462D344230382D423046372D3739314545314133324237412F6469726563746F72792E786D6C504B01021400140006080800CC70623BEDD1DC58FD000000A00100003B000000000000000000000000000E1000006662782F41393633353835312D344632462D344230382D423046372D3739314545314133324237412F7265
310
736F75726365732F636F72652E786D6C504B0506000000000E000E0080040000641100000000
  0
XRECORD
  5
1F8
102
{ACAD_REACTORS
330
1F7
102
}
330
1F7
100
AcDbXrecord
280
1
 70
1
 90
429727718
  1
30362254-06B7-45E0-A893-8CFA70E3D6BC
310
504B03040A0000080000CC70623B3DEE336E79000000790000001B0000006175746F6465736B2D64657369676E2D7061636B6167652E786D6C3C3F786D6C2076657273696F6E3D22312E302220656E636F64696E673D227574662D3822203F3E3C666F726D6174733E3C666F726D61743E687474703A2F2F736368656D612E
310
6175746F6465736B2E636F6D2F64657369676E2D7061636B6167652F323030393C2F666F726D61743E3C2F666F726D6174733E504B0304140006080800CC70623BD486FD9CA0000000F4000000130000005B436F6E74656E745F54797065735D2E786D6C7D8EC10E82300C865F65E91D8A1E8C310C0EEA1BF002731658846E
310
D98AC1B77784ABF1D8FE5FBFBF75BBCE937A534CCEB38643598122B6FEE978D0B0485F9C41B54DDD7D022595594E1A469170414C76A4D9A4D207E29CF43ECE46F218070CC6BECC4078ACAA135ACF422C856C0E68EA1BF5669944DDD7BCDE7B1F8E415D77AECB980613C2E4AC91FC167A2B244592486606FC29C8FD7F045B9A
310
EF7053A7E60B504B0304140006080800CC70623B1EC5D7A3EB0000007C01000008000000636F72652E786D6C8D90416EC3201045AF82665B6103C6756C6122AB4D4ED00B204C5C94182C03558F5F9C3852BBEB6A467FFE9B197D71FC9E6FE8CBACC17AD7032D0820E3B41FAD9B7A48F1820F808E52ACDEC75F36404ECDA687
310
4D0629A6D5A76597B477D1B89855E747B38B2A041301E95B6E7A08FAD3CCAA50296647B8168BD2573599823EBB0CA76447F43862C7BCCF5EAC59410E4DDD9C7973C2755553CCCFA4C603E3040F1565ED3B1FDE4E432BCA0D9622DAF9795FAF464533826484B498524CD807E51D79ED187F21878E10516EF63F505AC67F42C9
310
BA58B1FDDD071640D2FCC87D2045B96591CB3DA85CB7DCE40F504B0304140006080800CC70623B55019EA25F0000007C00000007000000636E782E786D6C4DCB3B0E80201045D1AD90E915ED2CF8AC45050C11660C8261F98AB1B07AC9C97D42D718D865D3E909258CFD00CCE24AC6E326A164D74DC0B4128928FF32603847
310
2BA13128B1252AC747C6BAB984FC68F0B87FE8960A5C09FE86CFB69FBA01504B0304140006080800CC70623B8C9102E971010000D40300000C0000006662782F636F72652E786D6CC5535B6E833010BC8AE5DF0A6C08340F1947A84D4ED00B38C6A128602363A31CBFCB234A53A551FA553EC09AD9F5CE8C31DB9E9B1AF5CA
310
7695D1198E428A91D2D214952E33ECDD315861B4E5CC1AE3BE9561A445A3323CC098B3D21ADFCE9034DA29ED00D5A6503328BA4E398C640D8B0C77F253352214DE4145770A5B214FA2546114020D759C75CE8200340D19DE981F0F6746269C33EFAB6266AB02A655C74A59CCF365BADC27CB5D902ED22848F6340DF238A141
310
BE88E2F57B92BFEDF23523433367AE6A2EEAA455C2A902F398D2751045018D3FA264435F3771F242571B4A1919CA6F9A7C5B3CD9E42BED16F12C776AEB308F40C848FC700B1139D4891EF410CEC810227CC6846F8386402064270EF5C5C709A05E49676C024C61FC95EA45ED154CA5211D1FF4FB8291A913A68E9B83EBBB33
310
E2A7673CDE118E5AE8124C0807CB8377834E366998436B950D7A7746DAD846D4CFD978E0F04FD455FC5D49D2D4C6FE9722321F10997F0F32DC47FE05504B0304140006080800CC70623BFFEA85907E0000009D0000000B0000006662782F636E782E786D6C4DCCD10A83201886E15B91FFDC95D95A811AB6F23E625948A6C3
310
E9D8E5AF46073BFAE0E1E365ED67B3E8ADC3CB78C7815C7240DA3DFC64DCC221C519D7805AC182F7F1EF06C88D9BE6703008B6049F9E274D7A1E938DBB5AE3D6131B2589BA0D3D965551E0B2EA732C9B9A624AAEB41E3A557677029960D9AFB4EF11165F504B0304140006080800CC70623B4FEEA4082C0100001202000031
310
0000006662782F39464131463745442D413632322D343644302D413938332D3331353338454246344243312F636F72652E786D6C8D515B6EC32010BC0AE2AB55850DD871ED0813254D72825EC00192A2C460F1A872FC42ED48ED5F7E00CDCECCCEB26C731F6FE05B39AFADE921293004CA082BB5B9F43086336A21D870E6AC
310
0D7F68109861543DCC30E4ECE26C9C164858139409093556AA051CBC570102714B8F1E7AF1A5C6A11862480C7F2DA6415C878B2A4891CA89C7990F2E050073937C42DE1DB7E4F87ED8A36D4329AA9B3D46DBAEAD504556557BD81DEBDD0761E52CE42C462D17B996298E3E6BE59E35C962CE821E1FF18553435012728A7187
310
0841987E927A8D9B35ADDF70BBC6989599FE4F1427F9A4286A132ABAC49D651EF234CD5CE04CDA78BA3DC2A8FB645D00B9DF8B57E215725C60BCA2A463E54C4CE327C7A65E1C7DB02E7DEFCBF594B864C5CA6CDBD49C957943E9FA5D5FBAF336F90F504B0304140006080800CC70623BAD7543B64E01000033030000300000
310
006662782F39464131463745442D413632322D343644302D413938332D3331353338454246344243312F636E782E786D6CD593CD6EC32010845F0571AD6CE3D48AD20813A9873E410FBD12D82434182C7EAAE6EDBB2424CD25871E7B41D6EC30B3FA84F9E67BB2E40B4234DE8DB46F1925E094D7C6ED479AD3AE5951B2113C
310
789FEE6C943839C1488B4C05DF079FE72A69D8C96C13AAD6B8631503449F83828872B949AC57D26200B826A308D316B4064D6E46FCDA41C05550DC9E483A00797BFD207EFB092A45DE9514C1BBD22178396BD39D891265658C238DEA00936C654E5E433CB65A26D9F6EDB5EBC14EBF49A45CB856E66048291F6939A9A81BB5
310
C8917738143CA680F4AA299D66A042CEB3354A2684DC9D8D178FE0D9B8B41CAAD720F880EE7EF93C0C18769E099ECC04D5A102C8049A8A05632F4DDF376CF1DE0F6BB65C2F8627B65A33C6BB62177CEBBDAD973006829F89F22E814B54F4BC2BE347F8AA8F681390B50FA73F804400B5F542E796F19FF974E7F78DB802FE05
310
E207504B0304140006080800CC70623B16AB87BA640500003C100000340000006662782F39464131463745442D413632322D343644302D413938332D3331353338454246344243312F6F626A656374732E786D6CAD575B6FA33818FD2B887DE6924B3BED8A326A92B68A663B534DD4D13E548A0C38942D60649B369D5FBFC7
310
600890A493BDE42160637FD7F31D7FF63E6FB3D478A55C242CBF3247B66B1A340F5994E4F19559CA8D75611A9F7D8F33263BCB4C232719BD32D5B4E97B316765A1A722BA21652A07B3B7B33F0D11D29C9A46981221AE4C113ED38CD8A4942CA2E2C58E882476BCD9DA23BB5ED8171B73523C0F841684D35CC252CCE79062D4
310
468DFA43D7747CCF51DF7D4FFDEB5593E3AB9CCA9FBEFE241792E4E19EB28198C968BAB8199F5D5A67D3E9C49A9E8F47D6EC76B6B0469F26EEFC7C3EBFBCBEB98462213924694B38DD98FE1D62C393D073EA4FADC5DAF04326852CCF6958F90F0F2B9BB5C48816348F90C7840A68EB78EDF68723159BCEE7891A6B95DDE9D3
310
BCEAEEE8086A6C6F9E5D4B59F0175C10A7A0820BAA5055C7473B5AE3CFDD452D602CD5DF12616444529E90D448938013FE6EFA58AA96F85E4F8C42275708571E98FE6827AF6B2B4AE3D7D83D64E5A64C53054DD3AF90BD06FEA9149565C94FCA0F6B834DC85599E4F2423B24DF0B6AFA979E534DFA9E7A4CC6FA631D486393
310
921829879BF5D781A373557BCB85E97FB90DB62B558F8795179C15944B051F40AB495CF35451D26A4727654E6D8033BD98EF82F21D91FF8AF2DD9982BCF1643BDD4EB516C9492E368C67C88DED563FC36D5EACF66DFF057C3658BDBFA69DF9578B3DA735B64F18C7F20770A9D45CFCF7FCF563D6456A277DBEF78A02637CA2
310
43B90A490AEAB94F72244481D24819A6C0E59B606BFA4B3025981DBB48EAB701D97BF19C577CC77F2D1B6C55A9EF3C732474C0B727303F625995056C3B02963D9EAC146BE78EC5FCEC7FA999EBC5EACBAAE41B12D27B4D2C0BBA49F244E2ECDC81B76B502F113D8F5EE8FB1BE3111CDD4FC2AA9B844CAB1288B68AB90A7CDC
310
1C166AB0D3DC5310625FCC14E779BFD0709F8890A629C9292B1B2DED31A4B0DA928CEE135085754027E3018A397D4D5427D15BD1330B677DC8934285AC3DF45A9EB68FF8F2B8FC0A509AFEECFD0FF2DE25CC6047F7214B195F07EFEB9A094D800F7BFAE8FED187B78EA8A3A400F115961BCAD1215E47C966530AF0EE8128FE
310
58CEBB996A8964FFA529A046635D9353B0336A8F700DDF46271A024E70B0B37C9DE01847591E54DED53D54202AB947E4076556AC49C6CA5C9E1226B7F1A7B1BE15DEED62C41B91E1B3E9AFAAA735036547343A925075041DF0A9979E893B391F8FCFA6967B3EFB644DCF6E5CEBFAE272625DCC6FAF3FB93793C5F90CE1EF57
310
407342756B10D1C489E8953CD1617E5CEECAD6F4EF8914CE5D5D504E5C3F1F9736DA62CFC11E00BCDDB8CC8A9466349744C1F75EBDA4DF09BA8A9E8C7A7E9991989E20E5DBDD6A6003664ED8F7A04A8DBE0DF6EAD9B9AA858342E47399053949D2C146EDB85DE4B176BB0965FBAC19BD19AA918E27FA50C1D22402E144464C
310
59462568E704B6E71915404CB72B8FF4EDE184DDAF753F284990D2C6926782963815403548A70C657FDEF80D2D9CEAA2AE4C1C76F60BFE74219A06527D6582DF6412526107381E55E353090704D085B52408D0933C4ED159D79BDA71BB4BC506F4831350EB6F979CD22D69BF7AC49B91A2C0A9DDA3D5CA36AD20FC478E37E6
310
1844E2352865EBCB6EA275A652E3836BE04EFB400BF1A2556F515F1FBB35B2AB35BD889C744FFA1004B5544B121E57F70215746DD2F5E2C1412B602CBF19455AC6C8E5E9922C4E01E65215385004546899059180EAFCF7A707CE7017CD8CDB0410789AB32C63B91E5CEBBBACB17AC6CD347A022D5075FD106377347AAABA7E
310
7D11590744509B44E205134DC1290F06580320F78E537D3D73540E06CB970B431F185308AD40BBD794D6D77003C5A36E8EAA54BA64597CD8F83BD552A080A365F7FF06504B0304140006080000CC70623B000000000000000000000000350000006662782F39464131463745442D413632322D343644302D413938332D3331
310
353338454246344243312F76657274696365732E62696E504B0304140006080800CC70623BF270F1330600000004000000360000006662782F39464131463745442D413632322D343644302D413938332D3331353338454246344243312F747269616E676C65732E62696E636660600000504B0304140006080000CC70623B
310
000000000000000000000000370000006662782F39464131463745442D413632322D343644302D413938332D3331353338454246344243312F617474726962757465732E62696E504B0304140006080800CC70623B08DA0BD19000000041010000360000006662782F39464131463745442D413632322D343644302D413938
310
332D3331353338454246344243312F6469726563746F72792E786D6C858F410AC3201045AF22B36F53E9A60B35CBEEBAE80D244E44489C6234F4F835464A48035D0DF398FF9F8AF63D0E6CC63039F212F8F9020C7D47C6792B21C5FE7403D62A1188E2E60C98D7234A5830286103A55745067B9D86B8A3CF9C7F90C11DE607
310
FB144396D7B6A82D282E9A152AD114D5EF2CB866EEE831B8EEA07A7BB5A8D7D61A2BAAEB7FD5F70921FF497D00504B0304140006080800CC70623B0D6EF93BFE000000A00100003B0000006662782F39464131463745442D413632322D343644302D413938332D3331353338454246344243312F7265736F75726365732F63
310
6F72652E786D6C8D50596E833010BD0A9ADFCA60B334011947A8694ED00B586642AC041B79A97AFC9A40A5F6AF3F33A3B7689E1E3F7DCD8FEC139DD7D6F4C0720A191A65476DA61E62B892236427C19DB5E1970C322367EC618541F0C9D9B8EC90B226A009093576C41D94DE63804C3DD2D18357379C652E63480A7FCF17A9
310
EE72C29CE5894E3AC17D702940B63D59270887DE46A7D0F36263058F518FBB468FE9A7BE6A7420864373B8D4873369AA8691FA421B3294352543C5CAF65C0F6FEF43CB8BD52C78D0F34F46E550061C419494B6843142CB0F5677F4B52BEB177AEC28E5C52AFF638ACBF84F53D42654E51E77B379102C05791282176B5F693D
310
CB4C7BED567C03504B010214000A0000080000CC70623B3DEE336E79000000790000001B00000000000000000000000000000000006175746F6465736B2D64657369676E2D7061636B6167652E786D6C504B01021400140006080800CC70623BD486FD9CA0000000F40000001300000000000000000000000000B20000005B
310
436F6E74656E745F54797065735D2E786D6C504B01021400140006080800CC70623B1EC5D7A3EB0000007C010000080000000000000000000000000083010000636F72652E786D6C504B01021400140006080800CC70623B55019EA25F0000007C000000070000000000000000000000000094020000636E782E786D6C504B
310
01021400140006080800CC70623B8C9102E971010000D40300000C00000000000000000000000000180300006662782F636F72652E786D6C504B01021400140006080800CC70623BFFEA85907E0000009D0000000B00000000000000000000000000B30400006662782F636E782E786D6C504B01021400140006080800CC70
310
623B4FEEA4082C0100001202000031000000000000000000000000005A0500006662782F39464131463745442D413632322D343644302D413938332D3331353338454246344243312F636F72652E786D6C504B01021400140006080800CC70623BAD7543B64E010000330300003000000000000000000000000000D5060000
310
6662782F39464131463745442D413632322D343644302D413938332D3331353338454246344243312F636E782E786D6C504B01021400140006080800CC70623B16AB87BA640500003C1000003400000000000000000000000000710800006662782F39464131463745442D413632322D343644302D413938332D3331353338
310
454246344243312F6F626A656374732E786D6C504B01021400140006080000CC70623B0000000000000000000000003500000000000000000000000000270E00006662782F39464131463745442D413632322D343644302D413938332D3331353338454246344243312F76657274696365732E62696E504B01021400140006
310
080800CC70623BF270F133060000000400000036000000000000000000000000007A0E00006662782F39464131463745442D413632322D343644302D413938332D3331353338454246344243312F747269616E676C65732E62696E504B01021400140006080000CC70623B0000000000000000000000003700000000000000
310
000000000000D40E00006662782F39464131463745442D413632322D343644302D413938332D3331353338454246344243312F617474726962757465732E62696E504B01021400140006080800CC70623B08DA0BD190000000410100003600000000000000000000000000290F00006662782F39464131463745442D413632
310
322D343644302D413938332D3331353338454246344243312F6469726563746F72792E786D6C504B01021400140006080800CC70623B0D6EF93BFE000000A00100003B000000000000000000000000000D1000006662782F39464131463745442D413632322D343644302D413938332D3331353338454246344243312F7265
310
736F75726365732F636F72652E786D6C504B0506000000000E000E0080040000641100000000
  0
XRECORD
  5
175
102
{ACAD_REACTORS
330
173
102
}
330
173
100
AcDbXrecord
280
1
270
1
271
1
  0
XRECORD
  5
174
102
{ACAD_REACTORS
330
173
102
}
330
173
100
AcDbXrecord
280
1
270
1
271
1
  0
XRECORD
  5
1FB
102
{ACAD_REACTORS
330
173
102
}
330
173
100
AcDbXrecord
280
1
 70
0
 90
1673772943
  1
ECE7A1D2-D628-4531-984C-D00F80459256
310
504B03040A0000080000CC70623B3DEE336E79000000790000001B0000006175746F6465736B2D64657369676E2D7061636B6167652E786D6C3C3F786D6C2076657273696F6E3D22312E302220656E636F64696E673D227574662D3822203F3E3C666F726D6174733E3C666F726D61743E687474703A2F2F736368656D612E
310
6175746F6465736B2E636F6D2F64657369676E2D7061636B6167652F323030393C2F666F726D61743E3C2F666F726D6174733E504B0304140006080800CC70623BD486FD9CA0000000F4000000130000005B436F6E74656E745F54797065735D2E786D6C7D8EC10E82300C865F65E91D8A1E8C310C0EEA1BF002731658846E
310
D98AC1B77784ABF1D8FE5FBFBF75BBCE937A534CCEB38643598122B6FEE978D0B0485F9C41B54DDD7D022595594E1A469170414C76A4D9A4D207E29CF43ECE46F218070CC6BECC4078ACAA135ACF422C856C0E68EA1BF5669944DDD7BCDE7B1F8E415D77AECB980613C2E4AC91FC167A2B244592486606FC29C8FD7F045B9A
310
EF7053A7E60B504B0304140006080800CC70623BD9DDAED0EC0000007C01000008000000636F72652E786D6C8D90416EC3201045AF82665B61836D9CD8C2444DD39CA01740405C94182C03558F5F9C3852BBEB6A467FFE9B197D7EF89E6EE8CB2CC17A37002D0820E394D7D68D03A478C17B4007C117EFE32F1B20272733C0
310
2A83E0E3E2D3BC49CABB685CCCAAF3DA6CA20CC14440EA969B0182FA34932C648AD911AEC52CD5558EA6A0CF2EC329598D1E47ACCEFBECC59A050463A7EA5833865FEBDD0E37353BE3EE8DBDE3F6786A48D375FBF6CC78B9C282473B3DEFABC5C86834888A900E538A49F5419B9EB47DD5BC907D4F082F57FB1F28CDFA9F50
310
B22ED6D5F6EE030B20687EE43E10BC5CB3C8E51E54AE6B6EE207504B0304140006080800CC70623B55019EA25F0000007C00000007000000636E782E786D6C4DCB3B0E80201045D1AD90E915ED2CF8AC45050C11660C8261F98AB1B07AC9C97D42D718D865D3E909258CFD00CCE24AC6E326A164D74DC0B4128928FF326038
310
472BA13128B1252AC747C6BAB984FC68F0B87FE8960A5C09FE86CFB69FBA01504B0304140006080800CC70623BA24EB22D72010000D40300000C0000006662782F636F72652E786D6CC5535B6E833010BC8AE5DF0A6C5E49888CA3A6694ED00B38E05014B091B1518EDFE511A5A9D228FD2A1F60CDEC7A67C6986DCE4D8D7A
310
69BA4AAB0C073EC548AA5C17952A33ECECD15B61B4E1CC686DBF9561A44423333CC098B3D268D7CE50AE9595CA02AA74216750749DB418E5352C32DCE59FB211BE70162ABA93DF8AFC244AE9073ED050C759670D0840D390E18DF9F1706664C23973AE2A66B62A605A75ACA4C13C4976E1364A12EF355A2EBD384AF65EFA96
310
BC7B8BED2EA6719AAE16FB8491A199335B351775B991C2CA02F390D2D40B028F861F41BCA68B7518BFD0D59A524686F29B26D7164F36B94AD9289CE54E6D1DE6010819891F6E21228B3AD1831EC219194284CF98F06DD01008846CC5A1BEF83801D4CBDC6A1303536877A57A513B0953A94FC707FDBE6064EA84A9E3E6E0FA
310
EE8CF0E9198F7784A316AA0413C2C2F2E0ECA0934D1AE6D05A69BCDE9E91D2A611F573361E38FC1375157F5752AE6B6DFE4B11990F88CCBF0719EE23FF02504B0304140006080800CC70623B408A7D3B7C0000009D0000000B0000006662782F636E782E786D6C4DCCD10A83201886E15B91FFDC552A92A0064DBC8F581632
310
D3703A76F9ABD1C18E3E78F878E5F0D9027ABBFCF2292AE86E2D20171F69F6715550CB827B40839639A5F2770314A7CD293819B45C73AAFB45B35BA61ACAA1C1C7E7855C58C15BC331339661262CC762340413D68D77DA5B42298546CBE6573AF60CEB2F504B0304140006080800CC70623B449FB9BD290100001202000031
310
0000006662782F36394639363044362D344446342D343946362D394244322D3234314243333846323333332F636F72652E786D6C8D515B6EC32010BC0AE22B55850D98B871848994463E412FE002495162B07854397EA176A4F62F3F2C9A9D991D587EB84F37F0AD7D30CEF6905418026DA553C65E7A98E219ED203808EE9D
310
8B7F6810D871D23D2C3014FCE25D9A57483A1BB58D19B54EE9151C43D0110279CB971E06F9A5A7B11A53CC8C70ADE6515EC78BAE4895DB992778883E0700CB907242D17643D7E2538BD869608875438BBAE38922CAC8F1BDD90DB4691A5E2F42C153326A951B95E398B3D1FE599322163C9AE9115F7A3D46ADA0A018778810
310
84E907617BDCEE297BC5BB3DC6BC2EF47FA234AB2745C9D8D8D035EE220B50105E2F0DC1954B9FB747187D9F9D8FA0CCDB042D5FA0C015C65B42DF78BD10F3F3B363CB56C7109DCFDFBBB97E662ED92EB62D13BC2E1BCAE5777DB9966D8A1F504B0304140006080800CC70623BAD7543B64E01000033030000300000006662
310
782F36394639363044362D344446342D343946362D394244322D3234314243333846323333332F636E782E786D6CD593CD6EC32010845F0571AD6CE3D48AD20813A9873E410FBD12D82434182C7EAAE6EDBB2424CD25871E7B41D6EC30B3FA84F9E67BB2E40B4234DE8DB46F1925E094D7C6ED479AD3AE5951B2113C789FEE
310
6C943839C1488B4C05DF079FE72A69D8C96C13AAD6B8631503449F83828872B949AC57D26200B826A308D316B4064D6E46FCDA41C05550DC9E483A00797BFD207EFB092A45DE9514C1BBD22178396BD39D891265658C238DEA00936C654E5E433CB65A26D9F6EDB5EBC14EBF49A45CB856E66048291F6939A9A81BB5C89177
310
38143CA680F4AA299D66A042CEB3354A2684DC9D8D178FE0D9B8B41CAAD720F880EE7EF93C0C18769E099ECC04D5A102C8049A8A05632F4DDF376CF1DE0F6BB65C2F8627B65A33C6BB62177CEBBDAD973006829F89F22E814B54F4BC2BE347F8AA8F681390B50FA73F804400B5F542E796F19FF974E7F78DB802FE05E20750
310
4B0304140006080800CC70623B8D05915C650500003B100000340000006662782F36394639363044362D344446342D343946362D394244322D3234314243333846323333332F6F626A656374732E786D6CAD575B6FA33814FE2B887D06429276DA1565D4266D158D3A339A6846FB502932E050B66023DB74D2FDF5FB190C01
310
9276B2973C046C8ECFF53B17071F77456EBD502133CEAE6CDF9DD81665314F32965ED995DA3A17B6F5310C04E7AA47665B8C14F4CAD6DB7618A48257A5D94AE89654B91AEDDEDDFC61C998326A5B714EA4BCB265FC440BE2924AF184CA6737218AB8E976E7FA6E4338649B0A523E8D98964450A6A029F619B8588D52FE7039
310
B1BD30F0F4F730D0FF866AF6369557DB33949F31A9088B0F848DD8CCFCF9F2767A76E99CCDE733677E3EF59D9BBB9BA5E37F984D16E78BC5E5F5ED25044B25C0C96822E8D60EEFE11B91C581D77CEA34368A1F5329E68CD1B8B61F16D63A1B8E092D294B10C78C4A48EB593D192E7DED9BDEE7995E1B91FDEDD3ACEA9FE831
310
6A756F9F7D4D79F4274C90A7A04248AA51D5F8C718DAE06FB2F75AC4796EBE65D22A88A22223B995679120E2D50E41AA49C260C046A35368846B0BECD0DFF3EBEB8AD4F835768F69B9ADF25C43D30E6B646F807FAA64AD59F61715C7A54127C4AACA98BA3006A9D792DAE165E0D59B61A01FB3A9F9D838D2DAE62445C86166
310
F37564E842E7DE6A69879FEEA2DD5AE7E371E1A5E025154AC307D06A03D73EB5978C58FFA4C8E9033066E0F3BD53BEC1F39F91BE7B55103791EDE6BBB991A2046172CB4581D8B893FA674DDA17A77B3B7C413D1B511FD2743BFF8A38F03A658705E3ADF8015C3A3417FF3D7E439FF591DA0B5F18BC20C1B8981957AE6392A3
310
F43C640C01D1A0B4728E2DD4F26DB4B3C3152A252A3B4E913CEC1C72F012782FF88EFF8637AA552DBEF76408E8A8DE9E50F9E1CB3A2DA0DB1B6039A893B56063DC5B3E3FFB5F72E67AB9FEB4AEC496C4F4C1149625DD662C53E89D7BF0F6151A046260D1337DFDC94502430F83B0EE07A130A224BCAD7DAE1D9FB6CD422FF6
310
920702629C4BB9AE79C12F243C6432A6794E18E5552BA56B431AAB5D91317302B2B071E86C3A42B1A02F999E24061403B5D0EB639195DA655DD3EBEAB4FB862DDF579F014AD0E73C22F99E28DA57FB98E75C6CA2D74D53086D600F4786E0FE3144B771A8A7B900F03594DB8A633CBC49B2EDB69228BB479CF863B5E807AAAB
310
23872F6DFEB4129B949CA33823F58830E86D65621E10047D9DB34D862E8EAC3C2ABC2F7B2C40D67CDFE01F5545B92105AF983AC54D93D69E56FB8E797F88913F898A9FEC705D3F9D1B54EC8426FB500D40A03BD0119B06E1B95DDC7EB8F6975367793EBD70E66733DFB9BC982F9CE564727731999F5D4ECFCE3B8D6A4DC2A0
310
6D50FD148437D110834A64C6CDDF57FBACB5C307A2A477DFE4939736CFEF2B175371E0E10CF0DD1D5C15654E0BCA14D1E87DD02FF93782A162C0A3D95F1524A52770F972BF1EE9809D13CE7DD599467F8ECE9ADD85CE85A34CD45355448C64F9E8A031DC2D596ACC6E5DD93D9B82DE2EF5CAF81363A8E47996A0DE24564A79
310
4115AACE09C55E14540231FDA13C319787134EBF34E3A022514E5B4D9E0826E25C02D5805B15ABE1BEF51B26383D445DD9E875EE33FE4C22DA16427D65A3BCA92CA6D28DD01DF5DC53330704308475351050232CCD31583787BA75774AFB06E5070DD0C8EF484E19968C5D83BA5B90B244D31E54D55A372320FE4786B7EA58
310
44E135AA5467CB7EA333A61683CC6A8C3257034C10CF46F40EF9F5BE59BE5BD30C3C72D235E95D10345C1D45445A5F0BB47E46A5EBE5570F9380B5FA629579952296A773720405982B9DE04011506178964401AA8BDF1FBF0A8EAB6861DD6580C0E38217056766716DAEB2D6FA0917D3E4116581EADB879C4E7CFFB11EFACD
310
3D641311495D92C8676CB409A72D18610D803CE8A626049E8EC1887CB5B44CC39883690DDA8399B4B9855B481E7D71D4A9D22F96E5BB73BF5793020C02137BF837504B0304140006080000CC70623B000000000000000000000000350000006662782F36394639363044362D344446342D343946362D394244322D32343142
310
43333846323333332F76657274696365732E62696E504B0304140006080800CC70623BF270F1330600000004000000360000006662782F36394639363044362D344446342D343946362D394244322D3234314243333846323333332F747269616E676C65732E62696E636660600000504B0304140006080000CC70623B0000
310
00000000000000000000370000006662782F36394639363044362D344446342D343946362D394244322D3234314243333846323333332F617474726962757465732E62696E504B0304140006080800CC70623B08DA0BD19000000041010000360000006662782F36394639363044362D344446342D343946362D394244322D
310
3234314243333846323333332F6469726563746F72792E786D6C858F410AC3201045AF22B36F53E9A60B35CBEEBAE80D244E44489C6234F4F835464A48035D0DF398FF9F8AF63D0E6CC63039F212F8F9020C7D47C6792B21C5FE7403D62A1188E2E60C98D7234A5830286103A55745067B9D86B8A3CF9C7F90C11DE607FB14
310
4396D7B6A82D282E9A152AD114D5EF2CB866EEE831B8EEA07A7BB5A8D7D61A2BAAEB7FD5F70921FF497D00504B0304140006080800CC70623BCA768048FE000000A00100003B0000006662782F36394639363044362D344446342D343946362D394244322D3234314243333846323333332F7265736F75726365732F636F72
310
652E786D6C8D50596E833010BD0A9ADFCA60D600328E9AA639412F609909B1126CE4A5EAF16B0295DABFFECC8CDEA2797AECF8353F924FB44E193D409E5248504B332A3D0D10FC95B4901C39B3C6F85F3248B49871801506CE266BC2B243D2688FDA47549B11775038871E12F988C7004EDE7016A9083E2ADC3D5D84BC8B09
310
D33C8D74D471E6BC8D0192EDC93A815B742658898E651BCB59086ADC356A8C3FD555A1055ED7E7E254D615792D0F075295F585746FF53B694EE78A565DD736979A65AB9933AFE69F8CD2A2F038022F28ED489E135A7CE4554F9BBEA85E68DB53CAB255FEC71496F19FA6A0B42F8B3DEE6673C0F318E4497096AD7DC5F52C33
310
EEB55BFE0D504B010214000A0000080000CC70623B3DEE336E79000000790000001B00000000000000000000000000000000006175746F6465736B2D64657369676E2D7061636B6167652E786D6C504B01021400140006080800CC70623BD486FD9CA0000000F40000001300000000000000000000000000B20000005B436F
310
6E74656E745F54797065735D2E786D6C504B01021400140006080800CC70623BD9DDAED0EC0000007C010000080000000000000000000000000083010000636F72652E786D6C504B01021400140006080800CC70623B55019EA25F0000007C000000070000000000000000000000000095020000636E782E786D6C504B0102
310
1400140006080800CC70623BA24EB22D72010000D40300000C00000000000000000000000000190300006662782F636F72652E786D6C504B01021400140006080800CC70623B408A7D3B7C0000009D0000000B00000000000000000000000000B50400006662782F636E782E786D6C504B01021400140006080800CC70623B
310
449FB9BD290100001202000031000000000000000000000000005A0500006662782F36394639363044362D344446342D343946362D394244322D3234314243333846323333332F636F72652E786D6C504B01021400140006080800CC70623BAD7543B64E010000330300003000000000000000000000000000D20600006662
310
782F36394639363044362D344446342D343946362D394244322D3234314243333846323333332F636E782E786D6C504B01021400140006080800CC70623B8D05915C650500003B10000034000000000000000000000000006E0800006662782F36394639363044362D344446342D343946362D394244322D32343142433338
310
46323333332F6F626A656374732E786D6C504B01021400140006080000CC70623B0000000000000000000000003500000000000000000000000000250E00006662782F36394639363044362D344446342D343946362D394244322D3234314243333846323333332F76657274696365732E62696E504B010214001400060808
310
00CC70623BF270F13306000000040000003600000000000000000000000000780E00006662782F36394639363044362D344446342D343946362D394244322D3234314243333846323333332F747269616E676C65732E62696E504B01021400140006080000CC70623B00000000000000000000000037000000000000000000
310
00000000D20E00006662782F36394639363044362D344446342D343946362D394244322D3234314243333846323333332F617474726962757465732E62696E504B01021400140006080800CC70623B08DA0BD190000000410100003600000000000000000000000000270F00006662782F36394639363044362D344446342D
310
343946362D394244322D3234314243333846323333332F6469726563746F72792E786D6C504B01021400140006080800CC70623BCA768048FE000000A00100003B000000000000000000000000000B1000006662782F36394639363044362D344446342D343946362D394244322D3234314243333846323333332F7265736F
310
75726365732F636F72652E786D6C504B0506000000000E000E0080040000621100000000
  0
XRECORD
  5
176
102
{ACAD_REACTORS
330
173
102
}
330
173
100
AcDbXrecord
280
1
270
1
271
1
  0
XRECORD
  5
177
102
{ACAD_REACTORS
330
173
102
}
330
173
100
AcDbXrecord
280
1
270
1
271
1
  0
CELLSTYLEMAP
  5
CF5
102
{ACAD_REACTORS
330
162
102
}
330
162
100
AcDbCellStyleMap
 90
3
300
CELLSTYLE
  1
TABLEFORMAT_BEGIN
 90
5
170
1
 91
0
 92
32768
 62
257
 93
1
300
CONTENTFORMAT
  1
CONTENTFORMAT_BEGIN
 90
0
 91
0
 92
512
 93
0
300

 40
0.0
140
1.0
 94
5
 62
0
340
11
144
6.0
309
CONTENTFORMAT_END
171
1
301
MARGIN
  1
CELLMARGIN_BEGIN
 40
1.5
 40
1.5
 40
1.5
 40
1.5
 40
4.5
 40
4.5
309
CELLMARGIN_END
 94
6
 95
1
302
GRIDFORMAT
  1
GRIDFORMAT_BEGIN
 90
0
 91
1
 62
0
 92
-2
340
14
 93
0
 40
1.125
309
GRIDFORMAT_END
 95
2
302
GRIDFORMAT
  1
GRIDFORMAT_BEGIN
 90
0
 91
1
 62
0
 92
-2
340
14
 93
0
 40
1.125
309
GRIDFORMAT_END
 95
4
302
GRIDFORMAT
  1
GRIDFORMAT_BEGIN
 90
0
 91
1
 62
0
 92
-2
340
14
 93
0
 40
1.125
309
GRIDFORMAT_END
 95
8
302
GRIDFORMAT
  1
GRIDFORMAT_BEGIN
 90
0
 91
1
 62
0
 92
-2
340
14
 93
0
 40
1.125
309
GRIDFORMAT_END
 95
16
302
GRIDFORMAT
  1
GRIDFORMAT_BEGIN
 90
0
 91
1
 62
0
 92
-2
340
14
 93
0
 40
1.125
309
GRIDFORMAT_END
 95
32
302
GRIDFORMAT
  1
GRIDFORMAT_BEGIN
 90
0
 91
1
 62
0
 92
-2
340
14
 93
0
 40
1.125
309
GRIDFORMAT_END
309
TABLEFORMAT_END
  1
CELLSTYLE_BEGIN
 90
1
 91
1
300
_TITLE
309
CELLSTYLE_END
300
CELLSTYLE
  1
TABLEFORMAT_BEGIN
 90
5
170
1
 91
0
 92
0
 62
257
 93
1
300
CONTENTFORMAT
  1
CONTENTFORMAT_BEGIN
 90
0
 91
0
 92
512
 93
0
300

 40
0.0
140
1.0
 94
5
 62
0
340
11
144
4.5
309
CONTENTFORMAT_END
171
1
301
MARGIN
  1
CELLMARGIN_BEGIN
 40
1.5
 40
1.5
 40
1.5
 40
1.5
 40
4.5
 40
4.5
309
CELLMARGIN_END
 94
6
 95
1
302
GRIDFORMAT
  1
GRIDFORMAT_BEGIN
 90
0
 91
1
 62
0
 92
-2
340
14
 93
0
 40
1.125
309
GRIDFORMAT_END
 95
2
302
GRIDFORMAT
  1
GRIDFORMAT_BEGIN
 90
0
 91
1
 62
0
 92
-2
340
14
 93
0
 40
1.125
309
GRIDFORMAT_END
 95
4
302
GRIDFORMAT
  1
GRIDFORMAT_BEGIN
 90
0
 91
1
 62
0
 92
-2
340
14
 93
0
 40
1.125
309
GRIDFORMAT_END
 95
8
302
GRIDFORMAT
  1
GRIDFORMAT_BEGIN
 90
0
 91
1
 62
0
 92
-2
340
14
 93
0
 40
1.125
309
GRIDFORMAT_END
 95
16
302
GRIDFORMAT
  1
GRIDFORMAT_BEGIN
 90
0
 91
1
 62
0
 92
-2
340
14
 93
0
 40
1.125
309
GRIDFORMAT_END
 95
32
302
GRIDFORMAT
  1
GRIDFORMAT_BEGIN
 90
0
 91
1
 62
0
 92
-2
340
14
 93
0
 40
1.125
309
GRIDFORMAT_END
309
TABLEFORMAT_END
  1
CELLSTYLE_BEGIN
 90
2
 91
1
300
_HEADER
309
CELLSTYLE_END
300
CELLSTYLE
  1
TABLEFORMAT_BEGIN
 90
5
170
1
 91
0
 92
0
 62
257
 93
1
300
CONTENTFORMAT
  1
CONTENTFORMAT_BEGIN
 90
0
 91
0
 92
512
 93
0
300

 40
0.0
140
1.0
 94
2
 62
0
340
11
144
4.5
309
CONTENTFORMAT_END
171
1
301
MARGIN
  1
CELLMARGIN_BEGIN
 40
1.5
 40
1.5
 40
1.5
 40
1.5
 40
4.5
 40
4.5
309
CELLMARGIN_END
 94
6
 95
1
302
GRIDFORMAT
  1
GRIDFORMAT_BEGIN
 90
0
 91
1
 62
0
 92
-2
340
14
 93
0
 40
1.125
309
GRIDFORMAT_END
 95
2
302
GRIDFORMAT
  1
GRIDFORMAT_BEGIN
 90
0
 91
1
 62
0
 92
-2
340
14
 93
0
 40
1.125
309
GRIDFORMAT_END
 95
4
302
GRIDFORMAT
  1
GRIDFORMAT_BEGIN
 90
0
 91
1
 62
0
 92
-2
340
14
 93
0
 40
1.125
309
GRIDFORMAT_END
 95
8
302
GRIDFORMAT
  1
GRIDFORMAT_BEGIN
 90
0
 91
1
 62
0
 92
-2
340
14
 93
0
 40
1.125
309
GRIDFORMAT_END
 95
16
302
GRIDFORMAT
  1
GRIDFORMAT_BEGIN
 90
0
 91
1
 62
0
 92
-2
340
14
 93
0
 40
1.125
309
GRIDFORMAT_END
 95
32
302
GRIDFORMAT
  1
GRIDFORMAT_BEGIN
 90
0
 91
1
 62
0
 92
-2
340
14
 93
0
 40
1.125
309
GRIDFORMAT_END
309
TABLEFORMAT_END
  1
CELLSTYLE_BEGIN
 90
3
 91
2
300
_DATA
309
CELLSTYLE_END
  0
DICTIONARY
  5
D73
330
C
100
AcDbDictionary
280
1
281
1
  3
WRITTEN_BY_EZDXF
350
D74
  0
DICTIONARYVAR
  5
D74
330
D73
100
DictionaryVariables
280
0
  1
1.4.4 @ 2026-08-08T15:18:07.908273+00:00
  0
ENDSEC
  0
SECTION
  2
ACDSDATA
 70
2
 71
8
  0
ACDSSCHEMA
 90
0
  1
AcDb_Thumbnail_Schema
  2
AcDbDs::ID
280
10
 91
8
  2
Thumbnail_Data
280
15
 91
0
101
ACDSRECORD
 95
0
 90
1
  2
AcDbDs::TreatedAsObjectData
280
1
291
1
101
ACDSRECORD
 95
0
 90
2
  2
AcDbDs::Legacy
280
1
291
1
101
ACDSRECORD
  1
AcDbDs::ID
 90
3
  2
AcDs:Indexable
280
1
291
1
101
ACDSRECORD
  1
AcDbDs::ID
 90
4
  2
AcDbDs::HandleAttribute
280
7
282
1
  0
ACDSSCHEMA
 90
1
  1
AcDbDs::TreatedAsObjectDataSchema
  2
AcDbDs::TreatedAsObjectData
280
1
 91
0
  0
ACDSSCHEMA
 90
2
  1
AcDbDs::LegacySchema
  2
AcDbDs::Legacy
280
1
 91
0
  0
ACDSSCHEMA
 90
3
  1
AcDbDs::IndexedPropertySchema
  2
AcDs:Indexable
280
1
 91
0
  0
ACDSSCHEMA
 90
4
  1
AcDbDs::HandleAttributeSchema
  2
AcDbDs::HandleAttribute
280
7
 91
1
284
1
  0
ACDSRECORD
 90
0
  2
AcDbDs::ID
280
10
320
22
  2
Thumbnail_Data
280
15
 94
1993
310
89504E470D0A1A0A0000000D4948445200000100000000CB0803000000B6F4BD9700000300504C5445212830FFFFFF2128300000000000000000000000000000000000000000000000000000330000660000990000CC0000FF0033000033330033660033990033CC0033FF0066000066330066660066990066CC0066FF0099
310
000099330099660099990099CC0099FF00CC0000CC3300CC6600CC9900CCCC00CCFF00FF0000FF3300FF6600FF9900FFCC00FFFF3300003300333300663300993300CC3300FF3333003333333333663333993333CC3333FF3366003366333366663366993366CC3366FF3399003399333399663399993399CC3399FF33CC00
310
33CC3333CC6633CC9933CCCC33CCFF33FF0033FF3333FF6633FF9933FFCC33FFFF6600006600336600666600996600CC6600FF6633006633336633666633996633CC6633FF6666006666336666666666996666CC6666FF6699006699336699666699996699CC6699FF66CC0066CC3366CC6666CC9966CCCC66CCFF66FF0066
310
FF3366FF6666FF9966FFCC66FFFF9900009900339900669900999900CC9900FF9933009933339933669933999933CC9933FF9966009966339966669966999966CC9966FF9999009999339999669999999999CC9999FF99CC0099CC3399CC6699CC9999CCCC99CCFF99FF0099FF3399FF6699FF9999FFCC99FFFFCC0000CC00
310
33CC0066CC0099CC00CCCC00FFCC3300CC3333CC3366CC3399CC33CCCC33FFCC6600CC6633CC6666CC6699CC66CCCC66FFCC9900CC9933CC9966CC9999CC99CCCC99FFCCCC00CCCC33CCCC66CCCC99CCCCCCCCCCFFCCFF00CCFF33CCFF66CCFF99CCFFCCCCFFFFFF0000FF0033FF0066FF0099FF00CCFF00FFFF3300FF3333
310
FF3366FF3399FF33CCFF33FFFF6600FF6633FF6666FF6699FF66CCFF66FFFF9900FF9933FF9966FF9999FF99CCFF99FFFFCC00FFCC33FFCC66FFCC99FFCCCCFFCCFFFFFF00FFFF33FFFF66FFFF99FFFFCCFFFFFF0000000D0D0D1A1A1A2828283535354343435050505D5D5D6B6B6B787878868686939393A1A1A1AEAEAEBB
310
BBBBC9C9C9D6D6D6E4E4E4F1F1F1FFFFFF0000000000000000000000000000000000000000000000000000000000002E4550F1000003384944415478DAEDDD5B768320108061F6BFA8EE88737899F746E5325E8226A841F889B1464D1C3F07C5D45A634E2DAEF0FDF27A7C34A713337F8B7C37581D80C4A206C7976703D87A
310
CA6F00EACC00C9949301A4B672C829CEDB5A061C0CCAAF3500000000000000000040530087A202000000DA053812160000B40C70202E00DA06D80F0C00FFB560AB00BB91B59E0100EC850640F3003BB17500900F0E800E00B2D17501900BAF0F804C7C9D00BC0FB01780B7117603F02EC47E00DEC4D811C076905502D86B00
310
36A3EC0AC06C5C375517C09F2F57016C10F406B022E80F6041503380BD83E04C00575C02C0F4CABAEB8A4818183B77D785A98733405EDBFFBA0C98B260BA7E3A65C095AD9AF5E1588CBAC2585D66FC37F4EC6B92535733A779A6D97DDFA8BE7C1779D8743F0248FCD39618B6BEBC3AB1C3C38E4FFF43FC0B895D9C65EC44CD
310
FFC5D5F5F70248587749FBA3B807F2E3A6354A01C96C72ECFBF1212F4A36CA2F00FC2FA6E28AA5751905C42CAB40C4D0C3FE33E54900625245565520A5825559BFAC02D3B0CCC64FB5A6A00ADC79149048E0B37603603C0E58D9AE02AAF3DBDDEFCD8B33E0EA6D1F0152EA9AB41B8EC7A5F1993F0A2C2A8D7914C0D1EF03EC
310
8D4B03A046000300007D01A43F740C67086676B413D9987E52CC3500A856D1D077FA3C4174FBC0AC1A116D01E8637E5847999D4585E64061FBBF3200D58C097FCA1B00F4FAEB167461FBBF2E0075623E59B86506ACBFC66A0A60DECC9778BEA0F701268E3767B4FF2B050859EF4C0090D91758617A79FB9F76000000000000
310
0000000000000000000000000000000000000000000000000000000000000000000000000000000000000000000000000000000000000000000000000000000000000000D01EC079374524030000000000FA04902797533260E75F99E426AFEFD7EC329FB9FB59071775761500209761929DFC3140FEB30E2E8A0C0080A3C0
310
A294DCB1FED1ED805F2C1080CE003EBD0FB7BB71597181F6C235BE14A0705900DC00F0F1CDE8DD8DCBBA06E0893B4100000000000000000000000000000000000000000000000000000000000000000000000000000000000000000000000000000000000000000000000000000000000000F0E51FA6135D7E909193530000
310
000049454E44AE426082B663C07FCDAD7A294D5E4956AA00F3208BE71189009065E5A607E05401AA80A901CC5E04970CFE01E2894E818900F54A0000000049454E44AE42608219801200D565107E184016F97E0C00CC07A0DF0F809618200004C02800B31600D9BE9905E00F93C93E710F7F021180CB41FFFEE80D00F13951
310
371A48CDDBC89835592BEED9D5410F608A3F0578E6596AA1FD48002DF3C115CDC9F5351EA0F5CF7880AD986F0E3087A85B3CD5D857847C33DA74373003C0CB3CC0BC9F07B4E6500700604DD2F7F200CB3630DA43AB04C04B01884422D1AFEBAE83BFF02A9E0ECDB10F8BEC6FD27735605BDFF5D20EAEB6BFB7D00F40EBFBFD
310
AE6FB79B767AFC6B6AE716DBDFC7EF5BD85BE970D1ED67E9145B6C7F6BE13ED6825EDCBFD5F69FD1824824128944229148241289442291482412894422914824FA44FD032FDA1F3E1C0F38980000000049454E44AE426082
  0
ENDSEC
  0
EOF
